[2026-07-15 14:56:38] local.ERROR: SQLSTATE[42S02]: Base table or view not found: 1146 Table 'hospital-management.sliders' doesn't exist (Connection: mysql, SQL: select * from `sliders` where `is_active` = 1 order by `sort_order` asc) {"exception":"[object] (Illuminate\\Database\\QueryException(code: 42S02): SQLSTATE[42S02]: Base table or view not found: 1146 Table 'hospital-management.sliders' doesn't exist (Connection: mysql, SQL: select * from `sliders` where `is_active` = 1 order by `sort_order` asc) at D:/laragon-new/laragon/www/hospital-management/vendor/laravel/framework/src/Illuminate/Database/Connection.php:829)
[stacktrace]
#0 D:/laragon-new/laragon/www/hospital-management/vendor/laravel/framework/src/Illuminate/Database/Connection.php(783): Illuminate/Database/Connection->runQueryCallback()
#1 D:/laragon-new/laragon/www/hospital-management/vendor/laravel/framework/src/Illuminate/Database/Connection.php(414): Illuminate/Database/Connection->run()
#2 D:/laragon-new/laragon/www/hospital-management/vendor/laravel/framework/src/Illuminate/Database/Query/Builder.php(2913): Illuminate/Database/Connection->select()
#3 D:/laragon-new/laragon/www/hospital-management/vendor/laravel/framework/src/Illuminate/Database/Query/Builder.php(2902): Illuminate/Database/Query/Builder->runSelect()
#4 D:/laragon-new/laragon/www/hospital-management/vendor/laravel/framework/src/Illuminate/Database/Query/Builder.php(3456): Illuminate/Database/Query/Builder->{closure:Illuminate/Database/Query/Builder::get():2901}()
#5 D:/laragon-new/laragon/www/hospital-management/vendor/laravel/framework/src/Illuminate/Database/Query/Builder.php(2901): Illuminate/Database/Query/Builder->onceWithColumns()
#6 D:/laragon-new/laragon/www/hospital-management/vendor/laravel/framework/src/Illuminate/Database/Eloquent/Builder.php(739): Illuminate/Database/Query/Builder->get()
#7 D:/laragon-new/laragon/www/hospital-management/vendor/laravel/framework/src/Illuminate/Database/Eloquent/Builder.php(723): Illuminate/Database/Eloquent/Builder->getModels()
#8 D:/laragon-new/laragon/www/hospital-management/app/Http/Controllers/FrontendController.php(32): Illuminate/Database/Eloquent/Builder->get()
#9 D:/laragon-new/laragon/www/hospital-management/vendor/laravel/framework/src/Illuminate/Routing/Controller.php(54): App/Http/Controllers/FrontendController->home()
#10 D:/laragon-new/laragon/www/hospital-management/vendor/laravel/framework/src/Illuminate/Routing/ControllerDispatcher.php(43): Illuminate/Routing/Controller->callAction()
#11 D:/laragon-new/laragon/www/hospital-management/vendor/laravel/framework/src/Illuminate/Routing/Route.php(259): Illuminate/Routing/ControllerDispatcher->dispatch()
#12 D:/laragon-new/laragon/www/hospital-management/vendor/laravel/framework/src/Illuminate/Routing/Route.php(205): Illuminate/Routing/Route->runController()
#13 D:/laragon-new/laragon/www/hospital-management/vendor/laravel/framework/src/Illuminate/Routing/Router.php(806): Illuminate/Routing/Route->run()
#14 D:/laragon-new/laragon/www/hospital-management/vendor/laravel/framework/src/Illuminate/Pipeline/Pipeline.php(144): Illuminate/Routing/Router->{closure:Illuminate/Routing/Router::runRouteWithinStack():805}()
#15 D:/laragon-new/laragon/www/hospital-management/vendor/laravel/framework/src/Illuminate/Http/Middleware/AddLinkHeadersForPreloadedAssets.php(20): Illuminate/Pipeline/Pipeline->{closure:Illuminate/Pipeline/Pipeline::prepareDestination():142}()
#16 D:/laragon-new/laragon/www/hospital-management/vendor/laravel/framework/src/Illuminate/Pipeline/Pipeline.php(183): Illuminate/Http/Middleware/AddLinkHeadersForPreloadedAssets->handle()
#17 D:/laragon-new/laragon/www/hospital-management/vendor/inertiajs/inertia-laravel/src/Middleware.php(87): Illuminate/Pipeline/Pipeline->{closure:{closure:Illuminate/Pipeline/Pipeline::carry():158}:159}()
#18 D:/laragon-new/laragon/www/hospital-management/vendor/laravel/framework/src/Illuminate/Pipeline/Pipeline.php(183): Inertia/Middleware->handle()
#19 D:/laragon-new/laragon/www/hospital-management/vendor/laravel/framework/src/Illuminate/Routing/Middleware/SubstituteBindings.php(50): Illuminate/Pipeline/Pipeline->{closure:{closure:Illuminate/Pipeline/Pipeline::carry():158}:159}()
#20 D:/laragon-new/laragon/www/hospital-management/vendor/laravel/framework/src/Illuminate/Pipeline/Pipeline.php(183): Illuminate/Routing/Middleware/SubstituteBindings->handle()
#21 D:/laragon-new/laragon/www/hospital-management/vendor/laravel/framework/src/Illuminate/Foundation/Http/Middleware/VerifyCsrfToken.php(78): Illuminate/Pipeline/Pipeline->{closure:{closure:Illuminate/Pipeline/Pipeline::carry():158}:159}()
#22 D:/laragon-new/laragon/www/hospital-management/vendor/laravel/framework/src/Illuminate/Pipeline/Pipeline.php(183): Illuminate/Foundation/Http/Middleware/VerifyCsrfToken->handle()
#23 D:/laragon-new/laragon/www/hospital-management/vendor/laravel/framework/src/Illuminate/View/Middleware/ShareErrorsFromSession.php(49): Illuminate/Pipeline/Pipeline->{closure:{closure:Illuminate/Pipeline/Pipeline::carry():158}:159}()
#24 D:/laragon-new/laragon/www/hospital-management/vendor/laravel/framework/src/Illuminate/Pipeline/Pipeline.php(183): Illuminate/View/Middleware/ShareErrorsFromSession->handle()
#25 D:/laragon-new/laragon/www/hospital-management/vendor/laravel/framework/src/Illuminate/Session/Middleware/StartSession.php(121): Illuminate/Pipeline/Pipeline->{closure:{closure:Illuminate/Pipeline/Pipeline::carry():158}:159}()
#26 D:/laragon-new/laragon/www/hospital-management/vendor/laravel/framework/src/Illuminate/Session/Middleware/StartSession.php(64): Illuminate/Session/Middleware/StartSession->handleStatefulRequest()
#27 D:/laragon-new/laragon/www/hospital-management/vendor/laravel/framework/src/Illuminate/Pipeline/Pipeline.php(183): Illuminate/Session/Middleware/StartSession->handle()
#28 D:/laragon-new/laragon/www/hospital-management/vendor/laravel/framework/src/Illuminate/Cookie/Middleware/AddQueuedCookiesToResponse.php(37): Illuminate/Pipeline/Pipeline->{closure:{closure:Illuminate/Pipeline/Pipeline::carry():158}:159}()
#29 D:/laragon-new/laragon/www/hospital-management/vendor/laravel/framework/src/Illuminate/Pipeline/Pipeline.php(183): Illuminate/Cookie/Middleware/AddQueuedCookiesToResponse->handle()
#30 D:/laragon-new/laragon/www/hospital-management/vendor/laravel/framework/src/Illuminate/Cookie/Middleware/EncryptCookies.php(67): Illuminate/Pipeline/Pipeline->{closure:{closure:Illuminate/Pipeline/Pipeline::carry():158}:159}()
#31 D:/laragon-new/laragon/www/hospital-management/vendor/laravel/framework/src/Illuminate/Pipeline/Pipeline.php(183): Illuminate/Cookie/Middleware/EncryptCookies->handle()
#32 D:/laragon-new/laragon/www/hospital-management/vendor/laravel/framework/src/Illuminate/Pipeline/Pipeline.php(119): Illuminate/Pipeline/Pipeline->{closure:{closure:Illuminate/Pipeline/Pipeline::carry():158}:159}()
#33 D:/laragon-new/laragon/www/hospital-management/vendor/laravel/framework/src/Illuminate/Routing/Router.php(805): Illuminate/Pipeline/Pipeline->then()
#34 D:/laragon-new/laragon/www/hospital-management/vendor/laravel/framework/src/Illuminate/Routing/Router.php(784): Illuminate/Routing/Router->runRouteWithinStack()
#35 D:/laragon-new/laragon/www/hospital-management/vendor/laravel/framework/src/Illuminate/Routing/Router.php(748): Illuminate/Routing/Router->runRoute()
#36 D:/laragon-new/laragon/www/hospital-management/vendor/laravel/framework/src/Illuminate/Routing/Router.php(737): Illuminate/Routing/Router->dispatchToRoute()
#37 D:/laragon-new/laragon/www/hospital-management/vendor/laravel/framework/src/Illuminate/Foundation/Http/Kernel.php(200): Illuminate/Routing/Router->dispatch()
#38 D:/laragon-new/laragon/www/hospital-management/vendor/laravel/framework/src/Illuminate/Pipeline/Pipeline.php(144): Illuminate/Foundation/Http/Kernel->{closure:Illuminate/Foundation/Http/Kernel::dispatchToRouter():197}()
#39 D:/laragon-new/laragon/www/hospital-management/vendor/laravel/framework/src/Illuminate/Foundation/Http/Middleware/TransformsRequest.php(21): Illuminate/Pipeline/Pipeline->{closure:Illuminate/Pipeline/Pipeline::prepareDestination():142}()
#40 D:/laragon-new/laragon/www/hospital-management/vendor/laravel/framework/src/Illuminate/Foundation/Http/Middleware/ConvertEmptyStringsToNull.php(31): Illuminate/Foundation/Http/Middleware/TransformsRequest->handle()
#41 D:/laragon-new/laragon/www/hospital-management/vendor/laravel/framework/src/Illuminate/Pipeline/Pipeline.php(183): Illuminate/Foundation/Http/Middleware/ConvertEmptyStringsToNull->handle()
#42 D:/laragon-new/laragon/www/hospital-management/vendor/laravel/framework/src/Illuminate/Foundation/Http/Middleware/TransformsRequest.php(21): Illuminate/Pipeline/Pipeline->{closure:{closure:Illuminate/Pipeline/Pipeline::carry():158}:159}()
#43 D:/laragon-new/laragon/www/hospital-management/vendor/laravel/framework/src/Illuminate/Foundation/Http/Middleware/TrimStrings.php(40): Illuminate/Foundation/Http/Middleware/TransformsRequest->handle()
#44 D:/laragon-new/laragon/www/hospital-management/vendor/laravel/framework/src/Illuminate/Pipeline/Pipeline.php(183): Illuminate/Foundation/Http/Middleware/TrimStrings->handle()
#45 D:/laragon-new/laragon/www/hospital-management/vendor/laravel/framework/src/Illuminate/Foundation/Http/Middleware/ValidatePostSize.php(27): Illuminate/Pipeline/Pipeline->{closure:{closure:Illuminate/Pipeline/Pipeline::carry():158}:159}()
#46 D:/laragon-new/laragon/www/hospital-management/vendor/laravel/framework/src/Illuminate/Pipeline/Pipeline.php(183): Illuminate/Foundation/Http/Middleware/ValidatePostSize->handle()
#47 D:/laragon-new/laragon/www/hospital-management/vendor/laravel/framework/src/Illuminate/Foundation/Http/Middleware/PreventRequestsDuringMaintenance.php(99): Illuminate/Pipeline/Pipeline->{closure:{closure:Illuminate/Pipeline/Pipeline::carry():158}:159}()
#48 D:/laragon-new/laragon/www/hospital-management/vendor/laravel/framework/src/Illuminate/Pipeline/Pipeline.php(183): Illuminate/Foundation/Http/Middleware/PreventRequestsDuringMaintenance->handle()
#49 D:/laragon-new/laragon/www/hospital-management/vendor/laravel/framework/src/Illuminate/Http/Middleware/HandleCors.php(49): Illuminate/Pipeline/Pipeline->{closure:{closure:Illuminate/Pipeline/Pipeline::carry():158}:159}()
#50 D:/laragon-new/laragon/www/hospital-management/vendor/laravel/framework/src/Illuminate/Pipeline/Pipeline.php(183): Illuminate/Http/Middleware/HandleCors->handle()
#51 D:/laragon-new/laragon/www/hospital-management/vendor/laravel/framework/src/Illuminate/Http/Middleware/TrustProxies.php(39): Illuminate/Pipeline/Pipeline->{closure:{closure:Illuminate/Pipeline/Pipeline::carry():158}:159}()
#52 D:/laragon-new/laragon/www/hospital-management/vendor/laravel/framework/src/Illuminate/Pipeline/Pipeline.php(183): Illuminate/Http/Middleware/TrustProxies->handle()
#53 D:/laragon-new/laragon/www/hospital-management/vendor/laravel/framework/src/Illuminate/Pipeline/Pipeline.php(119): Illuminate/Pipeline/Pipeline->{closure:{closure:Illuminate/Pipeline/Pipeline::carry():158}:159}()
#54 D:/laragon-new/laragon/www/hospital-management/vendor/laravel/framework/src/Illuminate/Foundation/Http/Kernel.php(175): Illuminate/Pipeline/Pipeline->then()
#55 D:/laragon-new/laragon/www/hospital-management/vendor/laravel/framework/src/Illuminate/Foundation/Http/Kernel.php(144): Illuminate/Foundation/Http/Kernel->sendRequestThroughRouter()
#56 D:/laragon-new/laragon/www/hospital-management/public/index.php(55): Illuminate/Foundation/Http/Kernel->handle()
#57 D:/laragon-new/laragon/www/hospital-management/vendor/laravel/framework/src/Illuminate/Foundation/resources/server.php(16): require_once('...')
#58 {main}

[previous exception] [object] (PDOException(code: 42S02): SQLSTATE[42S02]: Base table or view not found: 1146 Table 'hospital-management.sliders' doesn't exist at D:/laragon-new/laragon/www/hospital-management/vendor/laravel/framework/src/Illuminate/Database/Connection.php:423)
[stacktrace]
#0 D:/laragon-new/laragon/www/hospital-management/vendor/laravel/framework/src/Illuminate/Database/Connection.php(423): PDO->prepare()
#1 D:/laragon-new/laragon/www/hospital-management/vendor/laravel/framework/src/Illuminate/Database/Connection.php(816): Illuminate/Database/Connection->{closure:Illuminate/Database/Connection::select():414}()
#2 D:/laragon-new/laragon/www/hospital-management/vendor/laravel/framework/src/Illuminate/Database/Connection.php(783): Illuminate/Database/Connection->runQueryCallback()
#3 D:/laragon-new/laragon/www/hospital-management/vendor/laravel/framework/src/Illuminate/Database/Connection.php(414): Illuminate/Database/Connection->run()
#4 D:/laragon-new/laragon/www/hospital-management/vendor/laravel/framework/src/Illuminate/Database/Query/Builder.php(2913): Illuminate/Database/Connection->select()
#5 D:/laragon-new/laragon/www/hospital-management/vendor/laravel/framework/src/Illuminate/Database/Query/Builder.php(2902): Illuminate/Database/Query/Builder->runSelect()
#6 D:/laragon-new/laragon/www/hospital-management/vendor/laravel/framework/src/Illuminate/Database/Query/Builder.php(3456): Illuminate/Database/Query/Builder->{closure:Illuminate/Database/Query/Builder::get():2901}()
#7 D:/laragon-new/laragon/www/hospital-management/vendor/laravel/framework/src/Illuminate/Database/Query/Builder.php(2901): Illuminate/Database/Query/Builder->onceWithColumns()
#8 D:/laragon-new/laragon/www/hospital-management/vendor/laravel/framework/src/Illuminate/Database/Eloquent/Builder.php(739): Illuminate/Database/Query/Builder->get()
#9 D:/laragon-new/laragon/www/hospital-management/vendor/laravel/framework/src/Illuminate/Database/Eloquent/Builder.php(723): Illuminate/Database/Eloquent/Builder->getModels()
#10 D:/laragon-new/laragon/www/hospital-management/app/Http/Controllers/FrontendController.php(32): Illuminate/Database/Eloquent/Builder->get()
#11 D:/laragon-new/laragon/www/hospital-management/vendor/laravel/framework/src/Illuminate/Routing/Controller.php(54): App/Http/Controllers/FrontendController->home()
#12 D:/laragon-new/laragon/www/hospital-management/vendor/laravel/framework/src/Illuminate/Routing/ControllerDispatcher.php(43): Illuminate/Routing/Controller->callAction()
#13 D:/laragon-new/laragon/www/hospital-management/vendor/laravel/framework/src/Illuminate/Routing/Route.php(259): Illuminate/Routing/ControllerDispatcher->dispatch()
#14 D:/laragon-new/laragon/www/hospital-management/vendor/laravel/framework/src/Illuminate/Routing/Route.php(205): Illuminate/Routing/Route->runController()
#15 D:/laragon-new/laragon/www/hospital-management/vendor/laravel/framework/src/Illuminate/Routing/Router.php(806): Illuminate/Routing/Route->run()
#16 D:/laragon-new/laragon/www/hospital-management/vendor/laravel/framework/src/Illuminate/Pipeline/Pipeline.php(144): Illuminate/Routing/Router->{closure:Illuminate/Routing/Router::runRouteWithinStack():805}()
#17 D:/laragon-new/laragon/www/hospital-management/vendor/laravel/framework/src/Illuminate/Http/Middleware/AddLinkHeadersForPreloadedAssets.php(20): Illuminate/Pipeline/Pipeline->{closure:Illuminate/Pipeline/Pipeline::prepareDestination():142}()
#18 D:/laragon-new/laragon/www/hospital-management/vendor/laravel/framework/src/Illuminate/Pipeline/Pipeline.php(183): Illuminate/Http/Middleware/AddLinkHeadersForPreloadedAssets->handle()
#19 D:/laragon-new/laragon/www/hospital-management/vendor/inertiajs/inertia-laravel/src/Middleware.php(87): Illuminate/Pipeline/Pipeline->{closure:{closure:Illuminate/Pipeline/Pipeline::carry():158}:159}()
#20 D:/laragon-new/laragon/www/hospital-management/vendor/laravel/framework/src/Illuminate/Pipeline/Pipeline.php(183): Inertia/Middleware->handle()
#21 D:/laragon-new/laragon/www/hospital-management/vendor/laravel/framework/src/Illuminate/Routing/Middleware/SubstituteBindings.php(50): Illuminate/Pipeline/Pipeline->{closure:{closure:Illuminate/Pipeline/Pipeline::carry():158}:159}()
#22 D:/laragon-new/laragon/www/hospital-management/vendor/laravel/framework/src/Illuminate/Pipeline/Pipeline.php(183): Illuminate/Routing/Middleware/SubstituteBindings->handle()
#23 D:/laragon-new/laragon/www/hospital-management/vendor/laravel/framework/src/Illuminate/Foundation/Http/Middleware/VerifyCsrfToken.php(78): Illuminate/Pipeline/Pipeline->{closure:{closure:Illuminate/Pipeline/Pipeline::carry():158}:159}()
#24 D:/laragon-new/laragon/www/hospital-management/vendor/laravel/framework/src/Illuminate/Pipeline/Pipeline.php(183): Illuminate/Foundation/Http/Middleware/VerifyCsrfToken->handle()
#25 D:/laragon-new/laragon/www/hospital-management/vendor/laravel/framework/src/Illuminate/View/Middleware/ShareErrorsFromSession.php(49): Illuminate/Pipeline/Pipeline->{closure:{closure:Illuminate/Pipeline/Pipeline::carry():158}:159}()
#26 D:/laragon-new/laragon/www/hospital-management/vendor/laravel/framework/src/Illuminate/Pipeline/Pipeline.php(183): Illuminate/View/Middleware/ShareErrorsFromSession->handle()
#27 D:/laragon-new/laragon/www/hospital-management/vendor/laravel/framework/src/Illuminate/Session/Middleware/StartSession.php(121): Illuminate/Pipeline/Pipeline->{closure:{closure:Illuminate/Pipeline/Pipeline::carry():158}:159}()
#28 D:/laragon-new/laragon/www/hospital-management/vendor/laravel/framework/src/Illuminate/Session/Middleware/StartSession.php(64): Illuminate/Session/Middleware/StartSession->handleStatefulRequest()
#29 D:/laragon-new/laragon/www/hospital-management/vendor/laravel/framework/src/Illuminate/Pipeline/Pipeline.php(183): Illuminate/Session/Middleware/StartSession->handle()
#30 D:/laragon-new/laragon/www/hospital-management/vendor/laravel/framework/src/Illuminate/Cookie/Middleware/AddQueuedCookiesToResponse.php(37): Illuminate/Pipeline/Pipeline->{closure:{closure:Illuminate/Pipeline/Pipeline::carry():158}:159}()
#31 D:/laragon-new/laragon/www/hospital-management/vendor/laravel/framework/src/Illuminate/Pipeline/Pipeline.php(183): Illuminate/Cookie/Middleware/AddQueuedCookiesToResponse->handle()
#32 D:/laragon-new/laragon/www/hospital-management/vendor/laravel/framework/src/Illuminate/Cookie/Middleware/EncryptCookies.php(67): Illuminate/Pipeline/Pipeline->{closure:{closure:Illuminate/Pipeline/Pipeline::carry():158}:159}()
#33 D:/laragon-new/laragon/www/hospital-management/vendor/laravel/framework/src/Illuminate/Pipeline/Pipeline.php(183): Illuminate/Cookie/Middleware/EncryptCookies->handle()
#34 D:/laragon-new/laragon/www/hospital-management/vendor/laravel/framework/src/Illuminate/Pipeline/Pipeline.php(119): Illuminate/Pipeline/Pipeline->{closure:{closure:Illuminate/Pipeline/Pipeline::carry():158}:159}()
#35 D:/laragon-new/laragon/www/hospital-management/vendor/laravel/framework/src/Illuminate/Routing/Router.php(805): Illuminate/Pipeline/Pipeline->then()
#36 D:/laragon-new/laragon/www/hospital-management/vendor/laravel/framework/src/Illuminate/Routing/Router.php(784): Illuminate/Routing/Router->runRouteWithinStack()
#37 D:/laragon-new/laragon/www/hospital-management/vendor/laravel/framework/src/Illuminate/Routing/Router.php(748): Illuminate/Routing/Router->runRoute()
#38 D:/laragon-new/laragon/www/hospital-management/vendor/laravel/framework/src/Illuminate/Routing/Router.php(737): Illuminate/Routing/Router->dispatchToRoute()
#39 D:/laragon-new/laragon/www/hospital-management/vendor/laravel/framework/src/Illuminate/Foundation/Http/Kernel.php(200): Illuminate/Routing/Router->dispatch()
#40 D:/laragon-new/laragon/www/hospital-management/vendor/laravel/framework/src/Illuminate/Pipeline/Pipeline.php(144): Illuminate/Foundation/Http/Kernel->{closure:Illuminate/Foundation/Http/Kernel::dispatchToRouter():197}()
#41 D:/laragon-new/laragon/www/hospital-management/vendor/laravel/framework/src/Illuminate/Foundation/Http/Middleware/TransformsRequest.php(21): Illuminate/Pipeline/Pipeline->{closure:Illuminate/Pipeline/Pipeline::prepareDestination():142}()
#42 D:/laragon-new/laragon/www/hospital-management/vendor/laravel/framework/src/Illuminate/Foundation/Http/Middleware/ConvertEmptyStringsToNull.php(31): Illuminate/Foundation/Http/Middleware/TransformsRequest->handle()
#43 D:/laragon-new/laragon/www/hospital-management/vendor/laravel/framework/src/Illuminate/Pipeline/Pipeline.php(183): Illuminate/Foundation/Http/Middleware/ConvertEmptyStringsToNull->handle()
#44 D:/laragon-new/laragon/www/hospital-management/vendor/laravel/framework/src/Illuminate/Foundation/Http/Middleware/TransformsRequest.php(21): Illuminate/Pipeline/Pipeline->{closure:{closure:Illuminate/Pipeline/Pipeline::carry():158}:159}()
#45 D:/laragon-new/laragon/www/hospital-management/vendor/laravel/framework/src/Illuminate/Foundation/Http/Middleware/TrimStrings.php(40): Illuminate/Foundation/Http/Middleware/TransformsRequest->handle()
#46 D:/laragon-new/laragon/www/hospital-management/vendor/laravel/framework/src/Illuminate/Pipeline/Pipeline.php(183): Illuminate/Foundation/Http/Middleware/TrimStrings->handle()
#47 D:/laragon-new/laragon/www/hospital-management/vendor/laravel/framework/src/Illuminate/Foundation/Http/Middleware/ValidatePostSize.php(27): Illuminate/Pipeline/Pipeline->{closure:{closure:Illuminate/Pipeline/Pipeline::carry():158}:159}()
#48 D:/laragon-new/laragon/www/hospital-management/vendor/laravel/framework/src/Illuminate/Pipeline/Pipeline.php(183): Illuminate/Foundation/Http/Middleware/ValidatePostSize->handle()
#49 D:/laragon-new/laragon/www/hospital-management/vendor/laravel/framework/src/Illuminate/Foundation/Http/Middleware/PreventRequestsDuringMaintenance.php(99): Illuminate/Pipeline/Pipeline->{closure:{closure:Illuminate/Pipeline/Pipeline::carry():158}:159}()
#50 D:/laragon-new/laragon/www/hospital-management/vendor/laravel/framework/src/Illuminate/Pipeline/Pipeline.php(183): Illuminate/Foundation/Http/Middleware/PreventRequestsDuringMaintenance->handle()
#51 D:/laragon-new/laragon/www/hospital-management/vendor/laravel/framework/src/Illuminate/Http/Middleware/HandleCors.php(49): Illuminate/Pipeline/Pipeline->{closure:{closure:Illuminate/Pipeline/Pipeline::carry():158}:159}()
#52 D:/laragon-new/laragon/www/hospital-management/vendor/laravel/framework/src/Illuminate/Pipeline/Pipeline.php(183): Illuminate/Http/Middleware/HandleCors->handle()
#53 D:/laragon-new/laragon/www/hospital-management/vendor/laravel/framework/src/Illuminate/Http/Middleware/TrustProxies.php(39): Illuminate/Pipeline/Pipeline->{closure:{closure:Illuminate/Pipeline/Pipeline::carry():158}:159}()
#54 D:/laragon-new/laragon/www/hospital-management/vendor/laravel/framework/src/Illuminate/Pipeline/Pipeline.php(183): Illuminate/Http/Middleware/TrustProxies->handle()
#55 D:/laragon-new/laragon/www/hospital-management/vendor/laravel/framework/src/Illuminate/Pipeline/Pipeline.php(119): Illuminate/Pipeline/Pipeline->{closure:{closure:Illuminate/Pipeline/Pipeline::carry():158}:159}()
#56 D:/laragon-new/laragon/www/hospital-management/vendor/laravel/framework/src/Illuminate/Foundation/Http/Kernel.php(175): Illuminate/Pipeline/Pipeline->then()
#57 D:/laragon-new/laragon/www/hospital-management/vendor/laravel/framework/src/Illuminate/Foundation/Http/Kernel.php(144): Illuminate/Foundation/Http/Kernel->sendRequestThroughRouter()
#58 D:/laragon-new/laragon/www/hospital-management/public/index.php(55): Illuminate/Foundation/Http/Kernel->handle()
#59 D:/laragon-new/laragon/www/hospital-management/vendor/laravel/framework/src/Illuminate/Foundation/resources/server.php(16): require_once('...')
#60 {main}
"} 
[2026-07-15 15:01:43] local.ERROR: SQLSTATE[42S02]: Base table or view not found: 1146 Table 'hospital-management.global_settings' doesn't exist (Connection: mysql, SQL: select * from `global_settings` where `key` = site_name limit 1) {"exception":"[object] (Illuminate\\Database\\QueryException(code: 42S02): SQLSTATE[42S02]: Base table or view not found: 1146 Table 'hospital-management.global_settings' doesn't exist (Connection: mysql, SQL: select * from `global_settings` where `key` = site_name limit 1) at D:/laragon-new/laragon/www/hospital-management/vendor/laravel/framework/src/Illuminate/Database/Connection.php:829)
[stacktrace]
#0 D:/laragon-new/laragon/www/hospital-management/vendor/laravel/framework/src/Illuminate/Database/Connection.php(783): Illuminate/Database/Connection->runQueryCallback()
#1 D:/laragon-new/laragon/www/hospital-management/vendor/laravel/framework/src/Illuminate/Database/Connection.php(414): Illuminate/Database/Connection->run()
#2 D:/laragon-new/laragon/www/hospital-management/vendor/laravel/framework/src/Illuminate/Database/Query/Builder.php(2913): Illuminate/Database/Connection->select()
#3 D:/laragon-new/laragon/www/hospital-management/vendor/laravel/framework/src/Illuminate/Database/Query/Builder.php(2902): Illuminate/Database/Query/Builder->runSelect()
#4 D:/laragon-new/laragon/www/hospital-management/vendor/laravel/framework/src/Illuminate/Database/Query/Builder.php(3456): Illuminate/Database/Query/Builder->{closure:Illuminate/Database/Query/Builder::get():2901}()
#5 D:/laragon-new/laragon/www/hospital-management/vendor/laravel/framework/src/Illuminate/Database/Query/Builder.php(2901): Illuminate/Database/Query/Builder->onceWithColumns()
#6 D:/laragon-new/laragon/www/hospital-management/vendor/laravel/framework/src/Illuminate/Database/Eloquent/Builder.php(739): Illuminate/Database/Query/Builder->get()
#7 D:/laragon-new/laragon/www/hospital-management/vendor/laravel/framework/src/Illuminate/Database/Eloquent/Builder.php(723): Illuminate/Database/Eloquent/Builder->getModels()
#8 D:/laragon-new/laragon/www/hospital-management/vendor/laravel/framework/src/Illuminate/Database/Concerns/BuildsQueries.php(333): Illuminate/Database/Eloquent/Builder->get()
#9 D:/laragon-new/laragon/www/hospital-management/app/Models/GlobalSetting.php(15): Illuminate/Database/Eloquent/Builder->first()
#10 D:/laragon-new/laragon/www/hospital-management/app/Http/Middleware/HandleInertiaRequests.php(38): App/Models/GlobalSetting::get()
#11 D:/laragon-new/laragon/www/hospital-management/vendor/laravel/framework/src/Illuminate/Container/BoundMethod.php(36): App/Http/Middleware/HandleInertiaRequests->{closure:App/Http/Middleware/HandleInertiaRequests::share():37}()
#12 D:/laragon-new/laragon/www/hospital-management/vendor/laravel/framework/src/Illuminate/Container/Util.php(41): Illuminate/Container/BoundMethod::{closure:Illuminate/Container/BoundMethod::call():35}()
#13 D:/laragon-new/laragon/www/hospital-management/vendor/laravel/framework/src/Illuminate/Container/BoundMethod.php(81): Illuminate/Container/Util::unwrapIfClosure()
#14 D:/laragon-new/laragon/www/hospital-management/vendor/laravel/framework/src/Illuminate/Container/BoundMethod.php(35): Illuminate/Container/BoundMethod::callBoundMethod()
#15 D:/laragon-new/laragon/www/hospital-management/vendor/laravel/framework/src/Illuminate/Container/Container.php(662): Illuminate/Container/BoundMethod::call()
#16 D:/laragon-new/laragon/www/hospital-management/vendor/laravel/framework/src/Illuminate/Support/Facades/Facade.php(355): Illuminate/Container/Container->call()
#17 D:/laragon-new/laragon/www/hospital-management/vendor/inertiajs/inertia-laravel/src/Response.php(120): Illuminate/Support/Facades/Facade::__callStatic()
#18 D:/laragon-new/laragon/www/hospital-management/vendor/inertiajs/inertia-laravel/src/Response.php(97): Inertia/Response->resolvePropertyInstances()
#19 D:/laragon-new/laragon/www/hospital-management/vendor/laravel/framework/src/Illuminate/Routing/Router.php(900): Inertia/Response->toResponse()
#20 D:/laragon-new/laragon/www/hospital-management/vendor/laravel/framework/src/Illuminate/Routing/Router.php(885): Illuminate/Routing/Router::toResponse()
#21 D:/laragon-new/laragon/www/hospital-management/vendor/laravel/framework/src/Illuminate/Routing/Router.php(805): Illuminate/Routing/Router->prepareResponse()
#22 D:/laragon-new/laragon/www/hospital-management/vendor/laravel/framework/src/Illuminate/Pipeline/Pipeline.php(144): Illuminate/Routing/Router->{closure:Illuminate/Routing/Router::runRouteWithinStack():805}()
#23 D:/laragon-new/laragon/www/hospital-management/app/Http/Middleware/RedirectIfAuthenticated.php(28): Illuminate/Pipeline/Pipeline->{closure:Illuminate/Pipeline/Pipeline::prepareDestination():142}()
#24 D:/laragon-new/laragon/www/hospital-management/vendor/laravel/framework/src/Illuminate/Pipeline/Pipeline.php(183): App/Http/Middleware/RedirectIfAuthenticated->handle()
#25 D:/laragon-new/laragon/www/hospital-management/vendor/laravel/framework/src/Illuminate/Http/Middleware/AddLinkHeadersForPreloadedAssets.php(20): Illuminate/Pipeline/Pipeline->{closure:{closure:Illuminate/Pipeline/Pipeline::carry():158}:159}()
#26 D:/laragon-new/laragon/www/hospital-management/vendor/laravel/framework/src/Illuminate/Pipeline/Pipeline.php(183): Illuminate/Http/Middleware/AddLinkHeadersForPreloadedAssets->handle()
#27 D:/laragon-new/laragon/www/hospital-management/vendor/inertiajs/inertia-laravel/src/Middleware.php(87): Illuminate/Pipeline/Pipeline->{closure:{closure:Illuminate/Pipeline/Pipeline::carry():158}:159}()
#28 D:/laragon-new/laragon/www/hospital-management/vendor/laravel/framework/src/Illuminate/Pipeline/Pipeline.php(183): Inertia/Middleware->handle()
#29 D:/laragon-new/laragon/www/hospital-management/vendor/laravel/framework/src/Illuminate/Routing/Middleware/SubstituteBindings.php(50): Illuminate/Pipeline/Pipeline->{closure:{closure:Illuminate/Pipeline/Pipeline::carry():158}:159}()
#30 D:/laragon-new/laragon/www/hospital-management/vendor/laravel/framework/src/Illuminate/Pipeline/Pipeline.php(183): Illuminate/Routing/Middleware/SubstituteBindings->handle()
#31 D:/laragon-new/laragon/www/hospital-management/vendor/laravel/framework/src/Illuminate/Foundation/Http/Middleware/VerifyCsrfToken.php(78): Illuminate/Pipeline/Pipeline->{closure:{closure:Illuminate/Pipeline/Pipeline::carry():158}:159}()
#32 D:/laragon-new/laragon/www/hospital-management/vendor/laravel/framework/src/Illuminate/Pipeline/Pipeline.php(183): Illuminate/Foundation/Http/Middleware/VerifyCsrfToken->handle()
#33 D:/laragon-new/laragon/www/hospital-management/vendor/laravel/framework/src/Illuminate/View/Middleware/ShareErrorsFromSession.php(49): Illuminate/Pipeline/Pipeline->{closure:{closure:Illuminate/Pipeline/Pipeline::carry():158}:159}()
#34 D:/laragon-new/laragon/www/hospital-management/vendor/laravel/framework/src/Illuminate/Pipeline/Pipeline.php(183): Illuminate/View/Middleware/ShareErrorsFromSession->handle()
#35 D:/laragon-new/laragon/www/hospital-management/vendor/laravel/framework/src/Illuminate/Session/Middleware/StartSession.php(121): Illuminate/Pipeline/Pipeline->{closure:{closure:Illuminate/Pipeline/Pipeline::carry():158}:159}()
#36 D:/laragon-new/laragon/www/hospital-management/vendor/laravel/framework/src/Illuminate/Session/Middleware/StartSession.php(64): Illuminate/Session/Middleware/StartSession->handleStatefulRequest()
#37 D:/laragon-new/laragon/www/hospital-management/vendor/laravel/framework/src/Illuminate/Pipeline/Pipeline.php(183): Illuminate/Session/Middleware/StartSession->handle()
#38 D:/laragon-new/laragon/www/hospital-management/vendor/laravel/framework/src/Illuminate/Cookie/Middleware/AddQueuedCookiesToResponse.php(37): Illuminate/Pipeline/Pipeline->{closure:{closure:Illuminate/Pipeline/Pipeline::carry():158}:159}()
#39 D:/laragon-new/laragon/www/hospital-management/vendor/laravel/framework/src/Illuminate/Pipeline/Pipeline.php(183): Illuminate/Cookie/Middleware/AddQueuedCookiesToResponse->handle()
#40 D:/laragon-new/laragon/www/hospital-management/vendor/laravel/framework/src/Illuminate/Cookie/Middleware/EncryptCookies.php(67): Illuminate/Pipeline/Pipeline->{closure:{closure:Illuminate/Pipeline/Pipeline::carry():158}:159}()
#41 D:/laragon-new/laragon/www/hospital-management/vendor/laravel/framework/src/Illuminate/Pipeline/Pipeline.php(183): Illuminate/Cookie/Middleware/EncryptCookies->handle()
#42 D:/laragon-new/laragon/www/hospital-management/vendor/laravel/framework/src/Illuminate/Pipeline/Pipeline.php(119): Illuminate/Pipeline/Pipeline->{closure:{closure:Illuminate/Pipeline/Pipeline::carry():158}:159}()
#43 D:/laragon-new/laragon/www/hospital-management/vendor/laravel/framework/src/Illuminate/Routing/Router.php(805): Illuminate/Pipeline/Pipeline->then()
#44 D:/laragon-new/laragon/www/hospital-management/vendor/laravel/framework/src/Illuminate/Routing/Router.php(784): Illuminate/Routing/Router->runRouteWithinStack()
#45 D:/laragon-new/laragon/www/hospital-management/vendor/laravel/framework/src/Illuminate/Routing/Router.php(748): Illuminate/Routing/Router->runRoute()
#46 D:/laragon-new/laragon/www/hospital-management/vendor/laravel/framework/src/Illuminate/Routing/Router.php(737): Illuminate/Routing/Router->dispatchToRoute()
#47 D:/laragon-new/laragon/www/hospital-management/vendor/laravel/framework/src/Illuminate/Foundation/Http/Kernel.php(200): Illuminate/Routing/Router->dispatch()
#48 D:/laragon-new/laragon/www/hospital-management/vendor/laravel/framework/src/Illuminate/Pipeline/Pipeline.php(144): Illuminate/Foundation/Http/Kernel->{closure:Illuminate/Foundation/Http/Kernel::dispatchToRouter():197}()
#49 D:/laragon-new/laragon/www/hospital-management/vendor/laravel/framework/src/Illuminate/Foundation/Http/Middleware/TransformsRequest.php(21): Illuminate/Pipeline/Pipeline->{closure:Illuminate/Pipeline/Pipeline::prepareDestination():142}()
#50 D:/laragon-new/laragon/www/hospital-management/vendor/laravel/framework/src/Illuminate/Foundation/Http/Middleware/ConvertEmptyStringsToNull.php(31): Illuminate/Foundation/Http/Middleware/TransformsRequest->handle()
#51 D:/laragon-new/laragon/www/hospital-management/vendor/laravel/framework/src/Illuminate/Pipeline/Pipeline.php(183): Illuminate/Foundation/Http/Middleware/ConvertEmptyStringsToNull->handle()
#52 D:/laragon-new/laragon/www/hospital-management/vendor/laravel/framework/src/Illuminate/Foundation/Http/Middleware/TransformsRequest.php(21): Illuminate/Pipeline/Pipeline->{closure:{closure:Illuminate/Pipeline/Pipeline::carry():158}:159}()
#53 D:/laragon-new/laragon/www/hospital-management/vendor/laravel/framework/src/Illuminate/Foundation/Http/Middleware/TrimStrings.php(40): Illuminate/Foundation/Http/Middleware/TransformsRequest->handle()
#54 D:/laragon-new/laragon/www/hospital-management/vendor/laravel/framework/src/Illuminate/Pipeline/Pipeline.php(183): Illuminate/Foundation/Http/Middleware/TrimStrings->handle()
#55 D:/laragon-new/laragon/www/hospital-management/vendor/laravel/framework/src/Illuminate/Foundation/Http/Middleware/ValidatePostSize.php(27): Illuminate/Pipeline/Pipeline->{closure:{closure:Illuminate/Pipeline/Pipeline::carry():158}:159}()
#56 D:/laragon-new/laragon/www/hospital-management/vendor/laravel/framework/src/Illuminate/Pipeline/Pipeline.php(183): Illuminate/Foundation/Http/Middleware/ValidatePostSize->handle()
#57 D:/laragon-new/laragon/www/hospital-management/vendor/laravel/framework/src/Illuminate/Foundation/Http/Middleware/PreventRequestsDuringMaintenance.php(99): Illuminate/Pipeline/Pipeline->{closure:{closure:Illuminate/Pipeline/Pipeline::carry():158}:159}()
#58 D:/laragon-new/laragon/www/hospital-management/vendor/laravel/framework/src/Illuminate/Pipeline/Pipeline.php(183): Illuminate/Foundation/Http/Middleware/PreventRequestsDuringMaintenance->handle()
#59 D:/laragon-new/laragon/www/hospital-management/vendor/laravel/framework/src/Illuminate/Http/Middleware/HandleCors.php(49): Illuminate/Pipeline/Pipeline->{closure:{closure:Illuminate/Pipeline/Pipeline::carry():158}:159}()
#60 D:/laragon-new/laragon/www/hospital-management/vendor/laravel/framework/src/Illuminate/Pipeline/Pipeline.php(183): Illuminate/Http/Middleware/HandleCors->handle()
#61 D:/laragon-new/laragon/www/hospital-management/vendor/laravel/framework/src/Illuminate/Http/Middleware/TrustProxies.php(39): Illuminate/Pipeline/Pipeline->{closure:{closure:Illuminate/Pipeline/Pipeline::carry():158}:159}()
#62 D:/laragon-new/laragon/www/hospital-management/vendor/laravel/framework/src/Illuminate/Pipeline/Pipeline.php(183): Illuminate/Http/Middleware/TrustProxies->handle()
#63 D:/laragon-new/laragon/www/hospital-management/vendor/laravel/framework/src/Illuminate/Pipeline/Pipeline.php(119): Illuminate/Pipeline/Pipeline->{closure:{closure:Illuminate/Pipeline/Pipeline::carry():158}:159}()
#64 D:/laragon-new/laragon/www/hospital-management/vendor/laravel/framework/src/Illuminate/Foundation/Http/Kernel.php(175): Illuminate/Pipeline/Pipeline->then()
#65 D:/laragon-new/laragon/www/hospital-management/vendor/laravel/framework/src/Illuminate/Foundation/Http/Kernel.php(144): Illuminate/Foundation/Http/Kernel->sendRequestThroughRouter()
#66 D:/laragon-new/laragon/www/hospital-management/public/index.php(55): Illuminate/Foundation/Http/Kernel->handle()
#67 D:/laragon-new/laragon/www/hospital-management/vendor/laravel/framework/src/Illuminate/Foundation/resources/server.php(16): require_once('...')
#68 {main}

[previous exception] [object] (PDOException(code: 42S02): SQLSTATE[42S02]: Base table or view not found: 1146 Table 'hospital-management.global_settings' doesn't exist at D:/laragon-new/laragon/www/hospital-management/vendor/laravel/framework/src/Illuminate/Database/Connection.php:423)
[stacktrace]
#0 D:/laragon-new/laragon/www/hospital-management/vendor/laravel/framework/src/Illuminate/Database/Connection.php(423): PDO->prepare()
#1 D:/laragon-new/laragon/www/hospital-management/vendor/laravel/framework/src/Illuminate/Database/Connection.php(816): Illuminate/Database/Connection->{closure:Illuminate/Database/Connection::select():414}()
#2 D:/laragon-new/laragon/www/hospital-management/vendor/laravel/framework/src/Illuminate/Database/Connection.php(783): Illuminate/Database/Connection->runQueryCallback()
#3 D:/laragon-new/laragon/www/hospital-management/vendor/laravel/framework/src/Illuminate/Database/Connection.php(414): Illuminate/Database/Connection->run()
#4 D:/laragon-new/laragon/www/hospital-management/vendor/laravel/framework/src/Illuminate/Database/Query/Builder.php(2913): Illuminate/Database/Connection->select()
#5 D:/laragon-new/laragon/www/hospital-management/vendor/laravel/framework/src/Illuminate/Database/Query/Builder.php(2902): Illuminate/Database/Query/Builder->runSelect()
#6 D:/laragon-new/laragon/www/hospital-management/vendor/laravel/framework/src/Illuminate/Database/Query/Builder.php(3456): Illuminate/Database/Query/Builder->{closure:Illuminate/Database/Query/Builder::get():2901}()
#7 D:/laragon-new/laragon/www/hospital-management/vendor/laravel/framework/src/Illuminate/Database/Query/Builder.php(2901): Illuminate/Database/Query/Builder->onceWithColumns()
#8 D:/laragon-new/laragon/www/hospital-management/vendor/laravel/framework/src/Illuminate/Database/Eloquent/Builder.php(739): Illuminate/Database/Query/Builder->get()
#9 D:/laragon-new/laragon/www/hospital-management/vendor/laravel/framework/src/Illuminate/Database/Eloquent/Builder.php(723): Illuminate/Database/Eloquent/Builder->getModels()
#10 D:/laragon-new/laragon/www/hospital-management/vendor/laravel/framework/src/Illuminate/Database/Concerns/BuildsQueries.php(333): Illuminate/Database/Eloquent/Builder->get()
#11 D:/laragon-new/laragon/www/hospital-management/app/Models/GlobalSetting.php(15): Illuminate/Database/Eloquent/Builder->first()
#12 D:/laragon-new/laragon/www/hospital-management/app/Http/Middleware/HandleInertiaRequests.php(38): App/Models/GlobalSetting::get()
#13 D:/laragon-new/laragon/www/hospital-management/vendor/laravel/framework/src/Illuminate/Container/BoundMethod.php(36): App/Http/Middleware/HandleInertiaRequests->{closure:App/Http/Middleware/HandleInertiaRequests::share():37}()
#14 D:/laragon-new/laragon/www/hospital-management/vendor/laravel/framework/src/Illuminate/Container/Util.php(41): Illuminate/Container/BoundMethod::{closure:Illuminate/Container/BoundMethod::call():35}()
#15 D:/laragon-new/laragon/www/hospital-management/vendor/laravel/framework/src/Illuminate/Container/BoundMethod.php(81): Illuminate/Container/Util::unwrapIfClosure()
#16 D:/laragon-new/laragon/www/hospital-management/vendor/laravel/framework/src/Illuminate/Container/BoundMethod.php(35): Illuminate/Container/BoundMethod::callBoundMethod()
#17 D:/laragon-new/laragon/www/hospital-management/vendor/laravel/framework/src/Illuminate/Container/Container.php(662): Illuminate/Container/BoundMethod::call()
#18 D:/laragon-new/laragon/www/hospital-management/vendor/laravel/framework/src/Illuminate/Support/Facades/Facade.php(355): Illuminate/Container/Container->call()
#19 D:/laragon-new/laragon/www/hospital-management/vendor/inertiajs/inertia-laravel/src/Response.php(120): Illuminate/Support/Facades/Facade::__callStatic()
#20 D:/laragon-new/laragon/www/hospital-management/vendor/inertiajs/inertia-laravel/src/Response.php(97): Inertia/Response->resolvePropertyInstances()
#21 D:/laragon-new/laragon/www/hospital-management/vendor/laravel/framework/src/Illuminate/Routing/Router.php(900): Inertia/Response->toResponse()
#22 D:/laragon-new/laragon/www/hospital-management/vendor/laravel/framework/src/Illuminate/Routing/Router.php(885): Illuminate/Routing/Router::toResponse()
#23 D:/laragon-new/laragon/www/hospital-management/vendor/laravel/framework/src/Illuminate/Routing/Router.php(805): Illuminate/Routing/Router->prepareResponse()
#24 D:/laragon-new/laragon/www/hospital-management/vendor/laravel/framework/src/Illuminate/Pipeline/Pipeline.php(144): Illuminate/Routing/Router->{closure:Illuminate/Routing/Router::runRouteWithinStack():805}()
#25 D:/laragon-new/laragon/www/hospital-management/app/Http/Middleware/RedirectIfAuthenticated.php(28): Illuminate/Pipeline/Pipeline->{closure:Illuminate/Pipeline/Pipeline::prepareDestination():142}()
#26 D:/laragon-new/laragon/www/hospital-management/vendor/laravel/framework/src/Illuminate/Pipeline/Pipeline.php(183): App/Http/Middleware/RedirectIfAuthenticated->handle()
#27 D:/laragon-new/laragon/www/hospital-management/vendor/laravel/framework/src/Illuminate/Http/Middleware/AddLinkHeadersForPreloadedAssets.php(20): Illuminate/Pipeline/Pipeline->{closure:{closure:Illuminate/Pipeline/Pipeline::carry():158}:159}()
#28 D:/laragon-new/laragon/www/hospital-management/vendor/laravel/framework/src/Illuminate/Pipeline/Pipeline.php(183): Illuminate/Http/Middleware/AddLinkHeadersForPreloadedAssets->handle()
#29 D:/laragon-new/laragon/www/hospital-management/vendor/inertiajs/inertia-laravel/src/Middleware.php(87): Illuminate/Pipeline/Pipeline->{closure:{closure:Illuminate/Pipeline/Pipeline::carry():158}:159}()
#30 D:/laragon-new/laragon/www/hospital-management/vendor/laravel/framework/src/Illuminate/Pipeline/Pipeline.php(183): Inertia/Middleware->handle()
#31 D:/laragon-new/laragon/www/hospital-management/vendor/laravel/framework/src/Illuminate/Routing/Middleware/SubstituteBindings.php(50): Illuminate/Pipeline/Pipeline->{closure:{closure:Illuminate/Pipeline/Pipeline::carry():158}:159}()
#32 D:/laragon-new/laragon/www/hospital-management/vendor/laravel/framework/src/Illuminate/Pipeline/Pipeline.php(183): Illuminate/Routing/Middleware/SubstituteBindings->handle()
#33 D:/laragon-new/laragon/www/hospital-management/vendor/laravel/framework/src/Illuminate/Foundation/Http/Middleware/VerifyCsrfToken.php(78): Illuminate/Pipeline/Pipeline->{closure:{closure:Illuminate/Pipeline/Pipeline::carry():158}:159}()
#34 D:/laragon-new/laragon/www/hospital-management/vendor/laravel/framework/src/Illuminate/Pipeline/Pipeline.php(183): Illuminate/Foundation/Http/Middleware/VerifyCsrfToken->handle()
#35 D:/laragon-new/laragon/www/hospital-management/vendor/laravel/framework/src/Illuminate/View/Middleware/ShareErrorsFromSession.php(49): Illuminate/Pipeline/Pipeline->{closure:{closure:Illuminate/Pipeline/Pipeline::carry():158}:159}()
#36 D:/laragon-new/laragon/www/hospital-management/vendor/laravel/framework/src/Illuminate/Pipeline/Pipeline.php(183): Illuminate/View/Middleware/ShareErrorsFromSession->handle()
#37 D:/laragon-new/laragon/www/hospital-management/vendor/laravel/framework/src/Illuminate/Session/Middleware/StartSession.php(121): Illuminate/Pipeline/Pipeline->{closure:{closure:Illuminate/Pipeline/Pipeline::carry():158}:159}()
#38 D:/laragon-new/laragon/www/hospital-management/vendor/laravel/framework/src/Illuminate/Session/Middleware/StartSession.php(64): Illuminate/Session/Middleware/StartSession->handleStatefulRequest()
#39 D:/laragon-new/laragon/www/hospital-management/vendor/laravel/framework/src/Illuminate/Pipeline/Pipeline.php(183): Illuminate/Session/Middleware/StartSession->handle()
#40 D:/laragon-new/laragon/www/hospital-management/vendor/laravel/framework/src/Illuminate/Cookie/Middleware/AddQueuedCookiesToResponse.php(37): Illuminate/Pipeline/Pipeline->{closure:{closure:Illuminate/Pipeline/Pipeline::carry():158}:159}()
#41 D:/laragon-new/laragon/www/hospital-management/vendor/laravel/framework/src/Illuminate/Pipeline/Pipeline.php(183): Illuminate/Cookie/Middleware/AddQueuedCookiesToResponse->handle()
#42 D:/laragon-new/laragon/www/hospital-management/vendor/laravel/framework/src/Illuminate/Cookie/Middleware/EncryptCookies.php(67): Illuminate/Pipeline/Pipeline->{closure:{closure:Illuminate/Pipeline/Pipeline::carry():158}:159}()
#43 D:/laragon-new/laragon/www/hospital-management/vendor/laravel/framework/src/Illuminate/Pipeline/Pipeline.php(183): Illuminate/Cookie/Middleware/EncryptCookies->handle()
#44 D:/laragon-new/laragon/www/hospital-management/vendor/laravel/framework/src/Illuminate/Pipeline/Pipeline.php(119): Illuminate/Pipeline/Pipeline->{closure:{closure:Illuminate/Pipeline/Pipeline::carry():158}:159}()
#45 D:/laragon-new/laragon/www/hospital-management/vendor/laravel/framework/src/Illuminate/Routing/Router.php(805): Illuminate/Pipeline/Pipeline->then()
#46 D:/laragon-new/laragon/www/hospital-management/vendor/laravel/framework/src/Illuminate/Routing/Router.php(784): Illuminate/Routing/Router->runRouteWithinStack()
#47 D:/laragon-new/laragon/www/hospital-management/vendor/laravel/framework/src/Illuminate/Routing/Router.php(748): Illuminate/Routing/Router->runRoute()
#48 D:/laragon-new/laragon/www/hospital-management/vendor/laravel/framework/src/Illuminate/Routing/Router.php(737): Illuminate/Routing/Router->dispatchToRoute()
#49 D:/laragon-new/laragon/www/hospital-management/vendor/laravel/framework/src/Illuminate/Foundation/Http/Kernel.php(200): Illuminate/Routing/Router->dispatch()
#50 D:/laragon-new/laragon/www/hospital-management/vendor/laravel/framework/src/Illuminate/Pipeline/Pipeline.php(144): Illuminate/Foundation/Http/Kernel->{closure:Illuminate/Foundation/Http/Kernel::dispatchToRouter():197}()
#51 D:/laragon-new/laragon/www/hospital-management/vendor/laravel/framework/src/Illuminate/Foundation/Http/Middleware/TransformsRequest.php(21): Illuminate/Pipeline/Pipeline->{closure:Illuminate/Pipeline/Pipeline::prepareDestination():142}()
#52 D:/laragon-new/laragon/www/hospital-management/vendor/laravel/framework/src/Illuminate/Foundation/Http/Middleware/ConvertEmptyStringsToNull.php(31): Illuminate/Foundation/Http/Middleware/TransformsRequest->handle()
#53 D:/laragon-new/laragon/www/hospital-management/vendor/laravel/framework/src/Illuminate/Pipeline/Pipeline.php(183): Illuminate/Foundation/Http/Middleware/ConvertEmptyStringsToNull->handle()
#54 D:/laragon-new/laragon/www/hospital-management/vendor/laravel/framework/src/Illuminate/Foundation/Http/Middleware/TransformsRequest.php(21): Illuminate/Pipeline/Pipeline->{closure:{closure:Illuminate/Pipeline/Pipeline::carry():158}:159}()
#55 D:/laragon-new/laragon/www/hospital-management/vendor/laravel/framework/src/Illuminate/Foundation/Http/Middleware/TrimStrings.php(40): Illuminate/Foundation/Http/Middleware/TransformsRequest->handle()
#56 D:/laragon-new/laragon/www/hospital-management/vendor/laravel/framework/src/Illuminate/Pipeline/Pipeline.php(183): Illuminate/Foundation/Http/Middleware/TrimStrings->handle()
#57 D:/laragon-new/laragon/www/hospital-management/vendor/laravel/framework/src/Illuminate/Foundation/Http/Middleware/ValidatePostSize.php(27): Illuminate/Pipeline/Pipeline->{closure:{closure:Illuminate/Pipeline/Pipeline::carry():158}:159}()
#58 D:/laragon-new/laragon/www/hospital-management/vendor/laravel/framework/src/Illuminate/Pipeline/Pipeline.php(183): Illuminate/Foundation/Http/Middleware/ValidatePostSize->handle()
#59 D:/laragon-new/laragon/www/hospital-management/vendor/laravel/framework/src/Illuminate/Foundation/Http/Middleware/PreventRequestsDuringMaintenance.php(99): Illuminate/Pipeline/Pipeline->{closure:{closure:Illuminate/Pipeline/Pipeline::carry():158}:159}()
#60 D:/laragon-new/laragon/www/hospital-management/vendor/laravel/framework/src/Illuminate/Pipeline/Pipeline.php(183): Illuminate/Foundation/Http/Middleware/PreventRequestsDuringMaintenance->handle()
#61 D:/laragon-new/laragon/www/hospital-management/vendor/laravel/framework/src/Illuminate/Http/Middleware/HandleCors.php(49): Illuminate/Pipeline/Pipeline->{closure:{closure:Illuminate/Pipeline/Pipeline::carry():158}:159}()
#62 D:/laragon-new/laragon/www/hospital-management/vendor/laravel/framework/src/Illuminate/Pipeline/Pipeline.php(183): Illuminate/Http/Middleware/HandleCors->handle()
#63 D:/laragon-new/laragon/www/hospital-management/vendor/laravel/framework/src/Illuminate/Http/Middleware/TrustProxies.php(39): Illuminate/Pipeline/Pipeline->{closure:{closure:Illuminate/Pipeline/Pipeline::carry():158}:159}()
#64 D:/laragon-new/laragon/www/hospital-management/vendor/laravel/framework/src/Illuminate/Pipeline/Pipeline.php(183): Illuminate/Http/Middleware/TrustProxies->handle()
#65 D:/laragon-new/laragon/www/hospital-management/vendor/laravel/framework/src/Illuminate/Pipeline/Pipeline.php(119): Illuminate/Pipeline/Pipeline->{closure:{closure:Illuminate/Pipeline/Pipeline::carry():158}:159}()
#66 D:/laragon-new/laragon/www/hospital-management/vendor/laravel/framework/src/Illuminate/Foundation/Http/Kernel.php(175): Illuminate/Pipeline/Pipeline->then()
#67 D:/laragon-new/laragon/www/hospital-management/vendor/laravel/framework/src/Illuminate/Foundation/Http/Kernel.php(144): Illuminate/Foundation/Http/Kernel->sendRequestThroughRouter()
#68 D:/laragon-new/laragon/www/hospital-management/public/index.php(55): Illuminate/Foundation/Http/Kernel->handle()
#69 D:/laragon-new/laragon/www/hospital-management/vendor/laravel/framework/src/Illuminate/Foundation/resources/server.php(16): require_once('...')
#70 {main}
"} 
[2026-07-17 05:18:23] local.ERROR: Undefined array key "about_more_btn_url" {"view":{"view":"D:\\laragon-new\\laragon\\www\\hospital-management\\resources\\views\\frontend\\home.blade.php","data":[]},"exception":"[object] (Spatie\\LaravelIgnition\\Exceptions\\ViewException(code: 0): Undefined array key \"about_more_btn_url\" at D:/laragon-new/laragon/www/hospital-management/resources/views/frontend/home.blade.php:113)
[stacktrace]
#0 D:/laragon-new/laragon/www/hospital-management/vendor/laravel/framework/src/Illuminate/Filesystem/Filesystem.php(123): require('...')
#1 D:/laragon-new/laragon/www/hospital-management/vendor/laravel/framework/src/Illuminate/Filesystem/Filesystem.php(124): Illuminate/Filesystem/Filesystem::{closure:Illuminate/Filesystem/Filesystem::getRequire():120}()
#2 D:/laragon-new/laragon/www/hospital-management/vendor/laravel/framework/src/Illuminate/View/Engines/PhpEngine.php(58): Illuminate/Filesystem/Filesystem->getRequire()
#3 D:/laragon-new/laragon/www/hospital-management/vendor/laravel/framework/src/Illuminate/View/Engines/CompilerEngine.php(72): Illuminate/View/Engines/PhpEngine->evaluatePath()
#4 D:/laragon-new/laragon/www/hospital-management/vendor/laravel/framework/src/Illuminate/View/View.php(207): Illuminate/View/Engines/CompilerEngine->get()
#5 D:/laragon-new/laragon/www/hospital-management/vendor/laravel/framework/src/Illuminate/View/View.php(190): Illuminate/View/View->getContents()
#6 D:/laragon-new/laragon/www/hospital-management/vendor/laravel/framework/src/Illuminate/View/View.php(159): Illuminate/View/View->renderContents()
#7 D:/laragon-new/laragon/www/hospital-management/vendor/laravel/framework/src/Illuminate/Http/Response.php(69): Illuminate/View/View->render()
#8 D:/laragon-new/laragon/www/hospital-management/vendor/laravel/framework/src/Illuminate/Http/Response.php(35): Illuminate/Http/Response->setContent()
#9 D:/laragon-new/laragon/www/hospital-management/vendor/laravel/framework/src/Illuminate/Routing/Router.php(918): Illuminate/Http/Response->__construct()
#10 D:/laragon-new/laragon/www/hospital-management/vendor/laravel/framework/src/Illuminate/Routing/Router.php(885): Illuminate/Routing/Router::toResponse()
#11 D:/laragon-new/laragon/www/hospital-management/vendor/laravel/framework/src/Illuminate/Routing/Router.php(805): Illuminate/Routing/Router->prepareResponse()
#12 D:/laragon-new/laragon/www/hospital-management/vendor/laravel/framework/src/Illuminate/Pipeline/Pipeline.php(144): Illuminate/Routing/Router->{closure:Illuminate/Routing/Router::runRouteWithinStack():805}()
#13 D:/laragon-new/laragon/www/hospital-management/vendor/laravel/framework/src/Illuminate/Http/Middleware/AddLinkHeadersForPreloadedAssets.php(20): Illuminate/Pipeline/Pipeline->{closure:Illuminate/Pipeline/Pipeline::prepareDestination():142}()
#14 D:/laragon-new/laragon/www/hospital-management/vendor/laravel/framework/src/Illuminate/Pipeline/Pipeline.php(183): Illuminate/Http/Middleware/AddLinkHeadersForPreloadedAssets->handle()
#15 D:/laragon-new/laragon/www/hospital-management/vendor/inertiajs/inertia-laravel/src/Middleware.php(87): Illuminate/Pipeline/Pipeline->{closure:{closure:Illuminate/Pipeline/Pipeline::carry():158}:159}()
#16 D:/laragon-new/laragon/www/hospital-management/vendor/laravel/framework/src/Illuminate/Pipeline/Pipeline.php(183): Inertia/Middleware->handle()
#17 D:/laragon-new/laragon/www/hospital-management/vendor/laravel/framework/src/Illuminate/Routing/Middleware/SubstituteBindings.php(50): Illuminate/Pipeline/Pipeline->{closure:{closure:Illuminate/Pipeline/Pipeline::carry():158}:159}()
#18 D:/laragon-new/laragon/www/hospital-management/vendor/laravel/framework/src/Illuminate/Pipeline/Pipeline.php(183): Illuminate/Routing/Middleware/SubstituteBindings->handle()
#19 D:/laragon-new/laragon/www/hospital-management/vendor/laravel/framework/src/Illuminate/Foundation/Http/Middleware/VerifyCsrfToken.php(78): Illuminate/Pipeline/Pipeline->{closure:{closure:Illuminate/Pipeline/Pipeline::carry():158}:159}()
#20 D:/laragon-new/laragon/www/hospital-management/vendor/laravel/framework/src/Illuminate/Pipeline/Pipeline.php(183): Illuminate/Foundation/Http/Middleware/VerifyCsrfToken->handle()
#21 D:/laragon-new/laragon/www/hospital-management/vendor/laravel/framework/src/Illuminate/View/Middleware/ShareErrorsFromSession.php(49): Illuminate/Pipeline/Pipeline->{closure:{closure:Illuminate/Pipeline/Pipeline::carry():158}:159}()
#22 D:/laragon-new/laragon/www/hospital-management/vendor/laravel/framework/src/Illuminate/Pipeline/Pipeline.php(183): Illuminate/View/Middleware/ShareErrorsFromSession->handle()
#23 D:/laragon-new/laragon/www/hospital-management/vendor/laravel/framework/src/Illuminate/Session/Middleware/StartSession.php(121): Illuminate/Pipeline/Pipeline->{closure:{closure:Illuminate/Pipeline/Pipeline::carry():158}:159}()
#24 D:/laragon-new/laragon/www/hospital-management/vendor/laravel/framework/src/Illuminate/Session/Middleware/StartSession.php(64): Illuminate/Session/Middleware/StartSession->handleStatefulRequest()
#25 D:/laragon-new/laragon/www/hospital-management/vendor/laravel/framework/src/Illuminate/Pipeline/Pipeline.php(183): Illuminate/Session/Middleware/StartSession->handle()
#26 D:/laragon-new/laragon/www/hospital-management/vendor/laravel/framework/src/Illuminate/Cookie/Middleware/AddQueuedCookiesToResponse.php(37): Illuminate/Pipeline/Pipeline->{closure:{closure:Illuminate/Pipeline/Pipeline::carry():158}:159}()
#27 D:/laragon-new/laragon/www/hospital-management/vendor/laravel/framework/src/Illuminate/Pipeline/Pipeline.php(183): Illuminate/Cookie/Middleware/AddQueuedCookiesToResponse->handle()
#28 D:/laragon-new/laragon/www/hospital-management/vendor/laravel/framework/src/Illuminate/Cookie/Middleware/EncryptCookies.php(67): Illuminate/Pipeline/Pipeline->{closure:{closure:Illuminate/Pipeline/Pipeline::carry():158}:159}()
#29 D:/laragon-new/laragon/www/hospital-management/vendor/laravel/framework/src/Illuminate/Pipeline/Pipeline.php(183): Illuminate/Cookie/Middleware/EncryptCookies->handle()
#30 D:/laragon-new/laragon/www/hospital-management/vendor/laravel/framework/src/Illuminate/Pipeline/Pipeline.php(119): Illuminate/Pipeline/Pipeline->{closure:{closure:Illuminate/Pipeline/Pipeline::carry():158}:159}()
#31 D:/laragon-new/laragon/www/hospital-management/vendor/laravel/framework/src/Illuminate/Routing/Router.php(805): Illuminate/Pipeline/Pipeline->then()
#32 D:/laragon-new/laragon/www/hospital-management/vendor/laravel/framework/src/Illuminate/Routing/Router.php(784): Illuminate/Routing/Router->runRouteWithinStack()
#33 D:/laragon-new/laragon/www/hospital-management/vendor/laravel/framework/src/Illuminate/Routing/Router.php(748): Illuminate/Routing/Router->runRoute()
#34 D:/laragon-new/laragon/www/hospital-management/vendor/laravel/framework/src/Illuminate/Routing/Router.php(737): Illuminate/Routing/Router->dispatchToRoute()
#35 D:/laragon-new/laragon/www/hospital-management/vendor/laravel/framework/src/Illuminate/Foundation/Http/Kernel.php(200): Illuminate/Routing/Router->dispatch()
#36 D:/laragon-new/laragon/www/hospital-management/vendor/laravel/framework/src/Illuminate/Pipeline/Pipeline.php(144): Illuminate/Foundation/Http/Kernel->{closure:Illuminate/Foundation/Http/Kernel::dispatchToRouter():197}()
#37 D:/laragon-new/laragon/www/hospital-management/vendor/laravel/framework/src/Illuminate/Foundation/Http/Middleware/TransformsRequest.php(21): Illuminate/Pipeline/Pipeline->{closure:Illuminate/Pipeline/Pipeline::prepareDestination():142}()
#38 D:/laragon-new/laragon/www/hospital-management/vendor/laravel/framework/src/Illuminate/Foundation/Http/Middleware/ConvertEmptyStringsToNull.php(31): Illuminate/Foundation/Http/Middleware/TransformsRequest->handle()
#39 D:/laragon-new/laragon/www/hospital-management/vendor/laravel/framework/src/Illuminate/Pipeline/Pipeline.php(183): Illuminate/Foundation/Http/Middleware/ConvertEmptyStringsToNull->handle()
#40 D:/laragon-new/laragon/www/hospital-management/vendor/laravel/framework/src/Illuminate/Foundation/Http/Middleware/TransformsRequest.php(21): Illuminate/Pipeline/Pipeline->{closure:{closure:Illuminate/Pipeline/Pipeline::carry():158}:159}()
#41 D:/laragon-new/laragon/www/hospital-management/vendor/laravel/framework/src/Illuminate/Foundation/Http/Middleware/TrimStrings.php(40): Illuminate/Foundation/Http/Middleware/TransformsRequest->handle()
#42 D:/laragon-new/laragon/www/hospital-management/vendor/laravel/framework/src/Illuminate/Pipeline/Pipeline.php(183): Illuminate/Foundation/Http/Middleware/TrimStrings->handle()
#43 D:/laragon-new/laragon/www/hospital-management/vendor/laravel/framework/src/Illuminate/Foundation/Http/Middleware/ValidatePostSize.php(27): Illuminate/Pipeline/Pipeline->{closure:{closure:Illuminate/Pipeline/Pipeline::carry():158}:159}()
#44 D:/laragon-new/laragon/www/hospital-management/vendor/laravel/framework/src/Illuminate/Pipeline/Pipeline.php(183): Illuminate/Foundation/Http/Middleware/ValidatePostSize->handle()
#45 D:/laragon-new/laragon/www/hospital-management/vendor/laravel/framework/src/Illuminate/Foundation/Http/Middleware/PreventRequestsDuringMaintenance.php(99): Illuminate/Pipeline/Pipeline->{closure:{closure:Illuminate/Pipeline/Pipeline::carry():158}:159}()
#46 D:/laragon-new/laragon/www/hospital-management/vendor/laravel/framework/src/Illuminate/Pipeline/Pipeline.php(183): Illuminate/Foundation/Http/Middleware/PreventRequestsDuringMaintenance->handle()
#47 D:/laragon-new/laragon/www/hospital-management/vendor/laravel/framework/src/Illuminate/Http/Middleware/HandleCors.php(49): Illuminate/Pipeline/Pipeline->{closure:{closure:Illuminate/Pipeline/Pipeline::carry():158}:159}()
#48 D:/laragon-new/laragon/www/hospital-management/vendor/laravel/framework/src/Illuminate/Pipeline/Pipeline.php(183): Illuminate/Http/Middleware/HandleCors->handle()
#49 D:/laragon-new/laragon/www/hospital-management/vendor/laravel/framework/src/Illuminate/Http/Middleware/TrustProxies.php(39): Illuminate/Pipeline/Pipeline->{closure:{closure:Illuminate/Pipeline/Pipeline::carry():158}:159}()
#50 D:/laragon-new/laragon/www/hospital-management/vendor/laravel/framework/src/Illuminate/Pipeline/Pipeline.php(183): Illuminate/Http/Middleware/TrustProxies->handle()
#51 D:/laragon-new/laragon/www/hospital-management/vendor/laravel/framework/src/Illuminate/Pipeline/Pipeline.php(119): Illuminate/Pipeline/Pipeline->{closure:{closure:Illuminate/Pipeline/Pipeline::carry():158}:159}()
#52 D:/laragon-new/laragon/www/hospital-management/vendor/laravel/framework/src/Illuminate/Foundation/Http/Kernel.php(175): Illuminate/Pipeline/Pipeline->then()
#53 D:/laragon-new/laragon/www/hospital-management/vendor/laravel/framework/src/Illuminate/Foundation/Http/Kernel.php(144): Illuminate/Foundation/Http/Kernel->sendRequestThroughRouter()
#54 D:/laragon-new/laragon/www/hospital-management/public/index.php(55): Illuminate/Foundation/Http/Kernel->handle()
#55 D:/laragon-new/laragon/www/hospital-management/vendor/laravel/framework/src/Illuminate/Foundation/resources/server.php(16): require_once('...')
#56 {main}

[previous exception] [object] (ErrorException(code: 0): Undefined array key \"about_more_btn_url\" at D:/laragon-new/laragon/www/hospital-management/storage/framework/views/cd26cf55e8f5bf8923f22432e065a0b8.php:134)
[stacktrace]
#0 D:/laragon-new/laragon/www/hospital-management/vendor/laravel/framework/src/Illuminate/Foundation/Bootstrap/HandleExceptions.php(255): Illuminate/Foundation/Bootstrap/HandleExceptions->handleError()
#1 D:/laragon-new/laragon/www/hospital-management/storage/framework/views/cd26cf55e8f5bf8923f22432e065a0b8.php(134): Illuminate/Foundation/Bootstrap/HandleExceptions->{closure:Illuminate/Foundation/Bootstrap/HandleExceptions::forwardsTo():254}()
#2 D:/laragon-new/laragon/www/hospital-management/vendor/laravel/framework/src/Illuminate/Filesystem/Filesystem.php(123): require('...')
#3 D:/laragon-new/laragon/www/hospital-management/vendor/laravel/framework/src/Illuminate/Filesystem/Filesystem.php(124): Illuminate/Filesystem/Filesystem::{closure:Illuminate/Filesystem/Filesystem::getRequire():120}()
#4 D:/laragon-new/laragon/www/hospital-management/vendor/laravel/framework/src/Illuminate/View/Engines/PhpEngine.php(58): Illuminate/Filesystem/Filesystem->getRequire()
#5 D:/laragon-new/laragon/www/hospital-management/vendor/laravel/framework/src/Illuminate/View/Engines/CompilerEngine.php(72): Illuminate/View/Engines/PhpEngine->evaluatePath()
#6 D:/laragon-new/laragon/www/hospital-management/vendor/laravel/framework/src/Illuminate/View/View.php(207): Illuminate/View/Engines/CompilerEngine->get()
#7 D:/laragon-new/laragon/www/hospital-management/vendor/laravel/framework/src/Illuminate/View/View.php(190): Illuminate/View/View->getContents()
#8 D:/laragon-new/laragon/www/hospital-management/vendor/laravel/framework/src/Illuminate/View/View.php(159): Illuminate/View/View->renderContents()
#9 D:/laragon-new/laragon/www/hospital-management/vendor/laravel/framework/src/Illuminate/Http/Response.php(69): Illuminate/View/View->render()
#10 D:/laragon-new/laragon/www/hospital-management/vendor/laravel/framework/src/Illuminate/Http/Response.php(35): Illuminate/Http/Response->setContent()
#11 D:/laragon-new/laragon/www/hospital-management/vendor/laravel/framework/src/Illuminate/Routing/Router.php(918): Illuminate/Http/Response->__construct()
#12 D:/laragon-new/laragon/www/hospital-management/vendor/laravel/framework/src/Illuminate/Routing/Router.php(885): Illuminate/Routing/Router::toResponse()
#13 D:/laragon-new/laragon/www/hospital-management/vendor/laravel/framework/src/Illuminate/Routing/Router.php(805): Illuminate/Routing/Router->prepareResponse()
#14 D:/laragon-new/laragon/www/hospital-management/vendor/laravel/framework/src/Illuminate/Pipeline/Pipeline.php(144): Illuminate/Routing/Router->{closure:Illuminate/Routing/Router::runRouteWithinStack():805}()
#15 D:/laragon-new/laragon/www/hospital-management/vendor/laravel/framework/src/Illuminate/Http/Middleware/AddLinkHeadersForPreloadedAssets.php(20): Illuminate/Pipeline/Pipeline->{closure:Illuminate/Pipeline/Pipeline::prepareDestination():142}()
#16 D:/laragon-new/laragon/www/hospital-management/vendor/laravel/framework/src/Illuminate/Pipeline/Pipeline.php(183): Illuminate/Http/Middleware/AddLinkHeadersForPreloadedAssets->handle()
#17 D:/laragon-new/laragon/www/hospital-management/vendor/inertiajs/inertia-laravel/src/Middleware.php(87): Illuminate/Pipeline/Pipeline->{closure:{closure:Illuminate/Pipeline/Pipeline::carry():158}:159}()
#18 D:/laragon-new/laragon/www/hospital-management/vendor/laravel/framework/src/Illuminate/Pipeline/Pipeline.php(183): Inertia/Middleware->handle()
#19 D:/laragon-new/laragon/www/hospital-management/vendor/laravel/framework/src/Illuminate/Routing/Middleware/SubstituteBindings.php(50): Illuminate/Pipeline/Pipeline->{closure:{closure:Illuminate/Pipeline/Pipeline::carry():158}:159}()
#20 D:/laragon-new/laragon/www/hospital-management/vendor/laravel/framework/src/Illuminate/Pipeline/Pipeline.php(183): Illuminate/Routing/Middleware/SubstituteBindings->handle()
#21 D:/laragon-new/laragon/www/hospital-management/vendor/laravel/framework/src/Illuminate/Foundation/Http/Middleware/VerifyCsrfToken.php(78): Illuminate/Pipeline/Pipeline->{closure:{closure:Illuminate/Pipeline/Pipeline::carry():158}:159}()
#22 D:/laragon-new/laragon/www/hospital-management/vendor/laravel/framework/src/Illuminate/Pipeline/Pipeline.php(183): Illuminate/Foundation/Http/Middleware/VerifyCsrfToken->handle()
#23 D:/laragon-new/laragon/www/hospital-management/vendor/laravel/framework/src/Illuminate/View/Middleware/ShareErrorsFromSession.php(49): Illuminate/Pipeline/Pipeline->{closure:{closure:Illuminate/Pipeline/Pipeline::carry():158}:159}()
#24 D:/laragon-new/laragon/www/hospital-management/vendor/laravel/framework/src/Illuminate/Pipeline/Pipeline.php(183): Illuminate/View/Middleware/ShareErrorsFromSession->handle()
#25 D:/laragon-new/laragon/www/hospital-management/vendor/laravel/framework/src/Illuminate/Session/Middleware/StartSession.php(121): Illuminate/Pipeline/Pipeline->{closure:{closure:Illuminate/Pipeline/Pipeline::carry():158}:159}()
#26 D:/laragon-new/laragon/www/hospital-management/vendor/laravel/framework/src/Illuminate/Session/Middleware/StartSession.php(64): Illuminate/Session/Middleware/StartSession->handleStatefulRequest()
#27 D:/laragon-new/laragon/www/hospital-management/vendor/laravel/framework/src/Illuminate/Pipeline/Pipeline.php(183): Illuminate/Session/Middleware/StartSession->handle()
#28 D:/laragon-new/laragon/www/hospital-management/vendor/laravel/framework/src/Illuminate/Cookie/Middleware/AddQueuedCookiesToResponse.php(37): Illuminate/Pipeline/Pipeline->{closure:{closure:Illuminate/Pipeline/Pipeline::carry():158}:159}()
#29 D:/laragon-new/laragon/www/hospital-management/vendor/laravel/framework/src/Illuminate/Pipeline/Pipeline.php(183): Illuminate/Cookie/Middleware/AddQueuedCookiesToResponse->handle()
#30 D:/laragon-new/laragon/www/hospital-management/vendor/laravel/framework/src/Illuminate/Cookie/Middleware/EncryptCookies.php(67): Illuminate/Pipeline/Pipeline->{closure:{closure:Illuminate/Pipeline/Pipeline::carry():158}:159}()
#31 D:/laragon-new/laragon/www/hospital-management/vendor/laravel/framework/src/Illuminate/Pipeline/Pipeline.php(183): Illuminate/Cookie/Middleware/EncryptCookies->handle()
#32 D:/laragon-new/laragon/www/hospital-management/vendor/laravel/framework/src/Illuminate/Pipeline/Pipeline.php(119): Illuminate/Pipeline/Pipeline->{closure:{closure:Illuminate/Pipeline/Pipeline::carry():158}:159}()
#33 D:/laragon-new/laragon/www/hospital-management/vendor/laravel/framework/src/Illuminate/Routing/Router.php(805): Illuminate/Pipeline/Pipeline->then()
#34 D:/laragon-new/laragon/www/hospital-management/vendor/laravel/framework/src/Illuminate/Routing/Router.php(784): Illuminate/Routing/Router->runRouteWithinStack()
#35 D:/laragon-new/laragon/www/hospital-management/vendor/laravel/framework/src/Illuminate/Routing/Router.php(748): Illuminate/Routing/Router->runRoute()
#36 D:/laragon-new/laragon/www/hospital-management/vendor/laravel/framework/src/Illuminate/Routing/Router.php(737): Illuminate/Routing/Router->dispatchToRoute()
#37 D:/laragon-new/laragon/www/hospital-management/vendor/laravel/framework/src/Illuminate/Foundation/Http/Kernel.php(200): Illuminate/Routing/Router->dispatch()
#38 D:/laragon-new/laragon/www/hospital-management/vendor/laravel/framework/src/Illuminate/Pipeline/Pipeline.php(144): Illuminate/Foundation/Http/Kernel->{closure:Illuminate/Foundation/Http/Kernel::dispatchToRouter():197}()
#39 D:/laragon-new/laragon/www/hospital-management/vendor/laravel/framework/src/Illuminate/Foundation/Http/Middleware/TransformsRequest.php(21): Illuminate/Pipeline/Pipeline->{closure:Illuminate/Pipeline/Pipeline::prepareDestination():142}()
#40 D:/laragon-new/laragon/www/hospital-management/vendor/laravel/framework/src/Illuminate/Foundation/Http/Middleware/ConvertEmptyStringsToNull.php(31): Illuminate/Foundation/Http/Middleware/TransformsRequest->handle()
#41 D:/laragon-new/laragon/www/hospital-management/vendor/laravel/framework/src/Illuminate/Pipeline/Pipeline.php(183): Illuminate/Foundation/Http/Middleware/ConvertEmptyStringsToNull->handle()
#42 D:/laragon-new/laragon/www/hospital-management/vendor/laravel/framework/src/Illuminate/Foundation/Http/Middleware/TransformsRequest.php(21): Illuminate/Pipeline/Pipeline->{closure:{closure:Illuminate/Pipeline/Pipeline::carry():158}:159}()
#43 D:/laragon-new/laragon/www/hospital-management/vendor/laravel/framework/src/Illuminate/Foundation/Http/Middleware/TrimStrings.php(40): Illuminate/Foundation/Http/Middleware/TransformsRequest->handle()
#44 D:/laragon-new/laragon/www/hospital-management/vendor/laravel/framework/src/Illuminate/Pipeline/Pipeline.php(183): Illuminate/Foundation/Http/Middleware/TrimStrings->handle()
#45 D:/laragon-new/laragon/www/hospital-management/vendor/laravel/framework/src/Illuminate/Foundation/Http/Middleware/ValidatePostSize.php(27): Illuminate/Pipeline/Pipeline->{closure:{closure:Illuminate/Pipeline/Pipeline::carry():158}:159}()
#46 D:/laragon-new/laragon/www/hospital-management/vendor/laravel/framework/src/Illuminate/Pipeline/Pipeline.php(183): Illuminate/Foundation/Http/Middleware/ValidatePostSize->handle()
#47 D:/laragon-new/laragon/www/hospital-management/vendor/laravel/framework/src/Illuminate/Foundation/Http/Middleware/PreventRequestsDuringMaintenance.php(99): Illuminate/Pipeline/Pipeline->{closure:{closure:Illuminate/Pipeline/Pipeline::carry():158}:159}()
#48 D:/laragon-new/laragon/www/hospital-management/vendor/laravel/framework/src/Illuminate/Pipeline/Pipeline.php(183): Illuminate/Foundation/Http/Middleware/PreventRequestsDuringMaintenance->handle()
#49 D:/laragon-new/laragon/www/hospital-management/vendor/laravel/framework/src/Illuminate/Http/Middleware/HandleCors.php(49): Illuminate/Pipeline/Pipeline->{closure:{closure:Illuminate/Pipeline/Pipeline::carry():158}:159}()
#50 D:/laragon-new/laragon/www/hospital-management/vendor/laravel/framework/src/Illuminate/Pipeline/Pipeline.php(183): Illuminate/Http/Middleware/HandleCors->handle()
#51 D:/laragon-new/laragon/www/hospital-management/vendor/laravel/framework/src/Illuminate/Http/Middleware/TrustProxies.php(39): Illuminate/Pipeline/Pipeline->{closure:{closure:Illuminate/Pipeline/Pipeline::carry():158}:159}()
#52 D:/laragon-new/laragon/www/hospital-management/vendor/laravel/framework/src/Illuminate/Pipeline/Pipeline.php(183): Illuminate/Http/Middleware/TrustProxies->handle()
#53 D:/laragon-new/laragon/www/hospital-management/vendor/laravel/framework/src/Illuminate/Pipeline/Pipeline.php(119): Illuminate/Pipeline/Pipeline->{closure:{closure:Illuminate/Pipeline/Pipeline::carry():158}:159}()
#54 D:/laragon-new/laragon/www/hospital-management/vendor/laravel/framework/src/Illuminate/Foundation/Http/Kernel.php(175): Illuminate/Pipeline/Pipeline->then()
#55 D:/laragon-new/laragon/www/hospital-management/vendor/laravel/framework/src/Illuminate/Foundation/Http/Kernel.php(144): Illuminate/Foundation/Http/Kernel->sendRequestThroughRouter()
#56 D:/laragon-new/laragon/www/hospital-management/public/index.php(55): Illuminate/Foundation/Http/Kernel->handle()
#57 D:/laragon-new/laragon/www/hospital-management/vendor/laravel/framework/src/Illuminate/Foundation/resources/server.php(16): require_once('...')
#58 {main}
"} 
[2026-07-17 06:24:52] local.ERROR: Missing required parameter for [Route: service-details] [URI: services/{slug}] [Missing parameter: slug]. {"view":{"view":"D:\\laragon-new\\laragon\\www\\hospital-management\\resources\\views\\components\\frontend\\footer.blade.php","data":[]},"exception":"[object] (Spatie\\LaravelIgnition\\Exceptions\\ViewException(code: 0): Missing required parameter for [Route: service-details] [URI: services/{slug}] [Missing parameter: slug]. at D:/laragon-new/laragon/www/hospital-management/vendor/laravel/framework/src/Illuminate/Routing/Exceptions/UrlGenerationException.php:35)
[stacktrace]
#0 D:/laragon-new/laragon/www/hospital-management/vendor/laravel/framework/src/Illuminate/Routing/RouteUrlGenerator.php(90): Illuminate/Routing/Exceptions/UrlGenerationException::forMissingParameters()
#1 D:/laragon-new/laragon/www/hospital-management/vendor/laravel/framework/src/Illuminate/Routing/UrlGenerator.php(500): Illuminate/Routing/RouteUrlGenerator->to()
#2 D:/laragon-new/laragon/www/hospital-management/vendor/laravel/framework/src/Illuminate/Routing/UrlGenerator.php(469): Illuminate/Routing/UrlGenerator->toRoute()
#3 D:/laragon-new/laragon/www/hospital-management/vendor/laravel/framework/src/Illuminate/Foundation/helpers.php(811): Illuminate/Routing/UrlGenerator->route()
#4 D:/laragon-new/laragon/www/hospital-management/resources/views/components/frontend/footer.blade.php(65): route()
#5 D:/laragon-new/laragon/www/hospital-management/vendor/laravel/framework/src/Illuminate/Filesystem/Filesystem.php(123): require('...')
#6 D:/laragon-new/laragon/www/hospital-management/vendor/laravel/framework/src/Illuminate/Filesystem/Filesystem.php(124): Illuminate/Filesystem/Filesystem::{closure:Illuminate/Filesystem/Filesystem::getRequire():120}()
#7 D:/laragon-new/laragon/www/hospital-management/vendor/laravel/framework/src/Illuminate/View/Engines/PhpEngine.php(58): Illuminate/Filesystem/Filesystem->getRequire()
#8 D:/laragon-new/laragon/www/hospital-management/vendor/laravel/framework/src/Illuminate/View/Engines/CompilerEngine.php(72): Illuminate/View/Engines/PhpEngine->evaluatePath()
#9 D:/laragon-new/laragon/www/hospital-management/vendor/laravel/framework/src/Illuminate/View/View.php(207): Illuminate/View/Engines/CompilerEngine->get()
#10 D:/laragon-new/laragon/www/hospital-management/vendor/laravel/framework/src/Illuminate/View/View.php(190): Illuminate/View/View->getContents()
#11 D:/laragon-new/laragon/www/hospital-management/vendor/laravel/framework/src/Illuminate/View/View.php(159): Illuminate/View/View->renderContents()
#12 D:/laragon-new/laragon/www/hospital-management/vendor/laravel/framework/src/Illuminate/View/Concerns/ManagesComponents.php(103): Illuminate/View/View->render()
#13 D:/laragon-new/laragon/www/hospital-management/resources/views/layouts/frontend.blade.php(30): Illuminate/View/Factory->renderComponent()
#14 D:/laragon-new/laragon/www/hospital-management/vendor/laravel/framework/src/Illuminate/Filesystem/Filesystem.php(123): require('...')
#15 D:/laragon-new/laragon/www/hospital-management/vendor/laravel/framework/src/Illuminate/Filesystem/Filesystem.php(124): Illuminate/Filesystem/Filesystem::{closure:Illuminate/Filesystem/Filesystem::getRequire():120}()
#16 D:/laragon-new/laragon/www/hospital-management/vendor/laravel/framework/src/Illuminate/View/Engines/PhpEngine.php(58): Illuminate/Filesystem/Filesystem->getRequire()
#17 D:/laragon-new/laragon/www/hospital-management/vendor/laravel/framework/src/Illuminate/View/Engines/CompilerEngine.php(72): Illuminate/View/Engines/PhpEngine->evaluatePath()
#18 D:/laragon-new/laragon/www/hospital-management/vendor/laravel/framework/src/Illuminate/View/View.php(207): Illuminate/View/Engines/CompilerEngine->get()
#19 D:/laragon-new/laragon/www/hospital-management/vendor/laravel/framework/src/Illuminate/View/View.php(190): Illuminate/View/View->getContents()
#20 D:/laragon-new/laragon/www/hospital-management/vendor/laravel/framework/src/Illuminate/View/View.php(159): Illuminate/View/View->renderContents()
#21 D:/laragon-new/laragon/www/hospital-management/resources/views/frontend/home.blade.php(1348): Illuminate/View/View->render()
#22 D:/laragon-new/laragon/www/hospital-management/vendor/laravel/framework/src/Illuminate/Filesystem/Filesystem.php(123): require('...')
#23 D:/laragon-new/laragon/www/hospital-management/vendor/laravel/framework/src/Illuminate/Filesystem/Filesystem.php(124): Illuminate/Filesystem/Filesystem::{closure:Illuminate/Filesystem/Filesystem::getRequire():120}()
#24 D:/laragon-new/laragon/www/hospital-management/vendor/laravel/framework/src/Illuminate/View/Engines/PhpEngine.php(58): Illuminate/Filesystem/Filesystem->getRequire()
#25 D:/laragon-new/laragon/www/hospital-management/vendor/laravel/framework/src/Illuminate/View/Engines/CompilerEngine.php(72): Illuminate/View/Engines/PhpEngine->evaluatePath()
#26 D:/laragon-new/laragon/www/hospital-management/vendor/laravel/framework/src/Illuminate/View/View.php(207): Illuminate/View/Engines/CompilerEngine->get()
#27 D:/laragon-new/laragon/www/hospital-management/vendor/laravel/framework/src/Illuminate/View/View.php(190): Illuminate/View/View->getContents()
#28 D:/laragon-new/laragon/www/hospital-management/vendor/laravel/framework/src/Illuminate/View/View.php(159): Illuminate/View/View->renderContents()
#29 D:/laragon-new/laragon/www/hospital-management/vendor/laravel/framework/src/Illuminate/Http/Response.php(69): Illuminate/View/View->render()
#30 D:/laragon-new/laragon/www/hospital-management/vendor/laravel/framework/src/Illuminate/Http/Response.php(35): Illuminate/Http/Response->setContent()
#31 D:/laragon-new/laragon/www/hospital-management/vendor/laravel/framework/src/Illuminate/Routing/Router.php(918): Illuminate/Http/Response->__construct()
#32 D:/laragon-new/laragon/www/hospital-management/vendor/laravel/framework/src/Illuminate/Routing/Router.php(885): Illuminate/Routing/Router::toResponse()
#33 D:/laragon-new/laragon/www/hospital-management/vendor/laravel/framework/src/Illuminate/Routing/Router.php(805): Illuminate/Routing/Router->prepareResponse()
#34 D:/laragon-new/laragon/www/hospital-management/vendor/laravel/framework/src/Illuminate/Pipeline/Pipeline.php(144): Illuminate/Routing/Router->{closure:Illuminate/Routing/Router::runRouteWithinStack():805}()
#35 D:/laragon-new/laragon/www/hospital-management/vendor/laravel/framework/src/Illuminate/Http/Middleware/AddLinkHeadersForPreloadedAssets.php(20): Illuminate/Pipeline/Pipeline->{closure:Illuminate/Pipeline/Pipeline::prepareDestination():142}()
#36 D:/laragon-new/laragon/www/hospital-management/vendor/laravel/framework/src/Illuminate/Pipeline/Pipeline.php(183): Illuminate/Http/Middleware/AddLinkHeadersForPreloadedAssets->handle()
#37 D:/laragon-new/laragon/www/hospital-management/vendor/inertiajs/inertia-laravel/src/Middleware.php(87): Illuminate/Pipeline/Pipeline->{closure:{closure:Illuminate/Pipeline/Pipeline::carry():158}:159}()
#38 D:/laragon-new/laragon/www/hospital-management/vendor/laravel/framework/src/Illuminate/Pipeline/Pipeline.php(183): Inertia/Middleware->handle()
#39 D:/laragon-new/laragon/www/hospital-management/vendor/laravel/framework/src/Illuminate/Routing/Middleware/SubstituteBindings.php(50): Illuminate/Pipeline/Pipeline->{closure:{closure:Illuminate/Pipeline/Pipeline::carry():158}:159}()
#40 D:/laragon-new/laragon/www/hospital-management/vendor/laravel/framework/src/Illuminate/Pipeline/Pipeline.php(183): Illuminate/Routing/Middleware/SubstituteBindings->handle()
#41 D:/laragon-new/laragon/www/hospital-management/vendor/laravel/framework/src/Illuminate/Foundation/Http/Middleware/VerifyCsrfToken.php(78): Illuminate/Pipeline/Pipeline->{closure:{closure:Illuminate/Pipeline/Pipeline::carry():158}:159}()
#42 D:/laragon-new/laragon/www/hospital-management/vendor/laravel/framework/src/Illuminate/Pipeline/Pipeline.php(183): Illuminate/Foundation/Http/Middleware/VerifyCsrfToken->handle()
#43 D:/laragon-new/laragon/www/hospital-management/vendor/laravel/framework/src/Illuminate/View/Middleware/ShareErrorsFromSession.php(49): Illuminate/Pipeline/Pipeline->{closure:{closure:Illuminate/Pipeline/Pipeline::carry():158}:159}()
#44 D:/laragon-new/laragon/www/hospital-management/vendor/laravel/framework/src/Illuminate/Pipeline/Pipeline.php(183): Illuminate/View/Middleware/ShareErrorsFromSession->handle()
#45 D:/laragon-new/laragon/www/hospital-management/vendor/laravel/framework/src/Illuminate/Session/Middleware/StartSession.php(121): Illuminate/Pipeline/Pipeline->{closure:{closure:Illuminate/Pipeline/Pipeline::carry():158}:159}()
#46 D:/laragon-new/laragon/www/hospital-management/vendor/laravel/framework/src/Illuminate/Session/Middleware/StartSession.php(64): Illuminate/Session/Middleware/StartSession->handleStatefulRequest()
#47 D:/laragon-new/laragon/www/hospital-management/vendor/laravel/framework/src/Illuminate/Pipeline/Pipeline.php(183): Illuminate/Session/Middleware/StartSession->handle()
#48 D:/laragon-new/laragon/www/hospital-management/vendor/laravel/framework/src/Illuminate/Cookie/Middleware/AddQueuedCookiesToResponse.php(37): Illuminate/Pipeline/Pipeline->{closure:{closure:Illuminate/Pipeline/Pipeline::carry():158}:159}()
#49 D:/laragon-new/laragon/www/hospital-management/vendor/laravel/framework/src/Illuminate/Pipeline/Pipeline.php(183): Illuminate/Cookie/Middleware/AddQueuedCookiesToResponse->handle()
#50 D:/laragon-new/laragon/www/hospital-management/vendor/laravel/framework/src/Illuminate/Cookie/Middleware/EncryptCookies.php(67): Illuminate/Pipeline/Pipeline->{closure:{closure:Illuminate/Pipeline/Pipeline::carry():158}:159}()
#51 D:/laragon-new/laragon/www/hospital-management/vendor/laravel/framework/src/Illuminate/Pipeline/Pipeline.php(183): Illuminate/Cookie/Middleware/EncryptCookies->handle()
#52 D:/laragon-new/laragon/www/hospital-management/vendor/laravel/framework/src/Illuminate/Pipeline/Pipeline.php(119): Illuminate/Pipeline/Pipeline->{closure:{closure:Illuminate/Pipeline/Pipeline::carry():158}:159}()
#53 D:/laragon-new/laragon/www/hospital-management/vendor/laravel/framework/src/Illuminate/Routing/Router.php(805): Illuminate/Pipeline/Pipeline->then()
#54 D:/laragon-new/laragon/www/hospital-management/vendor/laravel/framework/src/Illuminate/Routing/Router.php(784): Illuminate/Routing/Router->runRouteWithinStack()
#55 D:/laragon-new/laragon/www/hospital-management/vendor/laravel/framework/src/Illuminate/Routing/Router.php(748): Illuminate/Routing/Router->runRoute()
#56 D:/laragon-new/laragon/www/hospital-management/vendor/laravel/framework/src/Illuminate/Routing/Router.php(737): Illuminate/Routing/Router->dispatchToRoute()
#57 D:/laragon-new/laragon/www/hospital-management/vendor/laravel/framework/src/Illuminate/Foundation/Http/Kernel.php(200): Illuminate/Routing/Router->dispatch()
#58 D:/laragon-new/laragon/www/hospital-management/vendor/laravel/framework/src/Illuminate/Pipeline/Pipeline.php(144): Illuminate/Foundation/Http/Kernel->{closure:Illuminate/Foundation/Http/Kernel::dispatchToRouter():197}()
#59 D:/laragon-new/laragon/www/hospital-management/vendor/laravel/framework/src/Illuminate/Foundation/Http/Middleware/TransformsRequest.php(21): Illuminate/Pipeline/Pipeline->{closure:Illuminate/Pipeline/Pipeline::prepareDestination():142}()
#60 D:/laragon-new/laragon/www/hospital-management/vendor/laravel/framework/src/Illuminate/Foundation/Http/Middleware/ConvertEmptyStringsToNull.php(31): Illuminate/Foundation/Http/Middleware/TransformsRequest->handle()
#61 D:/laragon-new/laragon/www/hospital-management/vendor/laravel/framework/src/Illuminate/Pipeline/Pipeline.php(183): Illuminate/Foundation/Http/Middleware/ConvertEmptyStringsToNull->handle()
#62 D:/laragon-new/laragon/www/hospital-management/vendor/laravel/framework/src/Illuminate/Foundation/Http/Middleware/TransformsRequest.php(21): Illuminate/Pipeline/Pipeline->{closure:{closure:Illuminate/Pipeline/Pipeline::carry():158}:159}()
#63 D:/laragon-new/laragon/www/hospital-management/vendor/laravel/framework/src/Illuminate/Foundation/Http/Middleware/TrimStrings.php(40): Illuminate/Foundation/Http/Middleware/TransformsRequest->handle()
#64 D:/laragon-new/laragon/www/hospital-management/vendor/laravel/framework/src/Illuminate/Pipeline/Pipeline.php(183): Illuminate/Foundation/Http/Middleware/TrimStrings->handle()
#65 D:/laragon-new/laragon/www/hospital-management/vendor/laravel/framework/src/Illuminate/Foundation/Http/Middleware/ValidatePostSize.php(27): Illuminate/Pipeline/Pipeline->{closure:{closure:Illuminate/Pipeline/Pipeline::carry():158}:159}()
#66 D:/laragon-new/laragon/www/hospital-management/vendor/laravel/framework/src/Illuminate/Pipeline/Pipeline.php(183): Illuminate/Foundation/Http/Middleware/ValidatePostSize->handle()
#67 D:/laragon-new/laragon/www/hospital-management/vendor/laravel/framework/src/Illuminate/Foundation/Http/Middleware/PreventRequestsDuringMaintenance.php(99): Illuminate/Pipeline/Pipeline->{closure:{closure:Illuminate/Pipeline/Pipeline::carry():158}:159}()
#68 D:/laragon-new/laragon/www/hospital-management/vendor/laravel/framework/src/Illuminate/Pipeline/Pipeline.php(183): Illuminate/Foundation/Http/Middleware/PreventRequestsDuringMaintenance->handle()
#69 D:/laragon-new/laragon/www/hospital-management/vendor/laravel/framework/src/Illuminate/Http/Middleware/HandleCors.php(49): Illuminate/Pipeline/Pipeline->{closure:{closure:Illuminate/Pipeline/Pipeline::carry():158}:159}()
#70 D:/laragon-new/laragon/www/hospital-management/vendor/laravel/framework/src/Illuminate/Pipeline/Pipeline.php(183): Illuminate/Http/Middleware/HandleCors->handle()
#71 D:/laragon-new/laragon/www/hospital-management/vendor/laravel/framework/src/Illuminate/Http/Middleware/TrustProxies.php(39): Illuminate/Pipeline/Pipeline->{closure:{closure:Illuminate/Pipeline/Pipeline::carry():158}:159}()
#72 D:/laragon-new/laragon/www/hospital-management/vendor/laravel/framework/src/Illuminate/Pipeline/Pipeline.php(183): Illuminate/Http/Middleware/TrustProxies->handle()
#73 D:/laragon-new/laragon/www/hospital-management/vendor/laravel/framework/src/Illuminate/Pipeline/Pipeline.php(119): Illuminate/Pipeline/Pipeline->{closure:{closure:Illuminate/Pipeline/Pipeline::carry():158}:159}()
#74 D:/laragon-new/laragon/www/hospital-management/vendor/laravel/framework/src/Illuminate/Foundation/Http/Kernel.php(175): Illuminate/Pipeline/Pipeline->then()
#75 D:/laragon-new/laragon/www/hospital-management/vendor/laravel/framework/src/Illuminate/Foundation/Http/Kernel.php(144): Illuminate/Foundation/Http/Kernel->sendRequestThroughRouter()
#76 D:/laragon-new/laragon/www/hospital-management/public/index.php(55): Illuminate/Foundation/Http/Kernel->handle()
#77 D:/laragon-new/laragon/www/hospital-management/vendor/laravel/framework/src/Illuminate/Foundation/resources/server.php(16): require_once('...')
#78 {main}

[previous exception] [object] (Illuminate\\Routing\\Exceptions\\UrlGenerationException(code: 0): Missing required parameter for [Route: service-details] [URI: services/{slug}] [Missing parameter: slug]. at D:/laragon-new/laragon/www/hospital-management/vendor/laravel/framework/src/Illuminate/Routing/Exceptions/UrlGenerationException.php:35)
[stacktrace]
#0 D:/laragon-new/laragon/www/hospital-management/vendor/laravel/framework/src/Illuminate/Routing/RouteUrlGenerator.php(90): Illuminate/Routing/Exceptions/UrlGenerationException::forMissingParameters()
#1 D:/laragon-new/laragon/www/hospital-management/vendor/laravel/framework/src/Illuminate/Routing/UrlGenerator.php(500): Illuminate/Routing/RouteUrlGenerator->to()
#2 D:/laragon-new/laragon/www/hospital-management/vendor/laravel/framework/src/Illuminate/Routing/UrlGenerator.php(469): Illuminate/Routing/UrlGenerator->toRoute()
#3 D:/laragon-new/laragon/www/hospital-management/vendor/laravel/framework/src/Illuminate/Foundation/helpers.php(811): Illuminate/Routing/UrlGenerator->route()
#4 D:/laragon-new/laragon/www/hospital-management/storage/framework/views/4b197aba9d8201f34938c70730b36f64.php(66): route()
#5 D:/laragon-new/laragon/www/hospital-management/vendor/laravel/framework/src/Illuminate/Filesystem/Filesystem.php(123): require('...')
#6 D:/laragon-new/laragon/www/hospital-management/vendor/laravel/framework/src/Illuminate/Filesystem/Filesystem.php(124): Illuminate/Filesystem/Filesystem::{closure:Illuminate/Filesystem/Filesystem::getRequire():120}()
#7 D:/laragon-new/laragon/www/hospital-management/vendor/laravel/framework/src/Illuminate/View/Engines/PhpEngine.php(58): Illuminate/Filesystem/Filesystem->getRequire()
#8 D:/laragon-new/laragon/www/hospital-management/vendor/laravel/framework/src/Illuminate/View/Engines/CompilerEngine.php(72): Illuminate/View/Engines/PhpEngine->evaluatePath()
#9 D:/laragon-new/laragon/www/hospital-management/vendor/laravel/framework/src/Illuminate/View/View.php(207): Illuminate/View/Engines/CompilerEngine->get()
#10 D:/laragon-new/laragon/www/hospital-management/vendor/laravel/framework/src/Illuminate/View/View.php(190): Illuminate/View/View->getContents()
#11 D:/laragon-new/laragon/www/hospital-management/vendor/laravel/framework/src/Illuminate/View/View.php(159): Illuminate/View/View->renderContents()
#12 D:/laragon-new/laragon/www/hospital-management/vendor/laravel/framework/src/Illuminate/View/Concerns/ManagesComponents.php(103): Illuminate/View/View->render()
#13 D:/laragon-new/laragon/www/hospital-management/storage/framework/views/f9522c7dc65bb1429fb4d77cbf61990d.php(59): Illuminate/View/Factory->renderComponent()
#14 D:/laragon-new/laragon/www/hospital-management/vendor/laravel/framework/src/Illuminate/Filesystem/Filesystem.php(123): require('...')
#15 D:/laragon-new/laragon/www/hospital-management/vendor/laravel/framework/src/Illuminate/Filesystem/Filesystem.php(124): Illuminate/Filesystem/Filesystem::{closure:Illuminate/Filesystem/Filesystem::getRequire():120}()
#16 D:/laragon-new/laragon/www/hospital-management/vendor/laravel/framework/src/Illuminate/View/Engines/PhpEngine.php(58): Illuminate/Filesystem/Filesystem->getRequire()
#17 D:/laragon-new/laragon/www/hospital-management/vendor/laravel/framework/src/Illuminate/View/Engines/CompilerEngine.php(72): Illuminate/View/Engines/PhpEngine->evaluatePath()
#18 D:/laragon-new/laragon/www/hospital-management/vendor/laravel/framework/src/Illuminate/View/View.php(207): Illuminate/View/Engines/CompilerEngine->get()
#19 D:/laragon-new/laragon/www/hospital-management/vendor/laravel/framework/src/Illuminate/View/View.php(190): Illuminate/View/View->getContents()
#20 D:/laragon-new/laragon/www/hospital-management/vendor/laravel/framework/src/Illuminate/View/View.php(159): Illuminate/View/View->renderContents()
#21 D:/laragon-new/laragon/www/hospital-management/storage/framework/views/cd26cf55e8f5bf8923f22432e065a0b8.php(1362): Illuminate/View/View->render()
#22 D:/laragon-new/laragon/www/hospital-management/vendor/laravel/framework/src/Illuminate/Filesystem/Filesystem.php(123): require('...')
#23 D:/laragon-new/laragon/www/hospital-management/vendor/laravel/framework/src/Illuminate/Filesystem/Filesystem.php(124): Illuminate/Filesystem/Filesystem::{closure:Illuminate/Filesystem/Filesystem::getRequire():120}()
#24 D:/laragon-new/laragon/www/hospital-management/vendor/laravel/framework/src/Illuminate/View/Engines/PhpEngine.php(58): Illuminate/Filesystem/Filesystem->getRequire()
#25 D:/laragon-new/laragon/www/hospital-management/vendor/laravel/framework/src/Illuminate/View/Engines/CompilerEngine.php(72): Illuminate/View/Engines/PhpEngine->evaluatePath()
#26 D:/laragon-new/laragon/www/hospital-management/vendor/laravel/framework/src/Illuminate/View/View.php(207): Illuminate/View/Engines/CompilerEngine->get()
#27 D:/laragon-new/laragon/www/hospital-management/vendor/laravel/framework/src/Illuminate/View/View.php(190): Illuminate/View/View->getContents()
#28 D:/laragon-new/laragon/www/hospital-management/vendor/laravel/framework/src/Illuminate/View/View.php(159): Illuminate/View/View->renderContents()
#29 D:/laragon-new/laragon/www/hospital-management/vendor/laravel/framework/src/Illuminate/Http/Response.php(69): Illuminate/View/View->render()
#30 D:/laragon-new/laragon/www/hospital-management/vendor/laravel/framework/src/Illuminate/Http/Response.php(35): Illuminate/Http/Response->setContent()
#31 D:/laragon-new/laragon/www/hospital-management/vendor/laravel/framework/src/Illuminate/Routing/Router.php(918): Illuminate/Http/Response->__construct()
#32 D:/laragon-new/laragon/www/hospital-management/vendor/laravel/framework/src/Illuminate/Routing/Router.php(885): Illuminate/Routing/Router::toResponse()
#33 D:/laragon-new/laragon/www/hospital-management/vendor/laravel/framework/src/Illuminate/Routing/Router.php(805): Illuminate/Routing/Router->prepareResponse()
#34 D:/laragon-new/laragon/www/hospital-management/vendor/laravel/framework/src/Illuminate/Pipeline/Pipeline.php(144): Illuminate/Routing/Router->{closure:Illuminate/Routing/Router::runRouteWithinStack():805}()
#35 D:/laragon-new/laragon/www/hospital-management/vendor/laravel/framework/src/Illuminate/Http/Middleware/AddLinkHeadersForPreloadedAssets.php(20): Illuminate/Pipeline/Pipeline->{closure:Illuminate/Pipeline/Pipeline::prepareDestination():142}()
#36 D:/laragon-new/laragon/www/hospital-management/vendor/laravel/framework/src/Illuminate/Pipeline/Pipeline.php(183): Illuminate/Http/Middleware/AddLinkHeadersForPreloadedAssets->handle()
#37 D:/laragon-new/laragon/www/hospital-management/vendor/inertiajs/inertia-laravel/src/Middleware.php(87): Illuminate/Pipeline/Pipeline->{closure:{closure:Illuminate/Pipeline/Pipeline::carry():158}:159}()
#38 D:/laragon-new/laragon/www/hospital-management/vendor/laravel/framework/src/Illuminate/Pipeline/Pipeline.php(183): Inertia/Middleware->handle()
#39 D:/laragon-new/laragon/www/hospital-management/vendor/laravel/framework/src/Illuminate/Routing/Middleware/SubstituteBindings.php(50): Illuminate/Pipeline/Pipeline->{closure:{closure:Illuminate/Pipeline/Pipeline::carry():158}:159}()
#40 D:/laragon-new/laragon/www/hospital-management/vendor/laravel/framework/src/Illuminate/Pipeline/Pipeline.php(183): Illuminate/Routing/Middleware/SubstituteBindings->handle()
#41 D:/laragon-new/laragon/www/hospital-management/vendor/laravel/framework/src/Illuminate/Foundation/Http/Middleware/VerifyCsrfToken.php(78): Illuminate/Pipeline/Pipeline->{closure:{closure:Illuminate/Pipeline/Pipeline::carry():158}:159}()
#42 D:/laragon-new/laragon/www/hospital-management/vendor/laravel/framework/src/Illuminate/Pipeline/Pipeline.php(183): Illuminate/Foundation/Http/Middleware/VerifyCsrfToken->handle()
#43 D:/laragon-new/laragon/www/hospital-management/vendor/laravel/framework/src/Illuminate/View/Middleware/ShareErrorsFromSession.php(49): Illuminate/Pipeline/Pipeline->{closure:{closure:Illuminate/Pipeline/Pipeline::carry():158}:159}()
#44 D:/laragon-new/laragon/www/hospital-management/vendor/laravel/framework/src/Illuminate/Pipeline/Pipeline.php(183): Illuminate/View/Middleware/ShareErrorsFromSession->handle()
#45 D:/laragon-new/laragon/www/hospital-management/vendor/laravel/framework/src/Illuminate/Session/Middleware/StartSession.php(121): Illuminate/Pipeline/Pipeline->{closure:{closure:Illuminate/Pipeline/Pipeline::carry():158}:159}()
#46 D:/laragon-new/laragon/www/hospital-management/vendor/laravel/framework/src/Illuminate/Session/Middleware/StartSession.php(64): Illuminate/Session/Middleware/StartSession->handleStatefulRequest()
#47 D:/laragon-new/laragon/www/hospital-management/vendor/laravel/framework/src/Illuminate/Pipeline/Pipeline.php(183): Illuminate/Session/Middleware/StartSession->handle()
#48 D:/laragon-new/laragon/www/hospital-management/vendor/laravel/framework/src/Illuminate/Cookie/Middleware/AddQueuedCookiesToResponse.php(37): Illuminate/Pipeline/Pipeline->{closure:{closure:Illuminate/Pipeline/Pipeline::carry():158}:159}()
#49 D:/laragon-new/laragon/www/hospital-management/vendor/laravel/framework/src/Illuminate/Pipeline/Pipeline.php(183): Illuminate/Cookie/Middleware/AddQueuedCookiesToResponse->handle()
#50 D:/laragon-new/laragon/www/hospital-management/vendor/laravel/framework/src/Illuminate/Cookie/Middleware/EncryptCookies.php(67): Illuminate/Pipeline/Pipeline->{closure:{closure:Illuminate/Pipeline/Pipeline::carry():158}:159}()
#51 D:/laragon-new/laragon/www/hospital-management/vendor/laravel/framework/src/Illuminate/Pipeline/Pipeline.php(183): Illuminate/Cookie/Middleware/EncryptCookies->handle()
#52 D:/laragon-new/laragon/www/hospital-management/vendor/laravel/framework/src/Illuminate/Pipeline/Pipeline.php(119): Illuminate/Pipeline/Pipeline->{closure:{closure:Illuminate/Pipeline/Pipeline::carry():158}:159}()
#53 D:/laragon-new/laragon/www/hospital-management/vendor/laravel/framework/src/Illuminate/Routing/Router.php(805): Illuminate/Pipeline/Pipeline->then()
#54 D:/laragon-new/laragon/www/hospital-management/vendor/laravel/framework/src/Illuminate/Routing/Router.php(784): Illuminate/Routing/Router->runRouteWithinStack()
#55 D:/laragon-new/laragon/www/hospital-management/vendor/laravel/framework/src/Illuminate/Routing/Router.php(748): Illuminate/Routing/Router->runRoute()
#56 D:/laragon-new/laragon/www/hospital-management/vendor/laravel/framework/src/Illuminate/Routing/Router.php(737): Illuminate/Routing/Router->dispatchToRoute()
#57 D:/laragon-new/laragon/www/hospital-management/vendor/laravel/framework/src/Illuminate/Foundation/Http/Kernel.php(200): Illuminate/Routing/Router->dispatch()
#58 D:/laragon-new/laragon/www/hospital-management/vendor/laravel/framework/src/Illuminate/Pipeline/Pipeline.php(144): Illuminate/Foundation/Http/Kernel->{closure:Illuminate/Foundation/Http/Kernel::dispatchToRouter():197}()
#59 D:/laragon-new/laragon/www/hospital-management/vendor/laravel/framework/src/Illuminate/Foundation/Http/Middleware/TransformsRequest.php(21): Illuminate/Pipeline/Pipeline->{closure:Illuminate/Pipeline/Pipeline::prepareDestination():142}()
#60 D:/laragon-new/laragon/www/hospital-management/vendor/laravel/framework/src/Illuminate/Foundation/Http/Middleware/ConvertEmptyStringsToNull.php(31): Illuminate/Foundation/Http/Middleware/TransformsRequest->handle()
#61 D:/laragon-new/laragon/www/hospital-management/vendor/laravel/framework/src/Illuminate/Pipeline/Pipeline.php(183): Illuminate/Foundation/Http/Middleware/ConvertEmptyStringsToNull->handle()
#62 D:/laragon-new/laragon/www/hospital-management/vendor/laravel/framework/src/Illuminate/Foundation/Http/Middleware/TransformsRequest.php(21): Illuminate/Pipeline/Pipeline->{closure:{closure:Illuminate/Pipeline/Pipeline::carry():158}:159}()
#63 D:/laragon-new/laragon/www/hospital-management/vendor/laravel/framework/src/Illuminate/Foundation/Http/Middleware/TrimStrings.php(40): Illuminate/Foundation/Http/Middleware/TransformsRequest->handle()
#64 D:/laragon-new/laragon/www/hospital-management/vendor/laravel/framework/src/Illuminate/Pipeline/Pipeline.php(183): Illuminate/Foundation/Http/Middleware/TrimStrings->handle()
#65 D:/laragon-new/laragon/www/hospital-management/vendor/laravel/framework/src/Illuminate/Foundation/Http/Middleware/ValidatePostSize.php(27): Illuminate/Pipeline/Pipeline->{closure:{closure:Illuminate/Pipeline/Pipeline::carry():158}:159}()
#66 D:/laragon-new/laragon/www/hospital-management/vendor/laravel/framework/src/Illuminate/Pipeline/Pipeline.php(183): Illuminate/Foundation/Http/Middleware/ValidatePostSize->handle()
#67 D:/laragon-new/laragon/www/hospital-management/vendor/laravel/framework/src/Illuminate/Foundation/Http/Middleware/PreventRequestsDuringMaintenance.php(99): Illuminate/Pipeline/Pipeline->{closure:{closure:Illuminate/Pipeline/Pipeline::carry():158}:159}()
#68 D:/laragon-new/laragon/www/hospital-management/vendor/laravel/framework/src/Illuminate/Pipeline/Pipeline.php(183): Illuminate/Foundation/Http/Middleware/PreventRequestsDuringMaintenance->handle()
#69 D:/laragon-new/laragon/www/hospital-management/vendor/laravel/framework/src/Illuminate/Http/Middleware/HandleCors.php(49): Illuminate/Pipeline/Pipeline->{closure:{closure:Illuminate/Pipeline/Pipeline::carry():158}:159}()
#70 D:/laragon-new/laragon/www/hospital-management/vendor/laravel/framework/src/Illuminate/Pipeline/Pipeline.php(183): Illuminate/Http/Middleware/HandleCors->handle()
#71 D:/laragon-new/laragon/www/hospital-management/vendor/laravel/framework/src/Illuminate/Http/Middleware/TrustProxies.php(39): Illuminate/Pipeline/Pipeline->{closure:{closure:Illuminate/Pipeline/Pipeline::carry():158}:159}()
#72 D:/laragon-new/laragon/www/hospital-management/vendor/laravel/framework/src/Illuminate/Pipeline/Pipeline.php(183): Illuminate/Http/Middleware/TrustProxies->handle()
#73 D:/laragon-new/laragon/www/hospital-management/vendor/laravel/framework/src/Illuminate/Pipeline/Pipeline.php(119): Illuminate/Pipeline/Pipeline->{closure:{closure:Illuminate/Pipeline/Pipeline::carry():158}:159}()
#74 D:/laragon-new/laragon/www/hospital-management/vendor/laravel/framework/src/Illuminate/Foundation/Http/Kernel.php(175): Illuminate/Pipeline/Pipeline->then()
#75 D:/laragon-new/laragon/www/hospital-management/vendor/laravel/framework/src/Illuminate/Foundation/Http/Kernel.php(144): Illuminate/Foundation/Http/Kernel->sendRequestThroughRouter()
#76 D:/laragon-new/laragon/www/hospital-management/public/index.php(55): Illuminate/Foundation/Http/Kernel->handle()
#77 D:/laragon-new/laragon/www/hospital-management/vendor/laravel/framework/src/Illuminate/Foundation/resources/server.php(16): require_once('...')
#78 {main}
"} 
[2026-07-17 06:24:53] local.ERROR: Missing required parameter for [Route: service-details] [URI: services/{slug}] [Missing parameter: slug]. {"view":{"view":"D:\\laragon-new\\laragon\\www\\hospital-management\\resources\\views\\components\\frontend\\footer.blade.php","data":[]},"exception":"[object] (Spatie\\LaravelIgnition\\Exceptions\\ViewException(code: 0): Missing required parameter for [Route: service-details] [URI: services/{slug}] [Missing parameter: slug]. at D:/laragon-new/laragon/www/hospital-management/vendor/laravel/framework/src/Illuminate/Routing/Exceptions/UrlGenerationException.php:35)
[stacktrace]
#0 D:/laragon-new/laragon/www/hospital-management/vendor/laravel/framework/src/Illuminate/Routing/RouteUrlGenerator.php(90): Illuminate/Routing/Exceptions/UrlGenerationException::forMissingParameters()
#1 D:/laragon-new/laragon/www/hospital-management/vendor/laravel/framework/src/Illuminate/Routing/UrlGenerator.php(500): Illuminate/Routing/RouteUrlGenerator->to()
#2 D:/laragon-new/laragon/www/hospital-management/vendor/laravel/framework/src/Illuminate/Routing/UrlGenerator.php(469): Illuminate/Routing/UrlGenerator->toRoute()
#3 D:/laragon-new/laragon/www/hospital-management/vendor/laravel/framework/src/Illuminate/Foundation/helpers.php(811): Illuminate/Routing/UrlGenerator->route()
#4 D:/laragon-new/laragon/www/hospital-management/resources/views/components/frontend/footer.blade.php(65): route()
#5 D:/laragon-new/laragon/www/hospital-management/vendor/laravel/framework/src/Illuminate/Filesystem/Filesystem.php(123): require('...')
#6 D:/laragon-new/laragon/www/hospital-management/vendor/laravel/framework/src/Illuminate/Filesystem/Filesystem.php(124): Illuminate/Filesystem/Filesystem::{closure:Illuminate/Filesystem/Filesystem::getRequire():120}()
#7 D:/laragon-new/laragon/www/hospital-management/vendor/laravel/framework/src/Illuminate/View/Engines/PhpEngine.php(58): Illuminate/Filesystem/Filesystem->getRequire()
#8 D:/laragon-new/laragon/www/hospital-management/vendor/laravel/framework/src/Illuminate/View/Engines/CompilerEngine.php(72): Illuminate/View/Engines/PhpEngine->evaluatePath()
#9 D:/laragon-new/laragon/www/hospital-management/vendor/laravel/framework/src/Illuminate/View/View.php(207): Illuminate/View/Engines/CompilerEngine->get()
#10 D:/laragon-new/laragon/www/hospital-management/vendor/laravel/framework/src/Illuminate/View/View.php(190): Illuminate/View/View->getContents()
#11 D:/laragon-new/laragon/www/hospital-management/vendor/laravel/framework/src/Illuminate/View/View.php(159): Illuminate/View/View->renderContents()
#12 D:/laragon-new/laragon/www/hospital-management/vendor/laravel/framework/src/Illuminate/View/Concerns/ManagesComponents.php(103): Illuminate/View/View->render()
#13 D:/laragon-new/laragon/www/hospital-management/resources/views/layouts/frontend.blade.php(30): Illuminate/View/Factory->renderComponent()
#14 D:/laragon-new/laragon/www/hospital-management/vendor/laravel/framework/src/Illuminate/Filesystem/Filesystem.php(123): require('...')
#15 D:/laragon-new/laragon/www/hospital-management/vendor/laravel/framework/src/Illuminate/Filesystem/Filesystem.php(124): Illuminate/Filesystem/Filesystem::{closure:Illuminate/Filesystem/Filesystem::getRequire():120}()
#16 D:/laragon-new/laragon/www/hospital-management/vendor/laravel/framework/src/Illuminate/View/Engines/PhpEngine.php(58): Illuminate/Filesystem/Filesystem->getRequire()
#17 D:/laragon-new/laragon/www/hospital-management/vendor/laravel/framework/src/Illuminate/View/Engines/CompilerEngine.php(72): Illuminate/View/Engines/PhpEngine->evaluatePath()
#18 D:/laragon-new/laragon/www/hospital-management/vendor/laravel/framework/src/Illuminate/View/View.php(207): Illuminate/View/Engines/CompilerEngine->get()
#19 D:/laragon-new/laragon/www/hospital-management/vendor/laravel/framework/src/Illuminate/View/View.php(190): Illuminate/View/View->getContents()
#20 D:/laragon-new/laragon/www/hospital-management/vendor/laravel/framework/src/Illuminate/View/View.php(159): Illuminate/View/View->renderContents()
#21 D:/laragon-new/laragon/www/hospital-management/resources/views/frontend/services.blade.php(123): Illuminate/View/View->render()
#22 D:/laragon-new/laragon/www/hospital-management/vendor/laravel/framework/src/Illuminate/Filesystem/Filesystem.php(123): require('...')
#23 D:/laragon-new/laragon/www/hospital-management/vendor/laravel/framework/src/Illuminate/Filesystem/Filesystem.php(124): Illuminate/Filesystem/Filesystem::{closure:Illuminate/Filesystem/Filesystem::getRequire():120}()
#24 D:/laragon-new/laragon/www/hospital-management/vendor/laravel/framework/src/Illuminate/View/Engines/PhpEngine.php(58): Illuminate/Filesystem/Filesystem->getRequire()
#25 D:/laragon-new/laragon/www/hospital-management/vendor/laravel/framework/src/Illuminate/View/Engines/CompilerEngine.php(72): Illuminate/View/Engines/PhpEngine->evaluatePath()
#26 D:/laragon-new/laragon/www/hospital-management/vendor/laravel/framework/src/Illuminate/View/View.php(207): Illuminate/View/Engines/CompilerEngine->get()
#27 D:/laragon-new/laragon/www/hospital-management/vendor/laravel/framework/src/Illuminate/View/View.php(190): Illuminate/View/View->getContents()
#28 D:/laragon-new/laragon/www/hospital-management/vendor/laravel/framework/src/Illuminate/View/View.php(159): Illuminate/View/View->renderContents()
#29 D:/laragon-new/laragon/www/hospital-management/vendor/laravel/framework/src/Illuminate/Http/Response.php(69): Illuminate/View/View->render()
#30 D:/laragon-new/laragon/www/hospital-management/vendor/laravel/framework/src/Illuminate/Http/Response.php(35): Illuminate/Http/Response->setContent()
#31 D:/laragon-new/laragon/www/hospital-management/vendor/laravel/framework/src/Illuminate/Routing/Router.php(918): Illuminate/Http/Response->__construct()
#32 D:/laragon-new/laragon/www/hospital-management/vendor/laravel/framework/src/Illuminate/Routing/Router.php(885): Illuminate/Routing/Router::toResponse()
#33 D:/laragon-new/laragon/www/hospital-management/vendor/laravel/framework/src/Illuminate/Routing/Router.php(805): Illuminate/Routing/Router->prepareResponse()
#34 D:/laragon-new/laragon/www/hospital-management/vendor/laravel/framework/src/Illuminate/Pipeline/Pipeline.php(144): Illuminate/Routing/Router->{closure:Illuminate/Routing/Router::runRouteWithinStack():805}()
#35 D:/laragon-new/laragon/www/hospital-management/vendor/laravel/framework/src/Illuminate/Http/Middleware/AddLinkHeadersForPreloadedAssets.php(20): Illuminate/Pipeline/Pipeline->{closure:Illuminate/Pipeline/Pipeline::prepareDestination():142}()
#36 D:/laragon-new/laragon/www/hospital-management/vendor/laravel/framework/src/Illuminate/Pipeline/Pipeline.php(183): Illuminate/Http/Middleware/AddLinkHeadersForPreloadedAssets->handle()
#37 D:/laragon-new/laragon/www/hospital-management/vendor/inertiajs/inertia-laravel/src/Middleware.php(87): Illuminate/Pipeline/Pipeline->{closure:{closure:Illuminate/Pipeline/Pipeline::carry():158}:159}()
#38 D:/laragon-new/laragon/www/hospital-management/vendor/laravel/framework/src/Illuminate/Pipeline/Pipeline.php(183): Inertia/Middleware->handle()
#39 D:/laragon-new/laragon/www/hospital-management/vendor/laravel/framework/src/Illuminate/Routing/Middleware/SubstituteBindings.php(50): Illuminate/Pipeline/Pipeline->{closure:{closure:Illuminate/Pipeline/Pipeline::carry():158}:159}()
#40 D:/laragon-new/laragon/www/hospital-management/vendor/laravel/framework/src/Illuminate/Pipeline/Pipeline.php(183): Illuminate/Routing/Middleware/SubstituteBindings->handle()
#41 D:/laragon-new/laragon/www/hospital-management/vendor/laravel/framework/src/Illuminate/Foundation/Http/Middleware/VerifyCsrfToken.php(78): Illuminate/Pipeline/Pipeline->{closure:{closure:Illuminate/Pipeline/Pipeline::carry():158}:159}()
#42 D:/laragon-new/laragon/www/hospital-management/vendor/laravel/framework/src/Illuminate/Pipeline/Pipeline.php(183): Illuminate/Foundation/Http/Middleware/VerifyCsrfToken->handle()
#43 D:/laragon-new/laragon/www/hospital-management/vendor/laravel/framework/src/Illuminate/View/Middleware/ShareErrorsFromSession.php(49): Illuminate/Pipeline/Pipeline->{closure:{closure:Illuminate/Pipeline/Pipeline::carry():158}:159}()
#44 D:/laragon-new/laragon/www/hospital-management/vendor/laravel/framework/src/Illuminate/Pipeline/Pipeline.php(183): Illuminate/View/Middleware/ShareErrorsFromSession->handle()
#45 D:/laragon-new/laragon/www/hospital-management/vendor/laravel/framework/src/Illuminate/Session/Middleware/StartSession.php(121): Illuminate/Pipeline/Pipeline->{closure:{closure:Illuminate/Pipeline/Pipeline::carry():158}:159}()
#46 D:/laragon-new/laragon/www/hospital-management/vendor/laravel/framework/src/Illuminate/Session/Middleware/StartSession.php(64): Illuminate/Session/Middleware/StartSession->handleStatefulRequest()
#47 D:/laragon-new/laragon/www/hospital-management/vendor/laravel/framework/src/Illuminate/Pipeline/Pipeline.php(183): Illuminate/Session/Middleware/StartSession->handle()
#48 D:/laragon-new/laragon/www/hospital-management/vendor/laravel/framework/src/Illuminate/Cookie/Middleware/AddQueuedCookiesToResponse.php(37): Illuminate/Pipeline/Pipeline->{closure:{closure:Illuminate/Pipeline/Pipeline::carry():158}:159}()
#49 D:/laragon-new/laragon/www/hospital-management/vendor/laravel/framework/src/Illuminate/Pipeline/Pipeline.php(183): Illuminate/Cookie/Middleware/AddQueuedCookiesToResponse->handle()
#50 D:/laragon-new/laragon/www/hospital-management/vendor/laravel/framework/src/Illuminate/Cookie/Middleware/EncryptCookies.php(67): Illuminate/Pipeline/Pipeline->{closure:{closure:Illuminate/Pipeline/Pipeline::carry():158}:159}()
#51 D:/laragon-new/laragon/www/hospital-management/vendor/laravel/framework/src/Illuminate/Pipeline/Pipeline.php(183): Illuminate/Cookie/Middleware/EncryptCookies->handle()
#52 D:/laragon-new/laragon/www/hospital-management/vendor/laravel/framework/src/Illuminate/Pipeline/Pipeline.php(119): Illuminate/Pipeline/Pipeline->{closure:{closure:Illuminate/Pipeline/Pipeline::carry():158}:159}()
#53 D:/laragon-new/laragon/www/hospital-management/vendor/laravel/framework/src/Illuminate/Routing/Router.php(805): Illuminate/Pipeline/Pipeline->then()
#54 D:/laragon-new/laragon/www/hospital-management/vendor/laravel/framework/src/Illuminate/Routing/Router.php(784): Illuminate/Routing/Router->runRouteWithinStack()
#55 D:/laragon-new/laragon/www/hospital-management/vendor/laravel/framework/src/Illuminate/Routing/Router.php(748): Illuminate/Routing/Router->runRoute()
#56 D:/laragon-new/laragon/www/hospital-management/vendor/laravel/framework/src/Illuminate/Routing/Router.php(737): Illuminate/Routing/Router->dispatchToRoute()
#57 D:/laragon-new/laragon/www/hospital-management/vendor/laravel/framework/src/Illuminate/Foundation/Http/Kernel.php(200): Illuminate/Routing/Router->dispatch()
#58 D:/laragon-new/laragon/www/hospital-management/vendor/laravel/framework/src/Illuminate/Pipeline/Pipeline.php(144): Illuminate/Foundation/Http/Kernel->{closure:Illuminate/Foundation/Http/Kernel::dispatchToRouter():197}()
#59 D:/laragon-new/laragon/www/hospital-management/vendor/laravel/framework/src/Illuminate/Foundation/Http/Middleware/TransformsRequest.php(21): Illuminate/Pipeline/Pipeline->{closure:Illuminate/Pipeline/Pipeline::prepareDestination():142}()
#60 D:/laragon-new/laragon/www/hospital-management/vendor/laravel/framework/src/Illuminate/Foundation/Http/Middleware/ConvertEmptyStringsToNull.php(31): Illuminate/Foundation/Http/Middleware/TransformsRequest->handle()
#61 D:/laragon-new/laragon/www/hospital-management/vendor/laravel/framework/src/Illuminate/Pipeline/Pipeline.php(183): Illuminate/Foundation/Http/Middleware/ConvertEmptyStringsToNull->handle()
#62 D:/laragon-new/laragon/www/hospital-management/vendor/laravel/framework/src/Illuminate/Foundation/Http/Middleware/TransformsRequest.php(21): Illuminate/Pipeline/Pipeline->{closure:{closure:Illuminate/Pipeline/Pipeline::carry():158}:159}()
#63 D:/laragon-new/laragon/www/hospital-management/vendor/laravel/framework/src/Illuminate/Foundation/Http/Middleware/TrimStrings.php(40): Illuminate/Foundation/Http/Middleware/TransformsRequest->handle()
#64 D:/laragon-new/laragon/www/hospital-management/vendor/laravel/framework/src/Illuminate/Pipeline/Pipeline.php(183): Illuminate/Foundation/Http/Middleware/TrimStrings->handle()
#65 D:/laragon-new/laragon/www/hospital-management/vendor/laravel/framework/src/Illuminate/Foundation/Http/Middleware/ValidatePostSize.php(27): Illuminate/Pipeline/Pipeline->{closure:{closure:Illuminate/Pipeline/Pipeline::carry():158}:159}()
#66 D:/laragon-new/laragon/www/hospital-management/vendor/laravel/framework/src/Illuminate/Pipeline/Pipeline.php(183): Illuminate/Foundation/Http/Middleware/ValidatePostSize->handle()
#67 D:/laragon-new/laragon/www/hospital-management/vendor/laravel/framework/src/Illuminate/Foundation/Http/Middleware/PreventRequestsDuringMaintenance.php(99): Illuminate/Pipeline/Pipeline->{closure:{closure:Illuminate/Pipeline/Pipeline::carry():158}:159}()
#68 D:/laragon-new/laragon/www/hospital-management/vendor/laravel/framework/src/Illuminate/Pipeline/Pipeline.php(183): Illuminate/Foundation/Http/Middleware/PreventRequestsDuringMaintenance->handle()
#69 D:/laragon-new/laragon/www/hospital-management/vendor/laravel/framework/src/Illuminate/Http/Middleware/HandleCors.php(49): Illuminate/Pipeline/Pipeline->{closure:{closure:Illuminate/Pipeline/Pipeline::carry():158}:159}()
#70 D:/laragon-new/laragon/www/hospital-management/vendor/laravel/framework/src/Illuminate/Pipeline/Pipeline.php(183): Illuminate/Http/Middleware/HandleCors->handle()
#71 D:/laragon-new/laragon/www/hospital-management/vendor/laravel/framework/src/Illuminate/Http/Middleware/TrustProxies.php(39): Illuminate/Pipeline/Pipeline->{closure:{closure:Illuminate/Pipeline/Pipeline::carry():158}:159}()
#72 D:/laragon-new/laragon/www/hospital-management/vendor/laravel/framework/src/Illuminate/Pipeline/Pipeline.php(183): Illuminate/Http/Middleware/TrustProxies->handle()
#73 D:/laragon-new/laragon/www/hospital-management/vendor/laravel/framework/src/Illuminate/Pipeline/Pipeline.php(119): Illuminate/Pipeline/Pipeline->{closure:{closure:Illuminate/Pipeline/Pipeline::carry():158}:159}()
#74 D:/laragon-new/laragon/www/hospital-management/vendor/laravel/framework/src/Illuminate/Foundation/Http/Kernel.php(175): Illuminate/Pipeline/Pipeline->then()
#75 D:/laragon-new/laragon/www/hospital-management/vendor/laravel/framework/src/Illuminate/Foundation/Http/Kernel.php(144): Illuminate/Foundation/Http/Kernel->sendRequestThroughRouter()
#76 D:/laragon-new/laragon/www/hospital-management/public/index.php(55): Illuminate/Foundation/Http/Kernel->handle()
#77 D:/laragon-new/laragon/www/hospital-management/vendor/laravel/framework/src/Illuminate/Foundation/resources/server.php(16): require_once('...')
#78 {main}

[previous exception] [object] (Illuminate\\Routing\\Exceptions\\UrlGenerationException(code: 0): Missing required parameter for [Route: service-details] [URI: services/{slug}] [Missing parameter: slug]. at D:/laragon-new/laragon/www/hospital-management/vendor/laravel/framework/src/Illuminate/Routing/Exceptions/UrlGenerationException.php:35)
[stacktrace]
#0 D:/laragon-new/laragon/www/hospital-management/vendor/laravel/framework/src/Illuminate/Routing/RouteUrlGenerator.php(90): Illuminate/Routing/Exceptions/UrlGenerationException::forMissingParameters()
#1 D:/laragon-new/laragon/www/hospital-management/vendor/laravel/framework/src/Illuminate/Routing/UrlGenerator.php(500): Illuminate/Routing/RouteUrlGenerator->to()
#2 D:/laragon-new/laragon/www/hospital-management/vendor/laravel/framework/src/Illuminate/Routing/UrlGenerator.php(469): Illuminate/Routing/UrlGenerator->toRoute()
#3 D:/laragon-new/laragon/www/hospital-management/vendor/laravel/framework/src/Illuminate/Foundation/helpers.php(811): Illuminate/Routing/UrlGenerator->route()
#4 D:/laragon-new/laragon/www/hospital-management/storage/framework/views/4b197aba9d8201f34938c70730b36f64.php(66): route()
#5 D:/laragon-new/laragon/www/hospital-management/vendor/laravel/framework/src/Illuminate/Filesystem/Filesystem.php(123): require('...')
#6 D:/laragon-new/laragon/www/hospital-management/vendor/laravel/framework/src/Illuminate/Filesystem/Filesystem.php(124): Illuminate/Filesystem/Filesystem::{closure:Illuminate/Filesystem/Filesystem::getRequire():120}()
#7 D:/laragon-new/laragon/www/hospital-management/vendor/laravel/framework/src/Illuminate/View/Engines/PhpEngine.php(58): Illuminate/Filesystem/Filesystem->getRequire()
#8 D:/laragon-new/laragon/www/hospital-management/vendor/laravel/framework/src/Illuminate/View/Engines/CompilerEngine.php(72): Illuminate/View/Engines/PhpEngine->evaluatePath()
#9 D:/laragon-new/laragon/www/hospital-management/vendor/laravel/framework/src/Illuminate/View/View.php(207): Illuminate/View/Engines/CompilerEngine->get()
#10 D:/laragon-new/laragon/www/hospital-management/vendor/laravel/framework/src/Illuminate/View/View.php(190): Illuminate/View/View->getContents()
#11 D:/laragon-new/laragon/www/hospital-management/vendor/laravel/framework/src/Illuminate/View/View.php(159): Illuminate/View/View->renderContents()
#12 D:/laragon-new/laragon/www/hospital-management/vendor/laravel/framework/src/Illuminate/View/Concerns/ManagesComponents.php(103): Illuminate/View/View->render()
#13 D:/laragon-new/laragon/www/hospital-management/storage/framework/views/f9522c7dc65bb1429fb4d77cbf61990d.php(59): Illuminate/View/Factory->renderComponent()
#14 D:/laragon-new/laragon/www/hospital-management/vendor/laravel/framework/src/Illuminate/Filesystem/Filesystem.php(123): require('...')
#15 D:/laragon-new/laragon/www/hospital-management/vendor/laravel/framework/src/Illuminate/Filesystem/Filesystem.php(124): Illuminate/Filesystem/Filesystem::{closure:Illuminate/Filesystem/Filesystem::getRequire():120}()
#16 D:/laragon-new/laragon/www/hospital-management/vendor/laravel/framework/src/Illuminate/View/Engines/PhpEngine.php(58): Illuminate/Filesystem/Filesystem->getRequire()
#17 D:/laragon-new/laragon/www/hospital-management/vendor/laravel/framework/src/Illuminate/View/Engines/CompilerEngine.php(72): Illuminate/View/Engines/PhpEngine->evaluatePath()
#18 D:/laragon-new/laragon/www/hospital-management/vendor/laravel/framework/src/Illuminate/View/View.php(207): Illuminate/View/Engines/CompilerEngine->get()
#19 D:/laragon-new/laragon/www/hospital-management/vendor/laravel/framework/src/Illuminate/View/View.php(190): Illuminate/View/View->getContents()
#20 D:/laragon-new/laragon/www/hospital-management/vendor/laravel/framework/src/Illuminate/View/View.php(159): Illuminate/View/View->renderContents()
#21 D:/laragon-new/laragon/www/hospital-management/storage/framework/views/6727c2a6aab4f428cae94de467810942.php(124): Illuminate/View/View->render()
#22 D:/laragon-new/laragon/www/hospital-management/vendor/laravel/framework/src/Illuminate/Filesystem/Filesystem.php(123): require('...')
#23 D:/laragon-new/laragon/www/hospital-management/vendor/laravel/framework/src/Illuminate/Filesystem/Filesystem.php(124): Illuminate/Filesystem/Filesystem::{closure:Illuminate/Filesystem/Filesystem::getRequire():120}()
#24 D:/laragon-new/laragon/www/hospital-management/vendor/laravel/framework/src/Illuminate/View/Engines/PhpEngine.php(58): Illuminate/Filesystem/Filesystem->getRequire()
#25 D:/laragon-new/laragon/www/hospital-management/vendor/laravel/framework/src/Illuminate/View/Engines/CompilerEngine.php(72): Illuminate/View/Engines/PhpEngine->evaluatePath()
#26 D:/laragon-new/laragon/www/hospital-management/vendor/laravel/framework/src/Illuminate/View/View.php(207): Illuminate/View/Engines/CompilerEngine->get()
#27 D:/laragon-new/laragon/www/hospital-management/vendor/laravel/framework/src/Illuminate/View/View.php(190): Illuminate/View/View->getContents()
#28 D:/laragon-new/laragon/www/hospital-management/vendor/laravel/framework/src/Illuminate/View/View.php(159): Illuminate/View/View->renderContents()
#29 D:/laragon-new/laragon/www/hospital-management/vendor/laravel/framework/src/Illuminate/Http/Response.php(69): Illuminate/View/View->render()
#30 D:/laragon-new/laragon/www/hospital-management/vendor/laravel/framework/src/Illuminate/Http/Response.php(35): Illuminate/Http/Response->setContent()
#31 D:/laragon-new/laragon/www/hospital-management/vendor/laravel/framework/src/Illuminate/Routing/Router.php(918): Illuminate/Http/Response->__construct()
#32 D:/laragon-new/laragon/www/hospital-management/vendor/laravel/framework/src/Illuminate/Routing/Router.php(885): Illuminate/Routing/Router::toResponse()
#33 D:/laragon-new/laragon/www/hospital-management/vendor/laravel/framework/src/Illuminate/Routing/Router.php(805): Illuminate/Routing/Router->prepareResponse()
#34 D:/laragon-new/laragon/www/hospital-management/vendor/laravel/framework/src/Illuminate/Pipeline/Pipeline.php(144): Illuminate/Routing/Router->{closure:Illuminate/Routing/Router::runRouteWithinStack():805}()
#35 D:/laragon-new/laragon/www/hospital-management/vendor/laravel/framework/src/Illuminate/Http/Middleware/AddLinkHeadersForPreloadedAssets.php(20): Illuminate/Pipeline/Pipeline->{closure:Illuminate/Pipeline/Pipeline::prepareDestination():142}()
#36 D:/laragon-new/laragon/www/hospital-management/vendor/laravel/framework/src/Illuminate/Pipeline/Pipeline.php(183): Illuminate/Http/Middleware/AddLinkHeadersForPreloadedAssets->handle()
#37 D:/laragon-new/laragon/www/hospital-management/vendor/inertiajs/inertia-laravel/src/Middleware.php(87): Illuminate/Pipeline/Pipeline->{closure:{closure:Illuminate/Pipeline/Pipeline::carry():158}:159}()
#38 D:/laragon-new/laragon/www/hospital-management/vendor/laravel/framework/src/Illuminate/Pipeline/Pipeline.php(183): Inertia/Middleware->handle()
#39 D:/laragon-new/laragon/www/hospital-management/vendor/laravel/framework/src/Illuminate/Routing/Middleware/SubstituteBindings.php(50): Illuminate/Pipeline/Pipeline->{closure:{closure:Illuminate/Pipeline/Pipeline::carry():158}:159}()
#40 D:/laragon-new/laragon/www/hospital-management/vendor/laravel/framework/src/Illuminate/Pipeline/Pipeline.php(183): Illuminate/Routing/Middleware/SubstituteBindings->handle()
#41 D:/laragon-new/laragon/www/hospital-management/vendor/laravel/framework/src/Illuminate/Foundation/Http/Middleware/VerifyCsrfToken.php(78): Illuminate/Pipeline/Pipeline->{closure:{closure:Illuminate/Pipeline/Pipeline::carry():158}:159}()
#42 D:/laragon-new/laragon/www/hospital-management/vendor/laravel/framework/src/Illuminate/Pipeline/Pipeline.php(183): Illuminate/Foundation/Http/Middleware/VerifyCsrfToken->handle()
#43 D:/laragon-new/laragon/www/hospital-management/vendor/laravel/framework/src/Illuminate/View/Middleware/ShareErrorsFromSession.php(49): Illuminate/Pipeline/Pipeline->{closure:{closure:Illuminate/Pipeline/Pipeline::carry():158}:159}()
#44 D:/laragon-new/laragon/www/hospital-management/vendor/laravel/framework/src/Illuminate/Pipeline/Pipeline.php(183): Illuminate/View/Middleware/ShareErrorsFromSession->handle()
#45 D:/laragon-new/laragon/www/hospital-management/vendor/laravel/framework/src/Illuminate/Session/Middleware/StartSession.php(121): Illuminate/Pipeline/Pipeline->{closure:{closure:Illuminate/Pipeline/Pipeline::carry():158}:159}()
#46 D:/laragon-new/laragon/www/hospital-management/vendor/laravel/framework/src/Illuminate/Session/Middleware/StartSession.php(64): Illuminate/Session/Middleware/StartSession->handleStatefulRequest()
#47 D:/laragon-new/laragon/www/hospital-management/vendor/laravel/framework/src/Illuminate/Pipeline/Pipeline.php(183): Illuminate/Session/Middleware/StartSession->handle()
#48 D:/laragon-new/laragon/www/hospital-management/vendor/laravel/framework/src/Illuminate/Cookie/Middleware/AddQueuedCookiesToResponse.php(37): Illuminate/Pipeline/Pipeline->{closure:{closure:Illuminate/Pipeline/Pipeline::carry():158}:159}()
#49 D:/laragon-new/laragon/www/hospital-management/vendor/laravel/framework/src/Illuminate/Pipeline/Pipeline.php(183): Illuminate/Cookie/Middleware/AddQueuedCookiesToResponse->handle()
#50 D:/laragon-new/laragon/www/hospital-management/vendor/laravel/framework/src/Illuminate/Cookie/Middleware/EncryptCookies.php(67): Illuminate/Pipeline/Pipeline->{closure:{closure:Illuminate/Pipeline/Pipeline::carry():158}:159}()
#51 D:/laragon-new/laragon/www/hospital-management/vendor/laravel/framework/src/Illuminate/Pipeline/Pipeline.php(183): Illuminate/Cookie/Middleware/EncryptCookies->handle()
#52 D:/laragon-new/laragon/www/hospital-management/vendor/laravel/framework/src/Illuminate/Pipeline/Pipeline.php(119): Illuminate/Pipeline/Pipeline->{closure:{closure:Illuminate/Pipeline/Pipeline::carry():158}:159}()
#53 D:/laragon-new/laragon/www/hospital-management/vendor/laravel/framework/src/Illuminate/Routing/Router.php(805): Illuminate/Pipeline/Pipeline->then()
#54 D:/laragon-new/laragon/www/hospital-management/vendor/laravel/framework/src/Illuminate/Routing/Router.php(784): Illuminate/Routing/Router->runRouteWithinStack()
#55 D:/laragon-new/laragon/www/hospital-management/vendor/laravel/framework/src/Illuminate/Routing/Router.php(748): Illuminate/Routing/Router->runRoute()
#56 D:/laragon-new/laragon/www/hospital-management/vendor/laravel/framework/src/Illuminate/Routing/Router.php(737): Illuminate/Routing/Router->dispatchToRoute()
#57 D:/laragon-new/laragon/www/hospital-management/vendor/laravel/framework/src/Illuminate/Foundation/Http/Kernel.php(200): Illuminate/Routing/Router->dispatch()
#58 D:/laragon-new/laragon/www/hospital-management/vendor/laravel/framework/src/Illuminate/Pipeline/Pipeline.php(144): Illuminate/Foundation/Http/Kernel->{closure:Illuminate/Foundation/Http/Kernel::dispatchToRouter():197}()
#59 D:/laragon-new/laragon/www/hospital-management/vendor/laravel/framework/src/Illuminate/Foundation/Http/Middleware/TransformsRequest.php(21): Illuminate/Pipeline/Pipeline->{closure:Illuminate/Pipeline/Pipeline::prepareDestination():142}()
#60 D:/laragon-new/laragon/www/hospital-management/vendor/laravel/framework/src/Illuminate/Foundation/Http/Middleware/ConvertEmptyStringsToNull.php(31): Illuminate/Foundation/Http/Middleware/TransformsRequest->handle()
#61 D:/laragon-new/laragon/www/hospital-management/vendor/laravel/framework/src/Illuminate/Pipeline/Pipeline.php(183): Illuminate/Foundation/Http/Middleware/ConvertEmptyStringsToNull->handle()
#62 D:/laragon-new/laragon/www/hospital-management/vendor/laravel/framework/src/Illuminate/Foundation/Http/Middleware/TransformsRequest.php(21): Illuminate/Pipeline/Pipeline->{closure:{closure:Illuminate/Pipeline/Pipeline::carry():158}:159}()
#63 D:/laragon-new/laragon/www/hospital-management/vendor/laravel/framework/src/Illuminate/Foundation/Http/Middleware/TrimStrings.php(40): Illuminate/Foundation/Http/Middleware/TransformsRequest->handle()
#64 D:/laragon-new/laragon/www/hospital-management/vendor/laravel/framework/src/Illuminate/Pipeline/Pipeline.php(183): Illuminate/Foundation/Http/Middleware/TrimStrings->handle()
#65 D:/laragon-new/laragon/www/hospital-management/vendor/laravel/framework/src/Illuminate/Foundation/Http/Middleware/ValidatePostSize.php(27): Illuminate/Pipeline/Pipeline->{closure:{closure:Illuminate/Pipeline/Pipeline::carry():158}:159}()
#66 D:/laragon-new/laragon/www/hospital-management/vendor/laravel/framework/src/Illuminate/Pipeline/Pipeline.php(183): Illuminate/Foundation/Http/Middleware/ValidatePostSize->handle()
#67 D:/laragon-new/laragon/www/hospital-management/vendor/laravel/framework/src/Illuminate/Foundation/Http/Middleware/PreventRequestsDuringMaintenance.php(99): Illuminate/Pipeline/Pipeline->{closure:{closure:Illuminate/Pipeline/Pipeline::carry():158}:159}()
#68 D:/laragon-new/laragon/www/hospital-management/vendor/laravel/framework/src/Illuminate/Pipeline/Pipeline.php(183): Illuminate/Foundation/Http/Middleware/PreventRequestsDuringMaintenance->handle()
#69 D:/laragon-new/laragon/www/hospital-management/vendor/laravel/framework/src/Illuminate/Http/Middleware/HandleCors.php(49): Illuminate/Pipeline/Pipeline->{closure:{closure:Illuminate/Pipeline/Pipeline::carry():158}:159}()
#70 D:/laragon-new/laragon/www/hospital-management/vendor/laravel/framework/src/Illuminate/Pipeline/Pipeline.php(183): Illuminate/Http/Middleware/HandleCors->handle()
#71 D:/laragon-new/laragon/www/hospital-management/vendor/laravel/framework/src/Illuminate/Http/Middleware/TrustProxies.php(39): Illuminate/Pipeline/Pipeline->{closure:{closure:Illuminate/Pipeline/Pipeline::carry():158}:159}()
#72 D:/laragon-new/laragon/www/hospital-management/vendor/laravel/framework/src/Illuminate/Pipeline/Pipeline.php(183): Illuminate/Http/Middleware/TrustProxies->handle()
#73 D:/laragon-new/laragon/www/hospital-management/vendor/laravel/framework/src/Illuminate/Pipeline/Pipeline.php(119): Illuminate/Pipeline/Pipeline->{closure:{closure:Illuminate/Pipeline/Pipeline::carry():158}:159}()
#74 D:/laragon-new/laragon/www/hospital-management/vendor/laravel/framework/src/Illuminate/Foundation/Http/Kernel.php(175): Illuminate/Pipeline/Pipeline->then()
#75 D:/laragon-new/laragon/www/hospital-management/vendor/laravel/framework/src/Illuminate/Foundation/Http/Kernel.php(144): Illuminate/Foundation/Http/Kernel->sendRequestThroughRouter()
#76 D:/laragon-new/laragon/www/hospital-management/public/index.php(55): Illuminate/Foundation/Http/Kernel->handle()
#77 D:/laragon-new/laragon/www/hospital-management/vendor/laravel/framework/src/Illuminate/Foundation/resources/server.php(16): require_once('...')
#78 {main}
"} 
[2026-07-18 16:18:04] local.ERROR: Exit:  Goodbye {"exception":"[object] (Psy\\Exception\\BreakException(code: 0): Exit:  Goodbye at D:/laragon-new/laragon/www/hospital-management/vendor/psy/psysh/src/Exception/BreakException.php:49)
[stacktrace]
#0 D:/laragon-new/laragon/www/hospital-management/vendor/psy/psysh/src/ExecutionClosure.php(41) : eval()'d code(4): Psy/Exception/BreakException::exitShell()
#1 D:/laragon-new/laragon/www/hospital-management/vendor/psy/psysh/src/ExecutionClosure.php(41): eval()
#2 D:/laragon-new/laragon/www/hospital-management/vendor/psy/psysh/src/ExecutionClosure.php(90): {closure:Psy/ExecutionClosure::__construct():28}()
#3 D:/laragon-new/laragon/www/hospital-management/vendor/psy/psysh/src/Shell.php(2193): Psy/ExecutionClosure->execute()
#4 D:/laragon-new/laragon/www/hospital-management/vendor/laravel/tinker/src/Console/TinkerCommand.php(77): Psy/Shell->execute()
#5 D:/laragon-new/laragon/www/hospital-management/vendor/laravel/framework/src/Illuminate/Container/BoundMethod.php(36): Laravel/Tinker/Console/TinkerCommand->handle()
#6 D:/laragon-new/laragon/www/hospital-management/vendor/laravel/framework/src/Illuminate/Container/Util.php(41): Illuminate/Container/BoundMethod::{closure:Illuminate/Container/BoundMethod::call():35}()
#7 D:/laragon-new/laragon/www/hospital-management/vendor/laravel/framework/src/Illuminate/Container/BoundMethod.php(93): Illuminate/Container/Util::unwrapIfClosure()
#8 D:/laragon-new/laragon/www/hospital-management/vendor/laravel/framework/src/Illuminate/Container/BoundMethod.php(35): Illuminate/Container/BoundMethod::callBoundMethod()
#9 D:/laragon-new/laragon/www/hospital-management/vendor/laravel/framework/src/Illuminate/Container/Container.php(662): Illuminate/Container/BoundMethod::call()
#10 D:/laragon-new/laragon/www/hospital-management/vendor/laravel/framework/src/Illuminate/Console/Command.php(211): Illuminate/Container/Container->call()
#11 D:/laragon-new/laragon/www/hospital-management/vendor/symfony/console/Command/Command.php(326): Illuminate/Console/Command->execute()
#12 D:/laragon-new/laragon/www/hospital-management/vendor/laravel/framework/src/Illuminate/Console/Command.php(180): Symfony/Component/Console/Command/Command->run()
#13 D:/laragon-new/laragon/www/hospital-management/vendor/symfony/console/Application.php(1121): Illuminate/Console/Command->run()
#14 D:/laragon-new/laragon/www/hospital-management/vendor/symfony/console/Application.php(324): Symfony/Component/Console/Application->doRunCommand()
#15 D:/laragon-new/laragon/www/hospital-management/vendor/symfony/console/Application.php(175): Symfony/Component/Console/Application->doRun()
#16 D:/laragon-new/laragon/www/hospital-management/vendor/laravel/framework/src/Illuminate/Foundation/Console/Kernel.php(201): Symfony/Component/Console/Application->run()
#17 D:/laragon-new/laragon/www/hospital-management/artisan(35): Illuminate/Foundation/Console/Kernel->handle()
#18 {main}
"} 
[2026-07-27 15:19:10] local.ERROR: htmlspecialchars(): Argument #1 ($string) must be of type string, array given {"view":{"view":"D:\\laragon-new\\laragon\\www\\hospital-management\\resources\\views\\frontend\\home.blade.php","data":[]},"userId":1,"exception":"[object] (Spatie\\LaravelIgnition\\Exceptions\\ViewException(code: 0): htmlspecialchars(): Argument #1 ($string) must be of type string, array given at D:/laragon-new/laragon/www/hospital-management/vendor/laravel/framework/src/Illuminate/Support/helpers.php:124)
[stacktrace]
#0 D:/laragon-new/laragon/www/hospital-management/vendor/laravel/framework/src/Illuminate/Support/helpers.php(124): htmlspecialchars()
#1 D:/laragon-new/laragon/www/hospital-management/resources/views/frontend/home.blade.php(552): e()
#2 D:/laragon-new/laragon/www/hospital-management/vendor/laravel/framework/src/Illuminate/Filesystem/Filesystem.php(123): require('...')
#3 D:/laragon-new/laragon/www/hospital-management/vendor/laravel/framework/src/Illuminate/Filesystem/Filesystem.php(124): Illuminate/Filesystem/Filesystem::{closure:Illuminate/Filesystem/Filesystem::getRequire():120}()
#4 D:/laragon-new/laragon/www/hospital-management/vendor/laravel/framework/src/Illuminate/View/Engines/PhpEngine.php(58): Illuminate/Filesystem/Filesystem->getRequire()
#5 D:/laragon-new/laragon/www/hospital-management/vendor/laravel/framework/src/Illuminate/View/Engines/CompilerEngine.php(72): Illuminate/View/Engines/PhpEngine->evaluatePath()
#6 D:/laragon-new/laragon/www/hospital-management/vendor/laravel/framework/src/Illuminate/View/View.php(207): Illuminate/View/Engines/CompilerEngine->get()
#7 D:/laragon-new/laragon/www/hospital-management/vendor/laravel/framework/src/Illuminate/View/View.php(190): Illuminate/View/View->getContents()
#8 D:/laragon-new/laragon/www/hospital-management/vendor/laravel/framework/src/Illuminate/View/View.php(159): Illuminate/View/View->renderContents()
#9 D:/laragon-new/laragon/www/hospital-management/vendor/laravel/framework/src/Illuminate/Http/Response.php(69): Illuminate/View/View->render()
#10 D:/laragon-new/laragon/www/hospital-management/vendor/laravel/framework/src/Illuminate/Http/Response.php(35): Illuminate/Http/Response->setContent()
#11 D:/laragon-new/laragon/www/hospital-management/vendor/laravel/framework/src/Illuminate/Routing/Router.php(918): Illuminate/Http/Response->__construct()
#12 D:/laragon-new/laragon/www/hospital-management/vendor/laravel/framework/src/Illuminate/Routing/Router.php(885): Illuminate/Routing/Router::toResponse()
#13 D:/laragon-new/laragon/www/hospital-management/vendor/laravel/framework/src/Illuminate/Routing/Router.php(805): Illuminate/Routing/Router->prepareResponse()
#14 D:/laragon-new/laragon/www/hospital-management/vendor/laravel/framework/src/Illuminate/Pipeline/Pipeline.php(144): Illuminate/Routing/Router->{closure:Illuminate/Routing/Router::runRouteWithinStack():805}()
#15 D:/laragon-new/laragon/www/hospital-management/vendor/laravel/framework/src/Illuminate/Http/Middleware/AddLinkHeadersForPreloadedAssets.php(20): Illuminate/Pipeline/Pipeline->{closure:Illuminate/Pipeline/Pipeline::prepareDestination():142}()
#16 D:/laragon-new/laragon/www/hospital-management/vendor/laravel/framework/src/Illuminate/Pipeline/Pipeline.php(183): Illuminate/Http/Middleware/AddLinkHeadersForPreloadedAssets->handle()
#17 D:/laragon-new/laragon/www/hospital-management/vendor/inertiajs/inertia-laravel/src/Middleware.php(87): Illuminate/Pipeline/Pipeline->{closure:{closure:Illuminate/Pipeline/Pipeline::carry():158}:159}()
#18 D:/laragon-new/laragon/www/hospital-management/vendor/laravel/framework/src/Illuminate/Pipeline/Pipeline.php(183): Inertia/Middleware->handle()
#19 D:/laragon-new/laragon/www/hospital-management/app/Http/Middleware/SetLocale.php(35): Illuminate/Pipeline/Pipeline->{closure:{closure:Illuminate/Pipeline/Pipeline::carry():158}:159}()
#20 D:/laragon-new/laragon/www/hospital-management/vendor/laravel/framework/src/Illuminate/Pipeline/Pipeline.php(183): App/Http/Middleware/SetLocale->handle()
#21 D:/laragon-new/laragon/www/hospital-management/vendor/laravel/framework/src/Illuminate/Routing/Middleware/SubstituteBindings.php(50): Illuminate/Pipeline/Pipeline->{closure:{closure:Illuminate/Pipeline/Pipeline::carry():158}:159}()
#22 D:/laragon-new/laragon/www/hospital-management/vendor/laravel/framework/src/Illuminate/Pipeline/Pipeline.php(183): Illuminate/Routing/Middleware/SubstituteBindings->handle()
#23 D:/laragon-new/laragon/www/hospital-management/vendor/laravel/framework/src/Illuminate/Foundation/Http/Middleware/VerifyCsrfToken.php(78): Illuminate/Pipeline/Pipeline->{closure:{closure:Illuminate/Pipeline/Pipeline::carry():158}:159}()
#24 D:/laragon-new/laragon/www/hospital-management/vendor/laravel/framework/src/Illuminate/Pipeline/Pipeline.php(183): Illuminate/Foundation/Http/Middleware/VerifyCsrfToken->handle()
#25 D:/laragon-new/laragon/www/hospital-management/vendor/laravel/framework/src/Illuminate/View/Middleware/ShareErrorsFromSession.php(49): Illuminate/Pipeline/Pipeline->{closure:{closure:Illuminate/Pipeline/Pipeline::carry():158}:159}()
#26 D:/laragon-new/laragon/www/hospital-management/vendor/laravel/framework/src/Illuminate/Pipeline/Pipeline.php(183): Illuminate/View/Middleware/ShareErrorsFromSession->handle()
#27 D:/laragon-new/laragon/www/hospital-management/vendor/laravel/framework/src/Illuminate/Session/Middleware/StartSession.php(121): Illuminate/Pipeline/Pipeline->{closure:{closure:Illuminate/Pipeline/Pipeline::carry():158}:159}()
#28 D:/laragon-new/laragon/www/hospital-management/vendor/laravel/framework/src/Illuminate/Session/Middleware/StartSession.php(64): Illuminate/Session/Middleware/StartSession->handleStatefulRequest()
#29 D:/laragon-new/laragon/www/hospital-management/vendor/laravel/framework/src/Illuminate/Pipeline/Pipeline.php(183): Illuminate/Session/Middleware/StartSession->handle()
#30 D:/laragon-new/laragon/www/hospital-management/vendor/laravel/framework/src/Illuminate/Cookie/Middleware/AddQueuedCookiesToResponse.php(37): Illuminate/Pipeline/Pipeline->{closure:{closure:Illuminate/Pipeline/Pipeline::carry():158}:159}()
#31 D:/laragon-new/laragon/www/hospital-management/vendor/laravel/framework/src/Illuminate/Pipeline/Pipeline.php(183): Illuminate/Cookie/Middleware/AddQueuedCookiesToResponse->handle()
#32 D:/laragon-new/laragon/www/hospital-management/vendor/laravel/framework/src/Illuminate/Cookie/Middleware/EncryptCookies.php(67): Illuminate/Pipeline/Pipeline->{closure:{closure:Illuminate/Pipeline/Pipeline::carry():158}:159}()
#33 D:/laragon-new/laragon/www/hospital-management/vendor/laravel/framework/src/Illuminate/Pipeline/Pipeline.php(183): Illuminate/Cookie/Middleware/EncryptCookies->handle()
#34 D:/laragon-new/laragon/www/hospital-management/vendor/laravel/framework/src/Illuminate/Pipeline/Pipeline.php(119): Illuminate/Pipeline/Pipeline->{closure:{closure:Illuminate/Pipeline/Pipeline::carry():158}:159}()
#35 D:/laragon-new/laragon/www/hospital-management/vendor/laravel/framework/src/Illuminate/Routing/Router.php(805): Illuminate/Pipeline/Pipeline->then()
#36 D:/laragon-new/laragon/www/hospital-management/vendor/laravel/framework/src/Illuminate/Routing/Router.php(784): Illuminate/Routing/Router->runRouteWithinStack()
#37 D:/laragon-new/laragon/www/hospital-management/vendor/laravel/framework/src/Illuminate/Routing/Router.php(748): Illuminate/Routing/Router->runRoute()
#38 D:/laragon-new/laragon/www/hospital-management/vendor/laravel/framework/src/Illuminate/Routing/Router.php(737): Illuminate/Routing/Router->dispatchToRoute()
#39 D:/laragon-new/laragon/www/hospital-management/vendor/laravel/framework/src/Illuminate/Foundation/Http/Kernel.php(200): Illuminate/Routing/Router->dispatch()
#40 D:/laragon-new/laragon/www/hospital-management/vendor/laravel/framework/src/Illuminate/Pipeline/Pipeline.php(144): Illuminate/Foundation/Http/Kernel->{closure:Illuminate/Foundation/Http/Kernel::dispatchToRouter():197}()
#41 D:/laragon-new/laragon/www/hospital-management/vendor/laravel/framework/src/Illuminate/Foundation/Http/Middleware/TransformsRequest.php(21): Illuminate/Pipeline/Pipeline->{closure:Illuminate/Pipeline/Pipeline::prepareDestination():142}()
#42 D:/laragon-new/laragon/www/hospital-management/vendor/laravel/framework/src/Illuminate/Foundation/Http/Middleware/ConvertEmptyStringsToNull.php(31): Illuminate/Foundation/Http/Middleware/TransformsRequest->handle()
#43 D:/laragon-new/laragon/www/hospital-management/vendor/laravel/framework/src/Illuminate/Pipeline/Pipeline.php(183): Illuminate/Foundation/Http/Middleware/ConvertEmptyStringsToNull->handle()
#44 D:/laragon-new/laragon/www/hospital-management/vendor/laravel/framework/src/Illuminate/Foundation/Http/Middleware/TransformsRequest.php(21): Illuminate/Pipeline/Pipeline->{closure:{closure:Illuminate/Pipeline/Pipeline::carry():158}:159}()
#45 D:/laragon-new/laragon/www/hospital-management/vendor/laravel/framework/src/Illuminate/Foundation/Http/Middleware/TrimStrings.php(40): Illuminate/Foundation/Http/Middleware/TransformsRequest->handle()
#46 D:/laragon-new/laragon/www/hospital-management/vendor/laravel/framework/src/Illuminate/Pipeline/Pipeline.php(183): Illuminate/Foundation/Http/Middleware/TrimStrings->handle()
#47 D:/laragon-new/laragon/www/hospital-management/vendor/laravel/framework/src/Illuminate/Foundation/Http/Middleware/ValidatePostSize.php(27): Illuminate/Pipeline/Pipeline->{closure:{closure:Illuminate/Pipeline/Pipeline::carry():158}:159}()
#48 D:/laragon-new/laragon/www/hospital-management/vendor/laravel/framework/src/Illuminate/Pipeline/Pipeline.php(183): Illuminate/Foundation/Http/Middleware/ValidatePostSize->handle()
#49 D:/laragon-new/laragon/www/hospital-management/vendor/laravel/framework/src/Illuminate/Foundation/Http/Middleware/PreventRequestsDuringMaintenance.php(99): Illuminate/Pipeline/Pipeline->{closure:{closure:Illuminate/Pipeline/Pipeline::carry():158}:159}()
#50 D:/laragon-new/laragon/www/hospital-management/vendor/laravel/framework/src/Illuminate/Pipeline/Pipeline.php(183): Illuminate/Foundation/Http/Middleware/PreventRequestsDuringMaintenance->handle()
#51 D:/laragon-new/laragon/www/hospital-management/vendor/laravel/framework/src/Illuminate/Http/Middleware/HandleCors.php(49): Illuminate/Pipeline/Pipeline->{closure:{closure:Illuminate/Pipeline/Pipeline::carry():158}:159}()
#52 D:/laragon-new/laragon/www/hospital-management/vendor/laravel/framework/src/Illuminate/Pipeline/Pipeline.php(183): Illuminate/Http/Middleware/HandleCors->handle()
#53 D:/laragon-new/laragon/www/hospital-management/vendor/laravel/framework/src/Illuminate/Http/Middleware/TrustProxies.php(39): Illuminate/Pipeline/Pipeline->{closure:{closure:Illuminate/Pipeline/Pipeline::carry():158}:159}()
#54 D:/laragon-new/laragon/www/hospital-management/vendor/laravel/framework/src/Illuminate/Pipeline/Pipeline.php(183): Illuminate/Http/Middleware/TrustProxies->handle()
#55 D:/laragon-new/laragon/www/hospital-management/vendor/laravel/framework/src/Illuminate/Pipeline/Pipeline.php(119): Illuminate/Pipeline/Pipeline->{closure:{closure:Illuminate/Pipeline/Pipeline::carry():158}:159}()
#56 D:/laragon-new/laragon/www/hospital-management/vendor/laravel/framework/src/Illuminate/Foundation/Http/Kernel.php(175): Illuminate/Pipeline/Pipeline->then()
#57 D:/laragon-new/laragon/www/hospital-management/vendor/laravel/framework/src/Illuminate/Foundation/Http/Kernel.php(144): Illuminate/Foundation/Http/Kernel->sendRequestThroughRouter()
#58 D:/laragon-new/laragon/www/hospital-management/public/index.php(55): Illuminate/Foundation/Http/Kernel->handle()
#59 D:/laragon-new/laragon/www/hospital-management/vendor/laravel/framework/src/Illuminate/Foundation/resources/server.php(16): require_once('...')
#60 {main}

[previous exception] [object] (TypeError(code: 0): htmlspecialchars(): Argument #1 ($string) must be of type string, array given at D:/laragon-new/laragon/www/hospital-management/vendor/laravel/framework/src/Illuminate/Support/helpers.php:124)
[stacktrace]
#0 D:/laragon-new/laragon/www/hospital-management/vendor/laravel/framework/src/Illuminate/Support/helpers.php(124): htmlspecialchars()
#1 D:/laragon-new/laragon/www/hospital-management/storage/framework/views/cd26cf55e8f5bf8923f22432e065a0b8.php(567): e()
#2 D:/laragon-new/laragon/www/hospital-management/vendor/laravel/framework/src/Illuminate/Filesystem/Filesystem.php(123): require('...')
#3 D:/laragon-new/laragon/www/hospital-management/vendor/laravel/framework/src/Illuminate/Filesystem/Filesystem.php(124): Illuminate/Filesystem/Filesystem::{closure:Illuminate/Filesystem/Filesystem::getRequire():120}()
#4 D:/laragon-new/laragon/www/hospital-management/vendor/laravel/framework/src/Illuminate/View/Engines/PhpEngine.php(58): Illuminate/Filesystem/Filesystem->getRequire()
#5 D:/laragon-new/laragon/www/hospital-management/vendor/laravel/framework/src/Illuminate/View/Engines/CompilerEngine.php(72): Illuminate/View/Engines/PhpEngine->evaluatePath()
#6 D:/laragon-new/laragon/www/hospital-management/vendor/laravel/framework/src/Illuminate/View/View.php(207): Illuminate/View/Engines/CompilerEngine->get()
#7 D:/laragon-new/laragon/www/hospital-management/vendor/laravel/framework/src/Illuminate/View/View.php(190): Illuminate/View/View->getContents()
#8 D:/laragon-new/laragon/www/hospital-management/vendor/laravel/framework/src/Illuminate/View/View.php(159): Illuminate/View/View->renderContents()
#9 D:/laragon-new/laragon/www/hospital-management/vendor/laravel/framework/src/Illuminate/Http/Response.php(69): Illuminate/View/View->render()
#10 D:/laragon-new/laragon/www/hospital-management/vendor/laravel/framework/src/Illuminate/Http/Response.php(35): Illuminate/Http/Response->setContent()
#11 D:/laragon-new/laragon/www/hospital-management/vendor/laravel/framework/src/Illuminate/Routing/Router.php(918): Illuminate/Http/Response->__construct()
#12 D:/laragon-new/laragon/www/hospital-management/vendor/laravel/framework/src/Illuminate/Routing/Router.php(885): Illuminate/Routing/Router::toResponse()
#13 D:/laragon-new/laragon/www/hospital-management/vendor/laravel/framework/src/Illuminate/Routing/Router.php(805): Illuminate/Routing/Router->prepareResponse()
#14 D:/laragon-new/laragon/www/hospital-management/vendor/laravel/framework/src/Illuminate/Pipeline/Pipeline.php(144): Illuminate/Routing/Router->{closure:Illuminate/Routing/Router::runRouteWithinStack():805}()
#15 D:/laragon-new/laragon/www/hospital-management/vendor/laravel/framework/src/Illuminate/Http/Middleware/AddLinkHeadersForPreloadedAssets.php(20): Illuminate/Pipeline/Pipeline->{closure:Illuminate/Pipeline/Pipeline::prepareDestination():142}()
#16 D:/laragon-new/laragon/www/hospital-management/vendor/laravel/framework/src/Illuminate/Pipeline/Pipeline.php(183): Illuminate/Http/Middleware/AddLinkHeadersForPreloadedAssets->handle()
#17 D:/laragon-new/laragon/www/hospital-management/vendor/inertiajs/inertia-laravel/src/Middleware.php(87): Illuminate/Pipeline/Pipeline->{closure:{closure:Illuminate/Pipeline/Pipeline::carry():158}:159}()
#18 D:/laragon-new/laragon/www/hospital-management/vendor/laravel/framework/src/Illuminate/Pipeline/Pipeline.php(183): Inertia/Middleware->handle()
#19 D:/laragon-new/laragon/www/hospital-management/app/Http/Middleware/SetLocale.php(35): Illuminate/Pipeline/Pipeline->{closure:{closure:Illuminate/Pipeline/Pipeline::carry():158}:159}()
#20 D:/laragon-new/laragon/www/hospital-management/vendor/laravel/framework/src/Illuminate/Pipeline/Pipeline.php(183): App/Http/Middleware/SetLocale->handle()
#21 D:/laragon-new/laragon/www/hospital-management/vendor/laravel/framework/src/Illuminate/Routing/Middleware/SubstituteBindings.php(50): Illuminate/Pipeline/Pipeline->{closure:{closure:Illuminate/Pipeline/Pipeline::carry():158}:159}()
#22 D:/laragon-new/laragon/www/hospital-management/vendor/laravel/framework/src/Illuminate/Pipeline/Pipeline.php(183): Illuminate/Routing/Middleware/SubstituteBindings->handle()
#23 D:/laragon-new/laragon/www/hospital-management/vendor/laravel/framework/src/Illuminate/Foundation/Http/Middleware/VerifyCsrfToken.php(78): Illuminate/Pipeline/Pipeline->{closure:{closure:Illuminate/Pipeline/Pipeline::carry():158}:159}()
#24 D:/laragon-new/laragon/www/hospital-management/vendor/laravel/framework/src/Illuminate/Pipeline/Pipeline.php(183): Illuminate/Foundation/Http/Middleware/VerifyCsrfToken->handle()
#25 D:/laragon-new/laragon/www/hospital-management/vendor/laravel/framework/src/Illuminate/View/Middleware/ShareErrorsFromSession.php(49): Illuminate/Pipeline/Pipeline->{closure:{closure:Illuminate/Pipeline/Pipeline::carry():158}:159}()
#26 D:/laragon-new/laragon/www/hospital-management/vendor/laravel/framework/src/Illuminate/Pipeline/Pipeline.php(183): Illuminate/View/Middleware/ShareErrorsFromSession->handle()
#27 D:/laragon-new/laragon/www/hospital-management/vendor/laravel/framework/src/Illuminate/Session/Middleware/StartSession.php(121): Illuminate/Pipeline/Pipeline->{closure:{closure:Illuminate/Pipeline/Pipeline::carry():158}:159}()
#28 D:/laragon-new/laragon/www/hospital-management/vendor/laravel/framework/src/Illuminate/Session/Middleware/StartSession.php(64): Illuminate/Session/Middleware/StartSession->handleStatefulRequest()
#29 D:/laragon-new/laragon/www/hospital-management/vendor/laravel/framework/src/Illuminate/Pipeline/Pipeline.php(183): Illuminate/Session/Middleware/StartSession->handle()
#30 D:/laragon-new/laragon/www/hospital-management/vendor/laravel/framework/src/Illuminate/Cookie/Middleware/AddQueuedCookiesToResponse.php(37): Illuminate/Pipeline/Pipeline->{closure:{closure:Illuminate/Pipeline/Pipeline::carry():158}:159}()
#31 D:/laragon-new/laragon/www/hospital-management/vendor/laravel/framework/src/Illuminate/Pipeline/Pipeline.php(183): Illuminate/Cookie/Middleware/AddQueuedCookiesToResponse->handle()
#32 D:/laragon-new/laragon/www/hospital-management/vendor/laravel/framework/src/Illuminate/Cookie/Middleware/EncryptCookies.php(67): Illuminate/Pipeline/Pipeline->{closure:{closure:Illuminate/Pipeline/Pipeline::carry():158}:159}()
#33 D:/laragon-new/laragon/www/hospital-management/vendor/laravel/framework/src/Illuminate/Pipeline/Pipeline.php(183): Illuminate/Cookie/Middleware/EncryptCookies->handle()
#34 D:/laragon-new/laragon/www/hospital-management/vendor/laravel/framework/src/Illuminate/Pipeline/Pipeline.php(119): Illuminate/Pipeline/Pipeline->{closure:{closure:Illuminate/Pipeline/Pipeline::carry():158}:159}()
#35 D:/laragon-new/laragon/www/hospital-management/vendor/laravel/framework/src/Illuminate/Routing/Router.php(805): Illuminate/Pipeline/Pipeline->then()
#36 D:/laragon-new/laragon/www/hospital-management/vendor/laravel/framework/src/Illuminate/Routing/Router.php(784): Illuminate/Routing/Router->runRouteWithinStack()
#37 D:/laragon-new/laragon/www/hospital-management/vendor/laravel/framework/src/Illuminate/Routing/Router.php(748): Illuminate/Routing/Router->runRoute()
#38 D:/laragon-new/laragon/www/hospital-management/vendor/laravel/framework/src/Illuminate/Routing/Router.php(737): Illuminate/Routing/Router->dispatchToRoute()
#39 D:/laragon-new/laragon/www/hospital-management/vendor/laravel/framework/src/Illuminate/Foundation/Http/Kernel.php(200): Illuminate/Routing/Router->dispatch()
#40 D:/laragon-new/laragon/www/hospital-management/vendor/laravel/framework/src/Illuminate/Pipeline/Pipeline.php(144): Illuminate/Foundation/Http/Kernel->{closure:Illuminate/Foundation/Http/Kernel::dispatchToRouter():197}()
#41 D:/laragon-new/laragon/www/hospital-management/vendor/laravel/framework/src/Illuminate/Foundation/Http/Middleware/TransformsRequest.php(21): Illuminate/Pipeline/Pipeline->{closure:Illuminate/Pipeline/Pipeline::prepareDestination():142}()
#42 D:/laragon-new/laragon/www/hospital-management/vendor/laravel/framework/src/Illuminate/Foundation/Http/Middleware/ConvertEmptyStringsToNull.php(31): Illuminate/Foundation/Http/Middleware/TransformsRequest->handle()
#43 D:/laragon-new/laragon/www/hospital-management/vendor/laravel/framework/src/Illuminate/Pipeline/Pipeline.php(183): Illuminate/Foundation/Http/Middleware/ConvertEmptyStringsToNull->handle()
#44 D:/laragon-new/laragon/www/hospital-management/vendor/laravel/framework/src/Illuminate/Foundation/Http/Middleware/TransformsRequest.php(21): Illuminate/Pipeline/Pipeline->{closure:{closure:Illuminate/Pipeline/Pipeline::carry():158}:159}()
#45 D:/laragon-new/laragon/www/hospital-management/vendor/laravel/framework/src/Illuminate/Foundation/Http/Middleware/TrimStrings.php(40): Illuminate/Foundation/Http/Middleware/TransformsRequest->handle()
#46 D:/laragon-new/laragon/www/hospital-management/vendor/laravel/framework/src/Illuminate/Pipeline/Pipeline.php(183): Illuminate/Foundation/Http/Middleware/TrimStrings->handle()
#47 D:/laragon-new/laragon/www/hospital-management/vendor/laravel/framework/src/Illuminate/Foundation/Http/Middleware/ValidatePostSize.php(27): Illuminate/Pipeline/Pipeline->{closure:{closure:Illuminate/Pipeline/Pipeline::carry():158}:159}()
#48 D:/laragon-new/laragon/www/hospital-management/vendor/laravel/framework/src/Illuminate/Pipeline/Pipeline.php(183): Illuminate/Foundation/Http/Middleware/ValidatePostSize->handle()
#49 D:/laragon-new/laragon/www/hospital-management/vendor/laravel/framework/src/Illuminate/Foundation/Http/Middleware/PreventRequestsDuringMaintenance.php(99): Illuminate/Pipeline/Pipeline->{closure:{closure:Illuminate/Pipeline/Pipeline::carry():158}:159}()
#50 D:/laragon-new/laragon/www/hospital-management/vendor/laravel/framework/src/Illuminate/Pipeline/Pipeline.php(183): Illuminate/Foundation/Http/Middleware/PreventRequestsDuringMaintenance->handle()
#51 D:/laragon-new/laragon/www/hospital-management/vendor/laravel/framework/src/Illuminate/Http/Middleware/HandleCors.php(49): Illuminate/Pipeline/Pipeline->{closure:{closure:Illuminate/Pipeline/Pipeline::carry():158}:159}()
#52 D:/laragon-new/laragon/www/hospital-management/vendor/laravel/framework/src/Illuminate/Pipeline/Pipeline.php(183): Illuminate/Http/Middleware/HandleCors->handle()
#53 D:/laragon-new/laragon/www/hospital-management/vendor/laravel/framework/src/Illuminate/Http/Middleware/TrustProxies.php(39): Illuminate/Pipeline/Pipeline->{closure:{closure:Illuminate/Pipeline/Pipeline::carry():158}:159}()
#54 D:/laragon-new/laragon/www/hospital-management/vendor/laravel/framework/src/Illuminate/Pipeline/Pipeline.php(183): Illuminate/Http/Middleware/TrustProxies->handle()
#55 D:/laragon-new/laragon/www/hospital-management/vendor/laravel/framework/src/Illuminate/Pipeline/Pipeline.php(119): Illuminate/Pipeline/Pipeline->{closure:{closure:Illuminate/Pipeline/Pipeline::carry():158}:159}()
#56 D:/laragon-new/laragon/www/hospital-management/vendor/laravel/framework/src/Illuminate/Foundation/Http/Kernel.php(175): Illuminate/Pipeline/Pipeline->then()
#57 D:/laragon-new/laragon/www/hospital-management/vendor/laravel/framework/src/Illuminate/Foundation/Http/Kernel.php(144): Illuminate/Foundation/Http/Kernel->sendRequestThroughRouter()
#58 D:/laragon-new/laragon/www/hospital-management/public/index.php(55): Illuminate/Foundation/Http/Kernel->handle()
#59 D:/laragon-new/laragon/www/hospital-management/vendor/laravel/framework/src/Illuminate/Foundation/resources/server.php(16): require_once('...')
#60 {main}
"} 
[2026-07-27 18:46:37] local.ERROR: Route [appointment.doctors] not defined. {"view":{"view":"D:\\laragon-new\\laragon\\www\\hospital-management\\resources\\views\\components\\frontend\\book-appointment.blade.php","data":[]},"userId":1,"exception":"[object] (Spatie\\LaravelIgnition\\Exceptions\\ViewException(code: 0): Route [appointment.doctors] not defined. at D:/laragon-new/laragon/www/hospital-management/vendor/laravel/framework/src/Illuminate/Routing/UrlGenerator.php:477)
[stacktrace]
#0 D:/laragon-new/laragon/www/hospital-management/vendor/laravel/framework/src/Illuminate/Foundation/helpers.php(811): Illuminate/Routing/UrlGenerator->route()
#1 D:/laragon-new/laragon/www/hospital-management/resources/views/components/frontend/book-appointment.blade.php(276): route()
#2 D:/laragon-new/laragon/www/hospital-management/vendor/laravel/framework/src/Illuminate/Filesystem/Filesystem.php(123): require('...')
#3 D:/laragon-new/laragon/www/hospital-management/vendor/laravel/framework/src/Illuminate/Filesystem/Filesystem.php(124): Illuminate/Filesystem/Filesystem::{closure:Illuminate/Filesystem/Filesystem::getRequire():120}()
#4 D:/laragon-new/laragon/www/hospital-management/vendor/laravel/framework/src/Illuminate/View/Engines/PhpEngine.php(58): Illuminate/Filesystem/Filesystem->getRequire()
#5 D:/laragon-new/laragon/www/hospital-management/vendor/laravel/framework/src/Illuminate/View/Engines/CompilerEngine.php(72): Illuminate/View/Engines/PhpEngine->evaluatePath()
#6 D:/laragon-new/laragon/www/hospital-management/vendor/laravel/framework/src/Illuminate/View/View.php(207): Illuminate/View/Engines/CompilerEngine->get()
#7 D:/laragon-new/laragon/www/hospital-management/vendor/laravel/framework/src/Illuminate/View/View.php(190): Illuminate/View/View->getContents()
#8 D:/laragon-new/laragon/www/hospital-management/vendor/laravel/framework/src/Illuminate/View/View.php(159): Illuminate/View/View->renderContents()
#9 D:/laragon-new/laragon/www/hospital-management/vendor/laravel/framework/src/Illuminate/View/Concerns/ManagesComponents.php(103): Illuminate/View/View->render()
#10 D:/laragon-new/laragon/www/hospital-management/resources/views/frontend/home.blade.php(854): Illuminate/View/Factory->renderComponent()
#11 D:/laragon-new/laragon/www/hospital-management/vendor/laravel/framework/src/Illuminate/Filesystem/Filesystem.php(123): require('...')
#12 D:/laragon-new/laragon/www/hospital-management/vendor/laravel/framework/src/Illuminate/Filesystem/Filesystem.php(124): Illuminate/Filesystem/Filesystem::{closure:Illuminate/Filesystem/Filesystem::getRequire():120}()
#13 D:/laragon-new/laragon/www/hospital-management/vendor/laravel/framework/src/Illuminate/View/Engines/PhpEngine.php(58): Illuminate/Filesystem/Filesystem->getRequire()
#14 D:/laragon-new/laragon/www/hospital-management/vendor/laravel/framework/src/Illuminate/View/Engines/CompilerEngine.php(72): Illuminate/View/Engines/PhpEngine->evaluatePath()
#15 D:/laragon-new/laragon/www/hospital-management/vendor/laravel/framework/src/Illuminate/View/View.php(207): Illuminate/View/Engines/CompilerEngine->get()
#16 D:/laragon-new/laragon/www/hospital-management/vendor/laravel/framework/src/Illuminate/View/View.php(190): Illuminate/View/View->getContents()
#17 D:/laragon-new/laragon/www/hospital-management/vendor/laravel/framework/src/Illuminate/View/View.php(159): Illuminate/View/View->renderContents()
#18 D:/laragon-new/laragon/www/hospital-management/vendor/laravel/framework/src/Illuminate/Http/Response.php(69): Illuminate/View/View->render()
#19 D:/laragon-new/laragon/www/hospital-management/vendor/laravel/framework/src/Illuminate/Http/Response.php(35): Illuminate/Http/Response->setContent()
#20 D:/laragon-new/laragon/www/hospital-management/vendor/laravel/framework/src/Illuminate/Routing/Router.php(918): Illuminate/Http/Response->__construct()
#21 D:/laragon-new/laragon/www/hospital-management/vendor/laravel/framework/src/Illuminate/Routing/Router.php(885): Illuminate/Routing/Router::toResponse()
#22 D:/laragon-new/laragon/www/hospital-management/vendor/laravel/framework/src/Illuminate/Routing/Router.php(805): Illuminate/Routing/Router->prepareResponse()
#23 D:/laragon-new/laragon/www/hospital-management/vendor/laravel/framework/src/Illuminate/Pipeline/Pipeline.php(144): Illuminate/Routing/Router->{closure:Illuminate/Routing/Router::runRouteWithinStack():805}()
#24 D:/laragon-new/laragon/www/hospital-management/vendor/laravel/framework/src/Illuminate/Http/Middleware/AddLinkHeadersForPreloadedAssets.php(20): Illuminate/Pipeline/Pipeline->{closure:Illuminate/Pipeline/Pipeline::prepareDestination():142}()
#25 D:/laragon-new/laragon/www/hospital-management/vendor/laravel/framework/src/Illuminate/Pipeline/Pipeline.php(183): Illuminate/Http/Middleware/AddLinkHeadersForPreloadedAssets->handle()
#26 D:/laragon-new/laragon/www/hospital-management/vendor/inertiajs/inertia-laravel/src/Middleware.php(87): Illuminate/Pipeline/Pipeline->{closure:{closure:Illuminate/Pipeline/Pipeline::carry():158}:159}()
#27 D:/laragon-new/laragon/www/hospital-management/vendor/laravel/framework/src/Illuminate/Pipeline/Pipeline.php(183): Inertia/Middleware->handle()
#28 D:/laragon-new/laragon/www/hospital-management/app/Http/Middleware/SetLocale.php(35): Illuminate/Pipeline/Pipeline->{closure:{closure:Illuminate/Pipeline/Pipeline::carry():158}:159}()
#29 D:/laragon-new/laragon/www/hospital-management/vendor/laravel/framework/src/Illuminate/Pipeline/Pipeline.php(183): App/Http/Middleware/SetLocale->handle()
#30 D:/laragon-new/laragon/www/hospital-management/vendor/laravel/framework/src/Illuminate/Routing/Middleware/SubstituteBindings.php(50): Illuminate/Pipeline/Pipeline->{closure:{closure:Illuminate/Pipeline/Pipeline::carry():158}:159}()
#31 D:/laragon-new/laragon/www/hospital-management/vendor/laravel/framework/src/Illuminate/Pipeline/Pipeline.php(183): Illuminate/Routing/Middleware/SubstituteBindings->handle()
#32 D:/laragon-new/laragon/www/hospital-management/vendor/laravel/framework/src/Illuminate/Foundation/Http/Middleware/VerifyCsrfToken.php(78): Illuminate/Pipeline/Pipeline->{closure:{closure:Illuminate/Pipeline/Pipeline::carry():158}:159}()
#33 D:/laragon-new/laragon/www/hospital-management/vendor/laravel/framework/src/Illuminate/Pipeline/Pipeline.php(183): Illuminate/Foundation/Http/Middleware/VerifyCsrfToken->handle()
#34 D:/laragon-new/laragon/www/hospital-management/vendor/laravel/framework/src/Illuminate/View/Middleware/ShareErrorsFromSession.php(49): Illuminate/Pipeline/Pipeline->{closure:{closure:Illuminate/Pipeline/Pipeline::carry():158}:159}()
#35 D:/laragon-new/laragon/www/hospital-management/vendor/laravel/framework/src/Illuminate/Pipeline/Pipeline.php(183): Illuminate/View/Middleware/ShareErrorsFromSession->handle()
#36 D:/laragon-new/laragon/www/hospital-management/vendor/laravel/framework/src/Illuminate/Session/Middleware/StartSession.php(121): Illuminate/Pipeline/Pipeline->{closure:{closure:Illuminate/Pipeline/Pipeline::carry():158}:159}()
#37 D:/laragon-new/laragon/www/hospital-management/vendor/laravel/framework/src/Illuminate/Session/Middleware/StartSession.php(64): Illuminate/Session/Middleware/StartSession->handleStatefulRequest()
#38 D:/laragon-new/laragon/www/hospital-management/vendor/laravel/framework/src/Illuminate/Pipeline/Pipeline.php(183): Illuminate/Session/Middleware/StartSession->handle()
#39 D:/laragon-new/laragon/www/hospital-management/vendor/laravel/framework/src/Illuminate/Cookie/Middleware/AddQueuedCookiesToResponse.php(37): Illuminate/Pipeline/Pipeline->{closure:{closure:Illuminate/Pipeline/Pipeline::carry():158}:159}()
#40 D:/laragon-new/laragon/www/hospital-management/vendor/laravel/framework/src/Illuminate/Pipeline/Pipeline.php(183): Illuminate/Cookie/Middleware/AddQueuedCookiesToResponse->handle()
#41 D:/laragon-new/laragon/www/hospital-management/vendor/laravel/framework/src/Illuminate/Cookie/Middleware/EncryptCookies.php(67): Illuminate/Pipeline/Pipeline->{closure:{closure:Illuminate/Pipeline/Pipeline::carry():158}:159}()
#42 D:/laragon-new/laragon/www/hospital-management/vendor/laravel/framework/src/Illuminate/Pipeline/Pipeline.php(183): Illuminate/Cookie/Middleware/EncryptCookies->handle()
#43 D:/laragon-new/laragon/www/hospital-management/vendor/laravel/framework/src/Illuminate/Pipeline/Pipeline.php(119): Illuminate/Pipeline/Pipeline->{closure:{closure:Illuminate/Pipeline/Pipeline::carry():158}:159}()
#44 D:/laragon-new/laragon/www/hospital-management/vendor/laravel/framework/src/Illuminate/Routing/Router.php(805): Illuminate/Pipeline/Pipeline->then()
#45 D:/laragon-new/laragon/www/hospital-management/vendor/laravel/framework/src/Illuminate/Routing/Router.php(784): Illuminate/Routing/Router->runRouteWithinStack()
#46 D:/laragon-new/laragon/www/hospital-management/vendor/laravel/framework/src/Illuminate/Routing/Router.php(748): Illuminate/Routing/Router->runRoute()
#47 D:/laragon-new/laragon/www/hospital-management/vendor/laravel/framework/src/Illuminate/Routing/Router.php(737): Illuminate/Routing/Router->dispatchToRoute()
#48 D:/laragon-new/laragon/www/hospital-management/vendor/laravel/framework/src/Illuminate/Foundation/Http/Kernel.php(200): Illuminate/Routing/Router->dispatch()
#49 D:/laragon-new/laragon/www/hospital-management/vendor/laravel/framework/src/Illuminate/Pipeline/Pipeline.php(144): Illuminate/Foundation/Http/Kernel->{closure:Illuminate/Foundation/Http/Kernel::dispatchToRouter():197}()
#50 D:/laragon-new/laragon/www/hospital-management/vendor/laravel/framework/src/Illuminate/Foundation/Http/Middleware/TransformsRequest.php(21): Illuminate/Pipeline/Pipeline->{closure:Illuminate/Pipeline/Pipeline::prepareDestination():142}()
#51 D:/laragon-new/laragon/www/hospital-management/vendor/laravel/framework/src/Illuminate/Foundation/Http/Middleware/ConvertEmptyStringsToNull.php(31): Illuminate/Foundation/Http/Middleware/TransformsRequest->handle()
#52 D:/laragon-new/laragon/www/hospital-management/vendor/laravel/framework/src/Illuminate/Pipeline/Pipeline.php(183): Illuminate/Foundation/Http/Middleware/ConvertEmptyStringsToNull->handle()
#53 D:/laragon-new/laragon/www/hospital-management/vendor/laravel/framework/src/Illuminate/Foundation/Http/Middleware/TransformsRequest.php(21): Illuminate/Pipeline/Pipeline->{closure:{closure:Illuminate/Pipeline/Pipeline::carry():158}:159}()
#54 D:/laragon-new/laragon/www/hospital-management/vendor/laravel/framework/src/Illuminate/Foundation/Http/Middleware/TrimStrings.php(40): Illuminate/Foundation/Http/Middleware/TransformsRequest->handle()
#55 D:/laragon-new/laragon/www/hospital-management/vendor/laravel/framework/src/Illuminate/Pipeline/Pipeline.php(183): Illuminate/Foundation/Http/Middleware/TrimStrings->handle()
#56 D:/laragon-new/laragon/www/hospital-management/vendor/laravel/framework/src/Illuminate/Foundation/Http/Middleware/ValidatePostSize.php(27): Illuminate/Pipeline/Pipeline->{closure:{closure:Illuminate/Pipeline/Pipeline::carry():158}:159}()
#57 D:/laragon-new/laragon/www/hospital-management/vendor/laravel/framework/src/Illuminate/Pipeline/Pipeline.php(183): Illuminate/Foundation/Http/Middleware/ValidatePostSize->handle()
#58 D:/laragon-new/laragon/www/hospital-management/vendor/laravel/framework/src/Illuminate/Foundation/Http/Middleware/PreventRequestsDuringMaintenance.php(99): Illuminate/Pipeline/Pipeline->{closure:{closure:Illuminate/Pipeline/Pipeline::carry():158}:159}()
#59 D:/laragon-new/laragon/www/hospital-management/vendor/laravel/framework/src/Illuminate/Pipeline/Pipeline.php(183): Illuminate/Foundation/Http/Middleware/PreventRequestsDuringMaintenance->handle()
#60 D:/laragon-new/laragon/www/hospital-management/vendor/laravel/framework/src/Illuminate/Http/Middleware/HandleCors.php(49): Illuminate/Pipeline/Pipeline->{closure:{closure:Illuminate/Pipeline/Pipeline::carry():158}:159}()
#61 D:/laragon-new/laragon/www/hospital-management/vendor/laravel/framework/src/Illuminate/Pipeline/Pipeline.php(183): Illuminate/Http/Middleware/HandleCors->handle()
#62 D:/laragon-new/laragon/www/hospital-management/vendor/laravel/framework/src/Illuminate/Http/Middleware/TrustProxies.php(39): Illuminate/Pipeline/Pipeline->{closure:{closure:Illuminate/Pipeline/Pipeline::carry():158}:159}()
#63 D:/laragon-new/laragon/www/hospital-management/vendor/laravel/framework/src/Illuminate/Pipeline/Pipeline.php(183): Illuminate/Http/Middleware/TrustProxies->handle()
#64 D:/laragon-new/laragon/www/hospital-management/vendor/laravel/framework/src/Illuminate/Pipeline/Pipeline.php(119): Illuminate/Pipeline/Pipeline->{closure:{closure:Illuminate/Pipeline/Pipeline::carry():158}:159}()
#65 D:/laragon-new/laragon/www/hospital-management/vendor/laravel/framework/src/Illuminate/Foundation/Http/Kernel.php(175): Illuminate/Pipeline/Pipeline->then()
#66 D:/laragon-new/laragon/www/hospital-management/vendor/laravel/framework/src/Illuminate/Foundation/Http/Kernel.php(144): Illuminate/Foundation/Http/Kernel->sendRequestThroughRouter()
#67 D:/laragon-new/laragon/www/hospital-management/public/index.php(55): Illuminate/Foundation/Http/Kernel->handle()
#68 D:/laragon-new/laragon/www/hospital-management/vendor/laravel/framework/src/Illuminate/Foundation/resources/server.php(16): require_once('...')
#69 {main}

[previous exception] [object] (Symfony\\Component\\Routing\\Exception\\RouteNotFoundException(code: 0): Route [appointment.doctors] not defined. at D:/laragon-new/laragon/www/hospital-management/vendor/laravel/framework/src/Illuminate/Routing/UrlGenerator.php:477)
[stacktrace]
#0 D:/laragon-new/laragon/www/hospital-management/vendor/laravel/framework/src/Illuminate/Foundation/helpers.php(811): Illuminate/Routing/UrlGenerator->route()
#1 D:/laragon-new/laragon/www/hospital-management/storage/framework/views/cdcea4de2a6a0efb0887f9a37d19adcb.php(298): route()
#2 D:/laragon-new/laragon/www/hospital-management/vendor/laravel/framework/src/Illuminate/Filesystem/Filesystem.php(123): require('...')
#3 D:/laragon-new/laragon/www/hospital-management/vendor/laravel/framework/src/Illuminate/Filesystem/Filesystem.php(124): Illuminate/Filesystem/Filesystem::{closure:Illuminate/Filesystem/Filesystem::getRequire():120}()
#4 D:/laragon-new/laragon/www/hospital-management/vendor/laravel/framework/src/Illuminate/View/Engines/PhpEngine.php(58): Illuminate/Filesystem/Filesystem->getRequire()
#5 D:/laragon-new/laragon/www/hospital-management/vendor/laravel/framework/src/Illuminate/View/Engines/CompilerEngine.php(72): Illuminate/View/Engines/PhpEngine->evaluatePath()
#6 D:/laragon-new/laragon/www/hospital-management/vendor/laravel/framework/src/Illuminate/View/View.php(207): Illuminate/View/Engines/CompilerEngine->get()
#7 D:/laragon-new/laragon/www/hospital-management/vendor/laravel/framework/src/Illuminate/View/View.php(190): Illuminate/View/View->getContents()
#8 D:/laragon-new/laragon/www/hospital-management/vendor/laravel/framework/src/Illuminate/View/View.php(159): Illuminate/View/View->renderContents()
#9 D:/laragon-new/laragon/www/hospital-management/vendor/laravel/framework/src/Illuminate/View/Concerns/ManagesComponents.php(103): Illuminate/View/View->render()
#10 D:/laragon-new/laragon/www/hospital-management/storage/framework/views/cd26cf55e8f5bf8923f22432e065a0b8.php(882): Illuminate/View/Factory->renderComponent()
#11 D:/laragon-new/laragon/www/hospital-management/vendor/laravel/framework/src/Illuminate/Filesystem/Filesystem.php(123): require('...')
#12 D:/laragon-new/laragon/www/hospital-management/vendor/laravel/framework/src/Illuminate/Filesystem/Filesystem.php(124): Illuminate/Filesystem/Filesystem::{closure:Illuminate/Filesystem/Filesystem::getRequire():120}()
#13 D:/laragon-new/laragon/www/hospital-management/vendor/laravel/framework/src/Illuminate/View/Engines/PhpEngine.php(58): Illuminate/Filesystem/Filesystem->getRequire()
#14 D:/laragon-new/laragon/www/hospital-management/vendor/laravel/framework/src/Illuminate/View/Engines/CompilerEngine.php(72): Illuminate/View/Engines/PhpEngine->evaluatePath()
#15 D:/laragon-new/laragon/www/hospital-management/vendor/laravel/framework/src/Illuminate/View/View.php(207): Illuminate/View/Engines/CompilerEngine->get()
#16 D:/laragon-new/laragon/www/hospital-management/vendor/laravel/framework/src/Illuminate/View/View.php(190): Illuminate/View/View->getContents()
#17 D:/laragon-new/laragon/www/hospital-management/vendor/laravel/framework/src/Illuminate/View/View.php(159): Illuminate/View/View->renderContents()
#18 D:/laragon-new/laragon/www/hospital-management/vendor/laravel/framework/src/Illuminate/Http/Response.php(69): Illuminate/View/View->render()
#19 D:/laragon-new/laragon/www/hospital-management/vendor/laravel/framework/src/Illuminate/Http/Response.php(35): Illuminate/Http/Response->setContent()
#20 D:/laragon-new/laragon/www/hospital-management/vendor/laravel/framework/src/Illuminate/Routing/Router.php(918): Illuminate/Http/Response->__construct()
#21 D:/laragon-new/laragon/www/hospital-management/vendor/laravel/framework/src/Illuminate/Routing/Router.php(885): Illuminate/Routing/Router::toResponse()
#22 D:/laragon-new/laragon/www/hospital-management/vendor/laravel/framework/src/Illuminate/Routing/Router.php(805): Illuminate/Routing/Router->prepareResponse()
#23 D:/laragon-new/laragon/www/hospital-management/vendor/laravel/framework/src/Illuminate/Pipeline/Pipeline.php(144): Illuminate/Routing/Router->{closure:Illuminate/Routing/Router::runRouteWithinStack():805}()
#24 D:/laragon-new/laragon/www/hospital-management/vendor/laravel/framework/src/Illuminate/Http/Middleware/AddLinkHeadersForPreloadedAssets.php(20): Illuminate/Pipeline/Pipeline->{closure:Illuminate/Pipeline/Pipeline::prepareDestination():142}()
#25 D:/laragon-new/laragon/www/hospital-management/vendor/laravel/framework/src/Illuminate/Pipeline/Pipeline.php(183): Illuminate/Http/Middleware/AddLinkHeadersForPreloadedAssets->handle()
#26 D:/laragon-new/laragon/www/hospital-management/vendor/inertiajs/inertia-laravel/src/Middleware.php(87): Illuminate/Pipeline/Pipeline->{closure:{closure:Illuminate/Pipeline/Pipeline::carry():158}:159}()
#27 D:/laragon-new/laragon/www/hospital-management/vendor/laravel/framework/src/Illuminate/Pipeline/Pipeline.php(183): Inertia/Middleware->handle()
#28 D:/laragon-new/laragon/www/hospital-management/app/Http/Middleware/SetLocale.php(35): Illuminate/Pipeline/Pipeline->{closure:{closure:Illuminate/Pipeline/Pipeline::carry():158}:159}()
#29 D:/laragon-new/laragon/www/hospital-management/vendor/laravel/framework/src/Illuminate/Pipeline/Pipeline.php(183): App/Http/Middleware/SetLocale->handle()
#30 D:/laragon-new/laragon/www/hospital-management/vendor/laravel/framework/src/Illuminate/Routing/Middleware/SubstituteBindings.php(50): Illuminate/Pipeline/Pipeline->{closure:{closure:Illuminate/Pipeline/Pipeline::carry():158}:159}()
#31 D:/laragon-new/laragon/www/hospital-management/vendor/laravel/framework/src/Illuminate/Pipeline/Pipeline.php(183): Illuminate/Routing/Middleware/SubstituteBindings->handle()
#32 D:/laragon-new/laragon/www/hospital-management/vendor/laravel/framework/src/Illuminate/Foundation/Http/Middleware/VerifyCsrfToken.php(78): Illuminate/Pipeline/Pipeline->{closure:{closure:Illuminate/Pipeline/Pipeline::carry():158}:159}()
#33 D:/laragon-new/laragon/www/hospital-management/vendor/laravel/framework/src/Illuminate/Pipeline/Pipeline.php(183): Illuminate/Foundation/Http/Middleware/VerifyCsrfToken->handle()
#34 D:/laragon-new/laragon/www/hospital-management/vendor/laravel/framework/src/Illuminate/View/Middleware/ShareErrorsFromSession.php(49): Illuminate/Pipeline/Pipeline->{closure:{closure:Illuminate/Pipeline/Pipeline::carry():158}:159}()
#35 D:/laragon-new/laragon/www/hospital-management/vendor/laravel/framework/src/Illuminate/Pipeline/Pipeline.php(183): Illuminate/View/Middleware/ShareErrorsFromSession->handle()
#36 D:/laragon-new/laragon/www/hospital-management/vendor/laravel/framework/src/Illuminate/Session/Middleware/StartSession.php(121): Illuminate/Pipeline/Pipeline->{closure:{closure:Illuminate/Pipeline/Pipeline::carry():158}:159}()
#37 D:/laragon-new/laragon/www/hospital-management/vendor/laravel/framework/src/Illuminate/Session/Middleware/StartSession.php(64): Illuminate/Session/Middleware/StartSession->handleStatefulRequest()
#38 D:/laragon-new/laragon/www/hospital-management/vendor/laravel/framework/src/Illuminate/Pipeline/Pipeline.php(183): Illuminate/Session/Middleware/StartSession->handle()
#39 D:/laragon-new/laragon/www/hospital-management/vendor/laravel/framework/src/Illuminate/Cookie/Middleware/AddQueuedCookiesToResponse.php(37): Illuminate/Pipeline/Pipeline->{closure:{closure:Illuminate/Pipeline/Pipeline::carry():158}:159}()
#40 D:/laragon-new/laragon/www/hospital-management/vendor/laravel/framework/src/Illuminate/Pipeline/Pipeline.php(183): Illuminate/Cookie/Middleware/AddQueuedCookiesToResponse->handle()
#41 D:/laragon-new/laragon/www/hospital-management/vendor/laravel/framework/src/Illuminate/Cookie/Middleware/EncryptCookies.php(67): Illuminate/Pipeline/Pipeline->{closure:{closure:Illuminate/Pipeline/Pipeline::carry():158}:159}()
#42 D:/laragon-new/laragon/www/hospital-management/vendor/laravel/framework/src/Illuminate/Pipeline/Pipeline.php(183): Illuminate/Cookie/Middleware/EncryptCookies->handle()
#43 D:/laragon-new/laragon/www/hospital-management/vendor/laravel/framework/src/Illuminate/Pipeline/Pipeline.php(119): Illuminate/Pipeline/Pipeline->{closure:{closure:Illuminate/Pipeline/Pipeline::carry():158}:159}()
#44 D:/laragon-new/laragon/www/hospital-management/vendor/laravel/framework/src/Illuminate/Routing/Router.php(805): Illuminate/Pipeline/Pipeline->then()
#45 D:/laragon-new/laragon/www/hospital-management/vendor/laravel/framework/src/Illuminate/Routing/Router.php(784): Illuminate/Routing/Router->runRouteWithinStack()
#46 D:/laragon-new/laragon/www/hospital-management/vendor/laravel/framework/src/Illuminate/Routing/Router.php(748): Illuminate/Routing/Router->runRoute()
#47 D:/laragon-new/laragon/www/hospital-management/vendor/laravel/framework/src/Illuminate/Routing/Router.php(737): Illuminate/Routing/Router->dispatchToRoute()
#48 D:/laragon-new/laragon/www/hospital-management/vendor/laravel/framework/src/Illuminate/Foundation/Http/Kernel.php(200): Illuminate/Routing/Router->dispatch()
#49 D:/laragon-new/laragon/www/hospital-management/vendor/laravel/framework/src/Illuminate/Pipeline/Pipeline.php(144): Illuminate/Foundation/Http/Kernel->{closure:Illuminate/Foundation/Http/Kernel::dispatchToRouter():197}()
#50 D:/laragon-new/laragon/www/hospital-management/vendor/laravel/framework/src/Illuminate/Foundation/Http/Middleware/TransformsRequest.php(21): Illuminate/Pipeline/Pipeline->{closure:Illuminate/Pipeline/Pipeline::prepareDestination():142}()
#51 D:/laragon-new/laragon/www/hospital-management/vendor/laravel/framework/src/Illuminate/Foundation/Http/Middleware/ConvertEmptyStringsToNull.php(31): Illuminate/Foundation/Http/Middleware/TransformsRequest->handle()
#52 D:/laragon-new/laragon/www/hospital-management/vendor/laravel/framework/src/Illuminate/Pipeline/Pipeline.php(183): Illuminate/Foundation/Http/Middleware/ConvertEmptyStringsToNull->handle()
#53 D:/laragon-new/laragon/www/hospital-management/vendor/laravel/framework/src/Illuminate/Foundation/Http/Middleware/TransformsRequest.php(21): Illuminate/Pipeline/Pipeline->{closure:{closure:Illuminate/Pipeline/Pipeline::carry():158}:159}()
#54 D:/laragon-new/laragon/www/hospital-management/vendor/laravel/framework/src/Illuminate/Foundation/Http/Middleware/TrimStrings.php(40): Illuminate/Foundation/Http/Middleware/TransformsRequest->handle()
#55 D:/laragon-new/laragon/www/hospital-management/vendor/laravel/framework/src/Illuminate/Pipeline/Pipeline.php(183): Illuminate/Foundation/Http/Middleware/TrimStrings->handle()
#56 D:/laragon-new/laragon/www/hospital-management/vendor/laravel/framework/src/Illuminate/Foundation/Http/Middleware/ValidatePostSize.php(27): Illuminate/Pipeline/Pipeline->{closure:{closure:Illuminate/Pipeline/Pipeline::carry():158}:159}()
#57 D:/laragon-new/laragon/www/hospital-management/vendor/laravel/framework/src/Illuminate/Pipeline/Pipeline.php(183): Illuminate/Foundation/Http/Middleware/ValidatePostSize->handle()
#58 D:/laragon-new/laragon/www/hospital-management/vendor/laravel/framework/src/Illuminate/Foundation/Http/Middleware/PreventRequestsDuringMaintenance.php(99): Illuminate/Pipeline/Pipeline->{closure:{closure:Illuminate/Pipeline/Pipeline::carry():158}:159}()
#59 D:/laragon-new/laragon/www/hospital-management/vendor/laravel/framework/src/Illuminate/Pipeline/Pipeline.php(183): Illuminate/Foundation/Http/Middleware/PreventRequestsDuringMaintenance->handle()
#60 D:/laragon-new/laragon/www/hospital-management/vendor/laravel/framework/src/Illuminate/Http/Middleware/HandleCors.php(49): Illuminate/Pipeline/Pipeline->{closure:{closure:Illuminate/Pipeline/Pipeline::carry():158}:159}()
#61 D:/laragon-new/laragon/www/hospital-management/vendor/laravel/framework/src/Illuminate/Pipeline/Pipeline.php(183): Illuminate/Http/Middleware/HandleCors->handle()
#62 D:/laragon-new/laragon/www/hospital-management/vendor/laravel/framework/src/Illuminate/Http/Middleware/TrustProxies.php(39): Illuminate/Pipeline/Pipeline->{closure:{closure:Illuminate/Pipeline/Pipeline::carry():158}:159}()
#63 D:/laragon-new/laragon/www/hospital-management/vendor/laravel/framework/src/Illuminate/Pipeline/Pipeline.php(183): Illuminate/Http/Middleware/TrustProxies->handle()
#64 D:/laragon-new/laragon/www/hospital-management/vendor/laravel/framework/src/Illuminate/Pipeline/Pipeline.php(119): Illuminate/Pipeline/Pipeline->{closure:{closure:Illuminate/Pipeline/Pipeline::carry():158}:159}()
#65 D:/laragon-new/laragon/www/hospital-management/vendor/laravel/framework/src/Illuminate/Foundation/Http/Kernel.php(175): Illuminate/Pipeline/Pipeline->then()
#66 D:/laragon-new/laragon/www/hospital-management/vendor/laravel/framework/src/Illuminate/Foundation/Http/Kernel.php(144): Illuminate/Foundation/Http/Kernel->sendRequestThroughRouter()
#67 D:/laragon-new/laragon/www/hospital-management/public/index.php(55): Illuminate/Foundation/Http/Kernel->handle()
#68 D:/laragon-new/laragon/www/hospital-management/vendor/laravel/framework/src/Illuminate/Foundation/resources/server.php(16): require_once('...')
#69 {main}
"} 
[2026-07-27 18:46:54] local.ERROR: Route [appointment.doctors] not defined. {"view":{"view":"D:\\laragon-new\\laragon\\www\\hospital-management\\resources\\views\\components\\frontend\\book-appointment.blade.php","data":[]},"userId":1,"exception":"[object] (Spatie\\LaravelIgnition\\Exceptions\\ViewException(code: 0): Route [appointment.doctors] not defined. at D:/laragon-new/laragon/www/hospital-management/vendor/laravel/framework/src/Illuminate/Routing/UrlGenerator.php:477)
[stacktrace]
#0 D:/laragon-new/laragon/www/hospital-management/vendor/laravel/framework/src/Illuminate/Foundation/helpers.php(811): Illuminate/Routing/UrlGenerator->route()
#1 D:/laragon-new/laragon/www/hospital-management/resources/views/components/frontend/book-appointment.blade.php(276): route()
#2 D:/laragon-new/laragon/www/hospital-management/vendor/laravel/framework/src/Illuminate/Filesystem/Filesystem.php(123): require('...')
#3 D:/laragon-new/laragon/www/hospital-management/vendor/laravel/framework/src/Illuminate/Filesystem/Filesystem.php(124): Illuminate/Filesystem/Filesystem::{closure:Illuminate/Filesystem/Filesystem::getRequire():120}()
#4 D:/laragon-new/laragon/www/hospital-management/vendor/laravel/framework/src/Illuminate/View/Engines/PhpEngine.php(58): Illuminate/Filesystem/Filesystem->getRequire()
#5 D:/laragon-new/laragon/www/hospital-management/vendor/laravel/framework/src/Illuminate/View/Engines/CompilerEngine.php(72): Illuminate/View/Engines/PhpEngine->evaluatePath()
#6 D:/laragon-new/laragon/www/hospital-management/vendor/laravel/framework/src/Illuminate/View/View.php(207): Illuminate/View/Engines/CompilerEngine->get()
#7 D:/laragon-new/laragon/www/hospital-management/vendor/laravel/framework/src/Illuminate/View/View.php(190): Illuminate/View/View->getContents()
#8 D:/laragon-new/laragon/www/hospital-management/vendor/laravel/framework/src/Illuminate/View/View.php(159): Illuminate/View/View->renderContents()
#9 D:/laragon-new/laragon/www/hospital-management/vendor/laravel/framework/src/Illuminate/View/Concerns/ManagesComponents.php(103): Illuminate/View/View->render()
#10 D:/laragon-new/laragon/www/hospital-management/resources/views/frontend/home.blade.php(854): Illuminate/View/Factory->renderComponent()
#11 D:/laragon-new/laragon/www/hospital-management/vendor/laravel/framework/src/Illuminate/Filesystem/Filesystem.php(123): require('...')
#12 D:/laragon-new/laragon/www/hospital-management/vendor/laravel/framework/src/Illuminate/Filesystem/Filesystem.php(124): Illuminate/Filesystem/Filesystem::{closure:Illuminate/Filesystem/Filesystem::getRequire():120}()
#13 D:/laragon-new/laragon/www/hospital-management/vendor/laravel/framework/src/Illuminate/View/Engines/PhpEngine.php(58): Illuminate/Filesystem/Filesystem->getRequire()
#14 D:/laragon-new/laragon/www/hospital-management/vendor/laravel/framework/src/Illuminate/View/Engines/CompilerEngine.php(72): Illuminate/View/Engines/PhpEngine->evaluatePath()
#15 D:/laragon-new/laragon/www/hospital-management/vendor/laravel/framework/src/Illuminate/View/View.php(207): Illuminate/View/Engines/CompilerEngine->get()
#16 D:/laragon-new/laragon/www/hospital-management/vendor/laravel/framework/src/Illuminate/View/View.php(190): Illuminate/View/View->getContents()
#17 D:/laragon-new/laragon/www/hospital-management/vendor/laravel/framework/src/Illuminate/View/View.php(159): Illuminate/View/View->renderContents()
#18 D:/laragon-new/laragon/www/hospital-management/vendor/laravel/framework/src/Illuminate/Http/Response.php(69): Illuminate/View/View->render()
#19 D:/laragon-new/laragon/www/hospital-management/vendor/laravel/framework/src/Illuminate/Http/Response.php(35): Illuminate/Http/Response->setContent()
#20 D:/laragon-new/laragon/www/hospital-management/vendor/laravel/framework/src/Illuminate/Routing/Router.php(918): Illuminate/Http/Response->__construct()
#21 D:/laragon-new/laragon/www/hospital-management/vendor/laravel/framework/src/Illuminate/Routing/Router.php(885): Illuminate/Routing/Router::toResponse()
#22 D:/laragon-new/laragon/www/hospital-management/vendor/laravel/framework/src/Illuminate/Routing/Router.php(805): Illuminate/Routing/Router->prepareResponse()
#23 D:/laragon-new/laragon/www/hospital-management/vendor/laravel/framework/src/Illuminate/Pipeline/Pipeline.php(144): Illuminate/Routing/Router->{closure:Illuminate/Routing/Router::runRouteWithinStack():805}()
#24 D:/laragon-new/laragon/www/hospital-management/vendor/laravel/framework/src/Illuminate/Http/Middleware/AddLinkHeadersForPreloadedAssets.php(20): Illuminate/Pipeline/Pipeline->{closure:Illuminate/Pipeline/Pipeline::prepareDestination():142}()
#25 D:/laragon-new/laragon/www/hospital-management/vendor/laravel/framework/src/Illuminate/Pipeline/Pipeline.php(183): Illuminate/Http/Middleware/AddLinkHeadersForPreloadedAssets->handle()
#26 D:/laragon-new/laragon/www/hospital-management/vendor/inertiajs/inertia-laravel/src/Middleware.php(87): Illuminate/Pipeline/Pipeline->{closure:{closure:Illuminate/Pipeline/Pipeline::carry():158}:159}()
#27 D:/laragon-new/laragon/www/hospital-management/vendor/laravel/framework/src/Illuminate/Pipeline/Pipeline.php(183): Inertia/Middleware->handle()
#28 D:/laragon-new/laragon/www/hospital-management/app/Http/Middleware/SetLocale.php(35): Illuminate/Pipeline/Pipeline->{closure:{closure:Illuminate/Pipeline/Pipeline::carry():158}:159}()
#29 D:/laragon-new/laragon/www/hospital-management/vendor/laravel/framework/src/Illuminate/Pipeline/Pipeline.php(183): App/Http/Middleware/SetLocale->handle()
#30 D:/laragon-new/laragon/www/hospital-management/vendor/laravel/framework/src/Illuminate/Routing/Middleware/SubstituteBindings.php(50): Illuminate/Pipeline/Pipeline->{closure:{closure:Illuminate/Pipeline/Pipeline::carry():158}:159}()
#31 D:/laragon-new/laragon/www/hospital-management/vendor/laravel/framework/src/Illuminate/Pipeline/Pipeline.php(183): Illuminate/Routing/Middleware/SubstituteBindings->handle()
#32 D:/laragon-new/laragon/www/hospital-management/vendor/laravel/framework/src/Illuminate/Foundation/Http/Middleware/VerifyCsrfToken.php(78): Illuminate/Pipeline/Pipeline->{closure:{closure:Illuminate/Pipeline/Pipeline::carry():158}:159}()
#33 D:/laragon-new/laragon/www/hospital-management/vendor/laravel/framework/src/Illuminate/Pipeline/Pipeline.php(183): Illuminate/Foundation/Http/Middleware/VerifyCsrfToken->handle()
#34 D:/laragon-new/laragon/www/hospital-management/vendor/laravel/framework/src/Illuminate/View/Middleware/ShareErrorsFromSession.php(49): Illuminate/Pipeline/Pipeline->{closure:{closure:Illuminate/Pipeline/Pipeline::carry():158}:159}()
#35 D:/laragon-new/laragon/www/hospital-management/vendor/laravel/framework/src/Illuminate/Pipeline/Pipeline.php(183): Illuminate/View/Middleware/ShareErrorsFromSession->handle()
#36 D:/laragon-new/laragon/www/hospital-management/vendor/laravel/framework/src/Illuminate/Session/Middleware/StartSession.php(121): Illuminate/Pipeline/Pipeline->{closure:{closure:Illuminate/Pipeline/Pipeline::carry():158}:159}()
#37 D:/laragon-new/laragon/www/hospital-management/vendor/laravel/framework/src/Illuminate/Session/Middleware/StartSession.php(64): Illuminate/Session/Middleware/StartSession->handleStatefulRequest()
#38 D:/laragon-new/laragon/www/hospital-management/vendor/laravel/framework/src/Illuminate/Pipeline/Pipeline.php(183): Illuminate/Session/Middleware/StartSession->handle()
#39 D:/laragon-new/laragon/www/hospital-management/vendor/laravel/framework/src/Illuminate/Cookie/Middleware/AddQueuedCookiesToResponse.php(37): Illuminate/Pipeline/Pipeline->{closure:{closure:Illuminate/Pipeline/Pipeline::carry():158}:159}()
#40 D:/laragon-new/laragon/www/hospital-management/vendor/laravel/framework/src/Illuminate/Pipeline/Pipeline.php(183): Illuminate/Cookie/Middleware/AddQueuedCookiesToResponse->handle()
#41 D:/laragon-new/laragon/www/hospital-management/vendor/laravel/framework/src/Illuminate/Cookie/Middleware/EncryptCookies.php(67): Illuminate/Pipeline/Pipeline->{closure:{closure:Illuminate/Pipeline/Pipeline::carry():158}:159}()
#42 D:/laragon-new/laragon/www/hospital-management/vendor/laravel/framework/src/Illuminate/Pipeline/Pipeline.php(183): Illuminate/Cookie/Middleware/EncryptCookies->handle()
#43 D:/laragon-new/laragon/www/hospital-management/vendor/laravel/framework/src/Illuminate/Pipeline/Pipeline.php(119): Illuminate/Pipeline/Pipeline->{closure:{closure:Illuminate/Pipeline/Pipeline::carry():158}:159}()
#44 D:/laragon-new/laragon/www/hospital-management/vendor/laravel/framework/src/Illuminate/Routing/Router.php(805): Illuminate/Pipeline/Pipeline->then()
#45 D:/laragon-new/laragon/www/hospital-management/vendor/laravel/framework/src/Illuminate/Routing/Router.php(784): Illuminate/Routing/Router->runRouteWithinStack()
#46 D:/laragon-new/laragon/www/hospital-management/vendor/laravel/framework/src/Illuminate/Routing/Router.php(748): Illuminate/Routing/Router->runRoute()
#47 D:/laragon-new/laragon/www/hospital-management/vendor/laravel/framework/src/Illuminate/Routing/Router.php(737): Illuminate/Routing/Router->dispatchToRoute()
#48 D:/laragon-new/laragon/www/hospital-management/vendor/laravel/framework/src/Illuminate/Foundation/Http/Kernel.php(200): Illuminate/Routing/Router->dispatch()
#49 D:/laragon-new/laragon/www/hospital-management/vendor/laravel/framework/src/Illuminate/Pipeline/Pipeline.php(144): Illuminate/Foundation/Http/Kernel->{closure:Illuminate/Foundation/Http/Kernel::dispatchToRouter():197}()
#50 D:/laragon-new/laragon/www/hospital-management/vendor/laravel/framework/src/Illuminate/Foundation/Http/Middleware/TransformsRequest.php(21): Illuminate/Pipeline/Pipeline->{closure:Illuminate/Pipeline/Pipeline::prepareDestination():142}()
#51 D:/laragon-new/laragon/www/hospital-management/vendor/laravel/framework/src/Illuminate/Foundation/Http/Middleware/ConvertEmptyStringsToNull.php(31): Illuminate/Foundation/Http/Middleware/TransformsRequest->handle()
#52 D:/laragon-new/laragon/www/hospital-management/vendor/laravel/framework/src/Illuminate/Pipeline/Pipeline.php(183): Illuminate/Foundation/Http/Middleware/ConvertEmptyStringsToNull->handle()
#53 D:/laragon-new/laragon/www/hospital-management/vendor/laravel/framework/src/Illuminate/Foundation/Http/Middleware/TransformsRequest.php(21): Illuminate/Pipeline/Pipeline->{closure:{closure:Illuminate/Pipeline/Pipeline::carry():158}:159}()
#54 D:/laragon-new/laragon/www/hospital-management/vendor/laravel/framework/src/Illuminate/Foundation/Http/Middleware/TrimStrings.php(40): Illuminate/Foundation/Http/Middleware/TransformsRequest->handle()
#55 D:/laragon-new/laragon/www/hospital-management/vendor/laravel/framework/src/Illuminate/Pipeline/Pipeline.php(183): Illuminate/Foundation/Http/Middleware/TrimStrings->handle()
#56 D:/laragon-new/laragon/www/hospital-management/vendor/laravel/framework/src/Illuminate/Foundation/Http/Middleware/ValidatePostSize.php(27): Illuminate/Pipeline/Pipeline->{closure:{closure:Illuminate/Pipeline/Pipeline::carry():158}:159}()
#57 D:/laragon-new/laragon/www/hospital-management/vendor/laravel/framework/src/Illuminate/Pipeline/Pipeline.php(183): Illuminate/Foundation/Http/Middleware/ValidatePostSize->handle()
#58 D:/laragon-new/laragon/www/hospital-management/vendor/laravel/framework/src/Illuminate/Foundation/Http/Middleware/PreventRequestsDuringMaintenance.php(99): Illuminate/Pipeline/Pipeline->{closure:{closure:Illuminate/Pipeline/Pipeline::carry():158}:159}()
#59 D:/laragon-new/laragon/www/hospital-management/vendor/laravel/framework/src/Illuminate/Pipeline/Pipeline.php(183): Illuminate/Foundation/Http/Middleware/PreventRequestsDuringMaintenance->handle()
#60 D:/laragon-new/laragon/www/hospital-management/vendor/laravel/framework/src/Illuminate/Http/Middleware/HandleCors.php(49): Illuminate/Pipeline/Pipeline->{closure:{closure:Illuminate/Pipeline/Pipeline::carry():158}:159}()
#61 D:/laragon-new/laragon/www/hospital-management/vendor/laravel/framework/src/Illuminate/Pipeline/Pipeline.php(183): Illuminate/Http/Middleware/HandleCors->handle()
#62 D:/laragon-new/laragon/www/hospital-management/vendor/laravel/framework/src/Illuminate/Http/Middleware/TrustProxies.php(39): Illuminate/Pipeline/Pipeline->{closure:{closure:Illuminate/Pipeline/Pipeline::carry():158}:159}()
#63 D:/laragon-new/laragon/www/hospital-management/vendor/laravel/framework/src/Illuminate/Pipeline/Pipeline.php(183): Illuminate/Http/Middleware/TrustProxies->handle()
#64 D:/laragon-new/laragon/www/hospital-management/vendor/laravel/framework/src/Illuminate/Pipeline/Pipeline.php(119): Illuminate/Pipeline/Pipeline->{closure:{closure:Illuminate/Pipeline/Pipeline::carry():158}:159}()
#65 D:/laragon-new/laragon/www/hospital-management/vendor/laravel/framework/src/Illuminate/Foundation/Http/Kernel.php(175): Illuminate/Pipeline/Pipeline->then()
#66 D:/laragon-new/laragon/www/hospital-management/vendor/laravel/framework/src/Illuminate/Foundation/Http/Kernel.php(144): Illuminate/Foundation/Http/Kernel->sendRequestThroughRouter()
#67 D:/laragon-new/laragon/www/hospital-management/public/index.php(55): Illuminate/Foundation/Http/Kernel->handle()
#68 D:/laragon-new/laragon/www/hospital-management/vendor/laravel/framework/src/Illuminate/Foundation/resources/server.php(16): require_once('...')
#69 {main}

[previous exception] [object] (Symfony\\Component\\Routing\\Exception\\RouteNotFoundException(code: 0): Route [appointment.doctors] not defined. at D:/laragon-new/laragon/www/hospital-management/vendor/laravel/framework/src/Illuminate/Routing/UrlGenerator.php:477)
[stacktrace]
#0 D:/laragon-new/laragon/www/hospital-management/vendor/laravel/framework/src/Illuminate/Foundation/helpers.php(811): Illuminate/Routing/UrlGenerator->route()
#1 D:/laragon-new/laragon/www/hospital-management/storage/framework/views/cdcea4de2a6a0efb0887f9a37d19adcb.php(298): route()
#2 D:/laragon-new/laragon/www/hospital-management/vendor/laravel/framework/src/Illuminate/Filesystem/Filesystem.php(123): require('...')
#3 D:/laragon-new/laragon/www/hospital-management/vendor/laravel/framework/src/Illuminate/Filesystem/Filesystem.php(124): Illuminate/Filesystem/Filesystem::{closure:Illuminate/Filesystem/Filesystem::getRequire():120}()
#4 D:/laragon-new/laragon/www/hospital-management/vendor/laravel/framework/src/Illuminate/View/Engines/PhpEngine.php(58): Illuminate/Filesystem/Filesystem->getRequire()
#5 D:/laragon-new/laragon/www/hospital-management/vendor/laravel/framework/src/Illuminate/View/Engines/CompilerEngine.php(72): Illuminate/View/Engines/PhpEngine->evaluatePath()
#6 D:/laragon-new/laragon/www/hospital-management/vendor/laravel/framework/src/Illuminate/View/View.php(207): Illuminate/View/Engines/CompilerEngine->get()
#7 D:/laragon-new/laragon/www/hospital-management/vendor/laravel/framework/src/Illuminate/View/View.php(190): Illuminate/View/View->getContents()
#8 D:/laragon-new/laragon/www/hospital-management/vendor/laravel/framework/src/Illuminate/View/View.php(159): Illuminate/View/View->renderContents()
#9 D:/laragon-new/laragon/www/hospital-management/vendor/laravel/framework/src/Illuminate/View/Concerns/ManagesComponents.php(103): Illuminate/View/View->render()
#10 D:/laragon-new/laragon/www/hospital-management/storage/framework/views/cd26cf55e8f5bf8923f22432e065a0b8.php(882): Illuminate/View/Factory->renderComponent()
#11 D:/laragon-new/laragon/www/hospital-management/vendor/laravel/framework/src/Illuminate/Filesystem/Filesystem.php(123): require('...')
#12 D:/laragon-new/laragon/www/hospital-management/vendor/laravel/framework/src/Illuminate/Filesystem/Filesystem.php(124): Illuminate/Filesystem/Filesystem::{closure:Illuminate/Filesystem/Filesystem::getRequire():120}()
#13 D:/laragon-new/laragon/www/hospital-management/vendor/laravel/framework/src/Illuminate/View/Engines/PhpEngine.php(58): Illuminate/Filesystem/Filesystem->getRequire()
#14 D:/laragon-new/laragon/www/hospital-management/vendor/laravel/framework/src/Illuminate/View/Engines/CompilerEngine.php(72): Illuminate/View/Engines/PhpEngine->evaluatePath()
#15 D:/laragon-new/laragon/www/hospital-management/vendor/laravel/framework/src/Illuminate/View/View.php(207): Illuminate/View/Engines/CompilerEngine->get()
#16 D:/laragon-new/laragon/www/hospital-management/vendor/laravel/framework/src/Illuminate/View/View.php(190): Illuminate/View/View->getContents()
#17 D:/laragon-new/laragon/www/hospital-management/vendor/laravel/framework/src/Illuminate/View/View.php(159): Illuminate/View/View->renderContents()
#18 D:/laragon-new/laragon/www/hospital-management/vendor/laravel/framework/src/Illuminate/Http/Response.php(69): Illuminate/View/View->render()
#19 D:/laragon-new/laragon/www/hospital-management/vendor/laravel/framework/src/Illuminate/Http/Response.php(35): Illuminate/Http/Response->setContent()
#20 D:/laragon-new/laragon/www/hospital-management/vendor/laravel/framework/src/Illuminate/Routing/Router.php(918): Illuminate/Http/Response->__construct()
#21 D:/laragon-new/laragon/www/hospital-management/vendor/laravel/framework/src/Illuminate/Routing/Router.php(885): Illuminate/Routing/Router::toResponse()
#22 D:/laragon-new/laragon/www/hospital-management/vendor/laravel/framework/src/Illuminate/Routing/Router.php(805): Illuminate/Routing/Router->prepareResponse()
#23 D:/laragon-new/laragon/www/hospital-management/vendor/laravel/framework/src/Illuminate/Pipeline/Pipeline.php(144): Illuminate/Routing/Router->{closure:Illuminate/Routing/Router::runRouteWithinStack():805}()
#24 D:/laragon-new/laragon/www/hospital-management/vendor/laravel/framework/src/Illuminate/Http/Middleware/AddLinkHeadersForPreloadedAssets.php(20): Illuminate/Pipeline/Pipeline->{closure:Illuminate/Pipeline/Pipeline::prepareDestination():142}()
#25 D:/laragon-new/laragon/www/hospital-management/vendor/laravel/framework/src/Illuminate/Pipeline/Pipeline.php(183): Illuminate/Http/Middleware/AddLinkHeadersForPreloadedAssets->handle()
#26 D:/laragon-new/laragon/www/hospital-management/vendor/inertiajs/inertia-laravel/src/Middleware.php(87): Illuminate/Pipeline/Pipeline->{closure:{closure:Illuminate/Pipeline/Pipeline::carry():158}:159}()
#27 D:/laragon-new/laragon/www/hospital-management/vendor/laravel/framework/src/Illuminate/Pipeline/Pipeline.php(183): Inertia/Middleware->handle()
#28 D:/laragon-new/laragon/www/hospital-management/app/Http/Middleware/SetLocale.php(35): Illuminate/Pipeline/Pipeline->{closure:{closure:Illuminate/Pipeline/Pipeline::carry():158}:159}()
#29 D:/laragon-new/laragon/www/hospital-management/vendor/laravel/framework/src/Illuminate/Pipeline/Pipeline.php(183): App/Http/Middleware/SetLocale->handle()
#30 D:/laragon-new/laragon/www/hospital-management/vendor/laravel/framework/src/Illuminate/Routing/Middleware/SubstituteBindings.php(50): Illuminate/Pipeline/Pipeline->{closure:{closure:Illuminate/Pipeline/Pipeline::carry():158}:159}()
#31 D:/laragon-new/laragon/www/hospital-management/vendor/laravel/framework/src/Illuminate/Pipeline/Pipeline.php(183): Illuminate/Routing/Middleware/SubstituteBindings->handle()
#32 D:/laragon-new/laragon/www/hospital-management/vendor/laravel/framework/src/Illuminate/Foundation/Http/Middleware/VerifyCsrfToken.php(78): Illuminate/Pipeline/Pipeline->{closure:{closure:Illuminate/Pipeline/Pipeline::carry():158}:159}()
#33 D:/laragon-new/laragon/www/hospital-management/vendor/laravel/framework/src/Illuminate/Pipeline/Pipeline.php(183): Illuminate/Foundation/Http/Middleware/VerifyCsrfToken->handle()
#34 D:/laragon-new/laragon/www/hospital-management/vendor/laravel/framework/src/Illuminate/View/Middleware/ShareErrorsFromSession.php(49): Illuminate/Pipeline/Pipeline->{closure:{closure:Illuminate/Pipeline/Pipeline::carry():158}:159}()
#35 D:/laragon-new/laragon/www/hospital-management/vendor/laravel/framework/src/Illuminate/Pipeline/Pipeline.php(183): Illuminate/View/Middleware/ShareErrorsFromSession->handle()
#36 D:/laragon-new/laragon/www/hospital-management/vendor/laravel/framework/src/Illuminate/Session/Middleware/StartSession.php(121): Illuminate/Pipeline/Pipeline->{closure:{closure:Illuminate/Pipeline/Pipeline::carry():158}:159}()
#37 D:/laragon-new/laragon/www/hospital-management/vendor/laravel/framework/src/Illuminate/Session/Middleware/StartSession.php(64): Illuminate/Session/Middleware/StartSession->handleStatefulRequest()
#38 D:/laragon-new/laragon/www/hospital-management/vendor/laravel/framework/src/Illuminate/Pipeline/Pipeline.php(183): Illuminate/Session/Middleware/StartSession->handle()
#39 D:/laragon-new/laragon/www/hospital-management/vendor/laravel/framework/src/Illuminate/Cookie/Middleware/AddQueuedCookiesToResponse.php(37): Illuminate/Pipeline/Pipeline->{closure:{closure:Illuminate/Pipeline/Pipeline::carry():158}:159}()
#40 D:/laragon-new/laragon/www/hospital-management/vendor/laravel/framework/src/Illuminate/Pipeline/Pipeline.php(183): Illuminate/Cookie/Middleware/AddQueuedCookiesToResponse->handle()
#41 D:/laragon-new/laragon/www/hospital-management/vendor/laravel/framework/src/Illuminate/Cookie/Middleware/EncryptCookies.php(67): Illuminate/Pipeline/Pipeline->{closure:{closure:Illuminate/Pipeline/Pipeline::carry():158}:159}()
#42 D:/laragon-new/laragon/www/hospital-management/vendor/laravel/framework/src/Illuminate/Pipeline/Pipeline.php(183): Illuminate/Cookie/Middleware/EncryptCookies->handle()
#43 D:/laragon-new/laragon/www/hospital-management/vendor/laravel/framework/src/Illuminate/Pipeline/Pipeline.php(119): Illuminate/Pipeline/Pipeline->{closure:{closure:Illuminate/Pipeline/Pipeline::carry():158}:159}()
#44 D:/laragon-new/laragon/www/hospital-management/vendor/laravel/framework/src/Illuminate/Routing/Router.php(805): Illuminate/Pipeline/Pipeline->then()
#45 D:/laragon-new/laragon/www/hospital-management/vendor/laravel/framework/src/Illuminate/Routing/Router.php(784): Illuminate/Routing/Router->runRouteWithinStack()
#46 D:/laragon-new/laragon/www/hospital-management/vendor/laravel/framework/src/Illuminate/Routing/Router.php(748): Illuminate/Routing/Router->runRoute()
#47 D:/laragon-new/laragon/www/hospital-management/vendor/laravel/framework/src/Illuminate/Routing/Router.php(737): Illuminate/Routing/Router->dispatchToRoute()
#48 D:/laragon-new/laragon/www/hospital-management/vendor/laravel/framework/src/Illuminate/Foundation/Http/Kernel.php(200): Illuminate/Routing/Router->dispatch()
#49 D:/laragon-new/laragon/www/hospital-management/vendor/laravel/framework/src/Illuminate/Pipeline/Pipeline.php(144): Illuminate/Foundation/Http/Kernel->{closure:Illuminate/Foundation/Http/Kernel::dispatchToRouter():197}()
#50 D:/laragon-new/laragon/www/hospital-management/vendor/laravel/framework/src/Illuminate/Foundation/Http/Middleware/TransformsRequest.php(21): Illuminate/Pipeline/Pipeline->{closure:Illuminate/Pipeline/Pipeline::prepareDestination():142}()
#51 D:/laragon-new/laragon/www/hospital-management/vendor/laravel/framework/src/Illuminate/Foundation/Http/Middleware/ConvertEmptyStringsToNull.php(31): Illuminate/Foundation/Http/Middleware/TransformsRequest->handle()
#52 D:/laragon-new/laragon/www/hospital-management/vendor/laravel/framework/src/Illuminate/Pipeline/Pipeline.php(183): Illuminate/Foundation/Http/Middleware/ConvertEmptyStringsToNull->handle()
#53 D:/laragon-new/laragon/www/hospital-management/vendor/laravel/framework/src/Illuminate/Foundation/Http/Middleware/TransformsRequest.php(21): Illuminate/Pipeline/Pipeline->{closure:{closure:Illuminate/Pipeline/Pipeline::carry():158}:159}()
#54 D:/laragon-new/laragon/www/hospital-management/vendor/laravel/framework/src/Illuminate/Foundation/Http/Middleware/TrimStrings.php(40): Illuminate/Foundation/Http/Middleware/TransformsRequest->handle()
#55 D:/laragon-new/laragon/www/hospital-management/vendor/laravel/framework/src/Illuminate/Pipeline/Pipeline.php(183): Illuminate/Foundation/Http/Middleware/TrimStrings->handle()
#56 D:/laragon-new/laragon/www/hospital-management/vendor/laravel/framework/src/Illuminate/Foundation/Http/Middleware/ValidatePostSize.php(27): Illuminate/Pipeline/Pipeline->{closure:{closure:Illuminate/Pipeline/Pipeline::carry():158}:159}()
#57 D:/laragon-new/laragon/www/hospital-management/vendor/laravel/framework/src/Illuminate/Pipeline/Pipeline.php(183): Illuminate/Foundation/Http/Middleware/ValidatePostSize->handle()
#58 D:/laragon-new/laragon/www/hospital-management/vendor/laravel/framework/src/Illuminate/Foundation/Http/Middleware/PreventRequestsDuringMaintenance.php(99): Illuminate/Pipeline/Pipeline->{closure:{closure:Illuminate/Pipeline/Pipeline::carry():158}:159}()
#59 D:/laragon-new/laragon/www/hospital-management/vendor/laravel/framework/src/Illuminate/Pipeline/Pipeline.php(183): Illuminate/Foundation/Http/Middleware/PreventRequestsDuringMaintenance->handle()
#60 D:/laragon-new/laragon/www/hospital-management/vendor/laravel/framework/src/Illuminate/Http/Middleware/HandleCors.php(49): Illuminate/Pipeline/Pipeline->{closure:{closure:Illuminate/Pipeline/Pipeline::carry():158}:159}()
#61 D:/laragon-new/laragon/www/hospital-management/vendor/laravel/framework/src/Illuminate/Pipeline/Pipeline.php(183): Illuminate/Http/Middleware/HandleCors->handle()
#62 D:/laragon-new/laragon/www/hospital-management/vendor/laravel/framework/src/Illuminate/Http/Middleware/TrustProxies.php(39): Illuminate/Pipeline/Pipeline->{closure:{closure:Illuminate/Pipeline/Pipeline::carry():158}:159}()
#63 D:/laragon-new/laragon/www/hospital-management/vendor/laravel/framework/src/Illuminate/Pipeline/Pipeline.php(183): Illuminate/Http/Middleware/TrustProxies->handle()
#64 D:/laragon-new/laragon/www/hospital-management/vendor/laravel/framework/src/Illuminate/Pipeline/Pipeline.php(119): Illuminate/Pipeline/Pipeline->{closure:{closure:Illuminate/Pipeline/Pipeline::carry():158}:159}()
#65 D:/laragon-new/laragon/www/hospital-management/vendor/laravel/framework/src/Illuminate/Foundation/Http/Kernel.php(175): Illuminate/Pipeline/Pipeline->then()
#66 D:/laragon-new/laragon/www/hospital-management/vendor/laravel/framework/src/Illuminate/Foundation/Http/Kernel.php(144): Illuminate/Foundation/Http/Kernel->sendRequestThroughRouter()
#67 D:/laragon-new/laragon/www/hospital-management/public/index.php(55): Illuminate/Foundation/Http/Kernel->handle()
#68 D:/laragon-new/laragon/www/hospital-management/vendor/laravel/framework/src/Illuminate/Foundation/resources/server.php(16): require_once('...')
#69 {main}
"} 
[2026-07-29 18:18:52] local.ERROR: The "--columns" option does not exist. {"exception":"[object] (Symfony\\Component\\Console\\Exception\\RuntimeException(code: 0): The \"--columns\" option does not exist. at D:/laragon-new/laragon/www/hospital-management/vendor/symfony/console/Input/ArgvInput.php:222)
[stacktrace]
#0 D:/laragon-new/laragon/www/hospital-management/vendor/symfony/console/Input/ArgvInput.php(149): Symfony/Component/Console/Input/ArgvInput->addLongOption()
#1 D:/laragon-new/laragon/www/hospital-management/vendor/symfony/console/Input/ArgvInput.php(85): Symfony/Component/Console/Input/ArgvInput->parseLongOption()
#2 D:/laragon-new/laragon/www/hospital-management/vendor/symfony/console/Input/ArgvInput.php(74): Symfony/Component/Console/Input/ArgvInput->parseToken()
#3 D:/laragon-new/laragon/www/hospital-management/vendor/symfony/console/Input/Input.php(56): Symfony/Component/Console/Input/ArgvInput->parse()
#4 D:/laragon-new/laragon/www/hospital-management/vendor/symfony/console/Command/Command.php(285): Symfony/Component/Console/Input/Input->bind()
#5 D:/laragon-new/laragon/www/hospital-management/vendor/laravel/framework/src/Illuminate/Console/Command.php(180): Symfony/Component/Console/Command/Command->run()
#6 D:/laragon-new/laragon/www/hospital-management/vendor/symfony/console/Application.php(1121): Illuminate/Console/Command->run()
#7 D:/laragon-new/laragon/www/hospital-management/vendor/symfony/console/Application.php(324): Symfony/Component/Console/Application->doRunCommand()
#8 D:/laragon-new/laragon/www/hospital-management/vendor/symfony/console/Application.php(175): Symfony/Component/Console/Application->doRun()
#9 D:/laragon-new/laragon/www/hospital-management/vendor/laravel/framework/src/Illuminate/Foundation/Console/Kernel.php(201): Symfony/Component/Console/Application->run()
#10 D:/laragon-new/laragon/www/hospital-management/artisan(35): Illuminate/Foundation/Console/Kernel->handle()
#11 {main}
"} 
[2026-07-30 03:50:37] local.ERROR: Command "server" is not defined.

Did you mean one of these?
    make:observer
    serve {"exception":"[object] (Symfony\\Component\\Console\\Exception\\CommandNotFoundException(code: 0): Command \"server\" is not defined.

Did you mean one of these?
    make:observer
    serve at D:/laragon-new/laragon/www/hospital-management/vendor/symfony/console/Application.php:745)
[stacktrace]
#0 D:/laragon-new/laragon/www/hospital-management/vendor/symfony/console/Application.php(266): Symfony/Component/Console/Application->find()
#1 D:/laragon-new/laragon/www/hospital-management/vendor/symfony/console/Application.php(175): Symfony/Component/Console/Application->doRun()
#2 D:/laragon-new/laragon/www/hospital-management/vendor/laravel/framework/src/Illuminate/Foundation/Console/Kernel.php(201): Symfony/Component/Console/Application->run()
#3 D:/laragon-new/laragon/www/hospital-management/artisan(35): Illuminate/Foundation/Console/Kernel->handle()
#4 {main}
"} 
[2026-07-30 04:41:14] local.ERROR: Undefined array key "faq_page_title" {"view":{"view":"D:\\laragon-new\\laragon\\www\\hospital-management\\resources\\views\\frontend\\faq.blade.php","data":[]},"exception":"[object] (Spatie\\LaravelIgnition\\Exceptions\\ViewException(code: 0): Undefined array key \"faq_page_title\" at D:/laragon-new/laragon/www/hospital-management/resources/views/frontend/faq.blade.php:71)
[stacktrace]
#0 D:/laragon-new/laragon/www/hospital-management/vendor/laravel/framework/src/Illuminate/Filesystem/Filesystem.php(123): require('...')
#1 D:/laragon-new/laragon/www/hospital-management/vendor/laravel/framework/src/Illuminate/Filesystem/Filesystem.php(124): Illuminate/Filesystem/Filesystem::{closure:Illuminate/Filesystem/Filesystem::getRequire():120}()
#2 D:/laragon-new/laragon/www/hospital-management/vendor/laravel/framework/src/Illuminate/View/Engines/PhpEngine.php(58): Illuminate/Filesystem/Filesystem->getRequire()
#3 D:/laragon-new/laragon/www/hospital-management/vendor/laravel/framework/src/Illuminate/View/Engines/CompilerEngine.php(72): Illuminate/View/Engines/PhpEngine->evaluatePath()
#4 D:/laragon-new/laragon/www/hospital-management/vendor/laravel/framework/src/Illuminate/View/View.php(207): Illuminate/View/Engines/CompilerEngine->get()
#5 D:/laragon-new/laragon/www/hospital-management/vendor/laravel/framework/src/Illuminate/View/View.php(190): Illuminate/View/View->getContents()
#6 D:/laragon-new/laragon/www/hospital-management/vendor/laravel/framework/src/Illuminate/View/View.php(159): Illuminate/View/View->renderContents()
#7 D:/laragon-new/laragon/www/hospital-management/vendor/laravel/framework/src/Illuminate/Http/Response.php(69): Illuminate/View/View->render()
#8 D:/laragon-new/laragon/www/hospital-management/vendor/laravel/framework/src/Illuminate/Http/Response.php(35): Illuminate/Http/Response->setContent()
#9 D:/laragon-new/laragon/www/hospital-management/vendor/laravel/framework/src/Illuminate/Routing/Router.php(918): Illuminate/Http/Response->__construct()
#10 D:/laragon-new/laragon/www/hospital-management/vendor/laravel/framework/src/Illuminate/Routing/Router.php(885): Illuminate/Routing/Router::toResponse()
#11 D:/laragon-new/laragon/www/hospital-management/vendor/laravel/framework/src/Illuminate/Routing/Router.php(805): Illuminate/Routing/Router->prepareResponse()
#12 D:/laragon-new/laragon/www/hospital-management/vendor/laravel/framework/src/Illuminate/Pipeline/Pipeline.php(144): Illuminate/Routing/Router->{closure:Illuminate/Routing/Router::runRouteWithinStack():805}()
#13 D:/laragon-new/laragon/www/hospital-management/vendor/laravel/framework/src/Illuminate/Http/Middleware/AddLinkHeadersForPreloadedAssets.php(20): Illuminate/Pipeline/Pipeline->{closure:Illuminate/Pipeline/Pipeline::prepareDestination():142}()
#14 D:/laragon-new/laragon/www/hospital-management/vendor/laravel/framework/src/Illuminate/Pipeline/Pipeline.php(183): Illuminate/Http/Middleware/AddLinkHeadersForPreloadedAssets->handle()
#15 D:/laragon-new/laragon/www/hospital-management/vendor/inertiajs/inertia-laravel/src/Middleware.php(87): Illuminate/Pipeline/Pipeline->{closure:{closure:Illuminate/Pipeline/Pipeline::carry():158}:159}()
#16 D:/laragon-new/laragon/www/hospital-management/vendor/laravel/framework/src/Illuminate/Pipeline/Pipeline.php(183): Inertia/Middleware->handle()
#17 D:/laragon-new/laragon/www/hospital-management/app/Http/Middleware/SetLocale.php(35): Illuminate/Pipeline/Pipeline->{closure:{closure:Illuminate/Pipeline/Pipeline::carry():158}:159}()
#18 D:/laragon-new/laragon/www/hospital-management/vendor/laravel/framework/src/Illuminate/Pipeline/Pipeline.php(183): App/Http/Middleware/SetLocale->handle()
#19 D:/laragon-new/laragon/www/hospital-management/vendor/laravel/framework/src/Illuminate/Routing/Middleware/SubstituteBindings.php(50): Illuminate/Pipeline/Pipeline->{closure:{closure:Illuminate/Pipeline/Pipeline::carry():158}:159}()
#20 D:/laragon-new/laragon/www/hospital-management/vendor/laravel/framework/src/Illuminate/Pipeline/Pipeline.php(183): Illuminate/Routing/Middleware/SubstituteBindings->handle()
#21 D:/laragon-new/laragon/www/hospital-management/vendor/laravel/framework/src/Illuminate/Foundation/Http/Middleware/VerifyCsrfToken.php(78): Illuminate/Pipeline/Pipeline->{closure:{closure:Illuminate/Pipeline/Pipeline::carry():158}:159}()
#22 D:/laragon-new/laragon/www/hospital-management/vendor/laravel/framework/src/Illuminate/Pipeline/Pipeline.php(183): Illuminate/Foundation/Http/Middleware/VerifyCsrfToken->handle()
#23 D:/laragon-new/laragon/www/hospital-management/vendor/laravel/framework/src/Illuminate/View/Middleware/ShareErrorsFromSession.php(49): Illuminate/Pipeline/Pipeline->{closure:{closure:Illuminate/Pipeline/Pipeline::carry():158}:159}()
#24 D:/laragon-new/laragon/www/hospital-management/vendor/laravel/framework/src/Illuminate/Pipeline/Pipeline.php(183): Illuminate/View/Middleware/ShareErrorsFromSession->handle()
#25 D:/laragon-new/laragon/www/hospital-management/vendor/laravel/framework/src/Illuminate/Session/Middleware/StartSession.php(121): Illuminate/Pipeline/Pipeline->{closure:{closure:Illuminate/Pipeline/Pipeline::carry():158}:159}()
#26 D:/laragon-new/laragon/www/hospital-management/vendor/laravel/framework/src/Illuminate/Session/Middleware/StartSession.php(64): Illuminate/Session/Middleware/StartSession->handleStatefulRequest()
#27 D:/laragon-new/laragon/www/hospital-management/vendor/laravel/framework/src/Illuminate/Pipeline/Pipeline.php(183): Illuminate/Session/Middleware/StartSession->handle()
#28 D:/laragon-new/laragon/www/hospital-management/vendor/laravel/framework/src/Illuminate/Cookie/Middleware/AddQueuedCookiesToResponse.php(37): Illuminate/Pipeline/Pipeline->{closure:{closure:Illuminate/Pipeline/Pipeline::carry():158}:159}()
#29 D:/laragon-new/laragon/www/hospital-management/vendor/laravel/framework/src/Illuminate/Pipeline/Pipeline.php(183): Illuminate/Cookie/Middleware/AddQueuedCookiesToResponse->handle()
#30 D:/laragon-new/laragon/www/hospital-management/vendor/laravel/framework/src/Illuminate/Cookie/Middleware/EncryptCookies.php(67): Illuminate/Pipeline/Pipeline->{closure:{closure:Illuminate/Pipeline/Pipeline::carry():158}:159}()
#31 D:/laragon-new/laragon/www/hospital-management/vendor/laravel/framework/src/Illuminate/Pipeline/Pipeline.php(183): Illuminate/Cookie/Middleware/EncryptCookies->handle()
#32 D:/laragon-new/laragon/www/hospital-management/vendor/laravel/framework/src/Illuminate/Pipeline/Pipeline.php(119): Illuminate/Pipeline/Pipeline->{closure:{closure:Illuminate/Pipeline/Pipeline::carry():158}:159}()
#33 D:/laragon-new/laragon/www/hospital-management/vendor/laravel/framework/src/Illuminate/Routing/Router.php(805): Illuminate/Pipeline/Pipeline->then()
#34 D:/laragon-new/laragon/www/hospital-management/vendor/laravel/framework/src/Illuminate/Routing/Router.php(784): Illuminate/Routing/Router->runRouteWithinStack()
#35 D:/laragon-new/laragon/www/hospital-management/vendor/laravel/framework/src/Illuminate/Routing/Router.php(748): Illuminate/Routing/Router->runRoute()
#36 D:/laragon-new/laragon/www/hospital-management/vendor/laravel/framework/src/Illuminate/Routing/Router.php(737): Illuminate/Routing/Router->dispatchToRoute()
#37 D:/laragon-new/laragon/www/hospital-management/vendor/laravel/framework/src/Illuminate/Foundation/Http/Kernel.php(200): Illuminate/Routing/Router->dispatch()
#38 D:/laragon-new/laragon/www/hospital-management/vendor/laravel/framework/src/Illuminate/Pipeline/Pipeline.php(144): Illuminate/Foundation/Http/Kernel->{closure:Illuminate/Foundation/Http/Kernel::dispatchToRouter():197}()
#39 D:/laragon-new/laragon/www/hospital-management/vendor/laravel/framework/src/Illuminate/Foundation/Http/Middleware/TransformsRequest.php(21): Illuminate/Pipeline/Pipeline->{closure:Illuminate/Pipeline/Pipeline::prepareDestination():142}()
#40 D:/laragon-new/laragon/www/hospital-management/vendor/laravel/framework/src/Illuminate/Foundation/Http/Middleware/ConvertEmptyStringsToNull.php(31): Illuminate/Foundation/Http/Middleware/TransformsRequest->handle()
#41 D:/laragon-new/laragon/www/hospital-management/vendor/laravel/framework/src/Illuminate/Pipeline/Pipeline.php(183): Illuminate/Foundation/Http/Middleware/ConvertEmptyStringsToNull->handle()
#42 D:/laragon-new/laragon/www/hospital-management/vendor/laravel/framework/src/Illuminate/Foundation/Http/Middleware/TransformsRequest.php(21): Illuminate/Pipeline/Pipeline->{closure:{closure:Illuminate/Pipeline/Pipeline::carry():158}:159}()
#43 D:/laragon-new/laragon/www/hospital-management/vendor/laravel/framework/src/Illuminate/Foundation/Http/Middleware/TrimStrings.php(40): Illuminate/Foundation/Http/Middleware/TransformsRequest->handle()
#44 D:/laragon-new/laragon/www/hospital-management/vendor/laravel/framework/src/Illuminate/Pipeline/Pipeline.php(183): Illuminate/Foundation/Http/Middleware/TrimStrings->handle()
#45 D:/laragon-new/laragon/www/hospital-management/vendor/laravel/framework/src/Illuminate/Foundation/Http/Middleware/ValidatePostSize.php(27): Illuminate/Pipeline/Pipeline->{closure:{closure:Illuminate/Pipeline/Pipeline::carry():158}:159}()
#46 D:/laragon-new/laragon/www/hospital-management/vendor/laravel/framework/src/Illuminate/Pipeline/Pipeline.php(183): Illuminate/Foundation/Http/Middleware/ValidatePostSize->handle()
#47 D:/laragon-new/laragon/www/hospital-management/vendor/laravel/framework/src/Illuminate/Foundation/Http/Middleware/PreventRequestsDuringMaintenance.php(99): Illuminate/Pipeline/Pipeline->{closure:{closure:Illuminate/Pipeline/Pipeline::carry():158}:159}()
#48 D:/laragon-new/laragon/www/hospital-management/vendor/laravel/framework/src/Illuminate/Pipeline/Pipeline.php(183): Illuminate/Foundation/Http/Middleware/PreventRequestsDuringMaintenance->handle()
#49 D:/laragon-new/laragon/www/hospital-management/vendor/laravel/framework/src/Illuminate/Http/Middleware/HandleCors.php(49): Illuminate/Pipeline/Pipeline->{closure:{closure:Illuminate/Pipeline/Pipeline::carry():158}:159}()
#50 D:/laragon-new/laragon/www/hospital-management/vendor/laravel/framework/src/Illuminate/Pipeline/Pipeline.php(183): Illuminate/Http/Middleware/HandleCors->handle()
#51 D:/laragon-new/laragon/www/hospital-management/vendor/laravel/framework/src/Illuminate/Http/Middleware/TrustProxies.php(39): Illuminate/Pipeline/Pipeline->{closure:{closure:Illuminate/Pipeline/Pipeline::carry():158}:159}()
#52 D:/laragon-new/laragon/www/hospital-management/vendor/laravel/framework/src/Illuminate/Pipeline/Pipeline.php(183): Illuminate/Http/Middleware/TrustProxies->handle()
#53 D:/laragon-new/laragon/www/hospital-management/vendor/laravel/framework/src/Illuminate/Pipeline/Pipeline.php(119): Illuminate/Pipeline/Pipeline->{closure:{closure:Illuminate/Pipeline/Pipeline::carry():158}:159}()
#54 D:/laragon-new/laragon/www/hospital-management/vendor/laravel/framework/src/Illuminate/Foundation/Http/Kernel.php(175): Illuminate/Pipeline/Pipeline->then()
#55 D:/laragon-new/laragon/www/hospital-management/vendor/laravel/framework/src/Illuminate/Foundation/Http/Kernel.php(144): Illuminate/Foundation/Http/Kernel->sendRequestThroughRouter()
#56 D:/laragon-new/laragon/www/hospital-management/public/index.php(55): Illuminate/Foundation/Http/Kernel->handle()
#57 D:/laragon-new/laragon/www/hospital-management/vendor/laravel/framework/src/Illuminate/Foundation/resources/server.php(16): require_once('...')
#58 {main}

[previous exception] [object] (ErrorException(code: 0): Undefined array key \"faq_page_title\" at D:/laragon-new/laragon/www/hospital-management/storage/framework/views/6a3cc6c8d3c8e5a31743b44313dbc6c9.php:70)
[stacktrace]
#0 D:/laragon-new/laragon/www/hospital-management/vendor/laravel/framework/src/Illuminate/Foundation/Bootstrap/HandleExceptions.php(255): Illuminate/Foundation/Bootstrap/HandleExceptions->handleError()
#1 D:/laragon-new/laragon/www/hospital-management/storage/framework/views/6a3cc6c8d3c8e5a31743b44313dbc6c9.php(70): Illuminate/Foundation/Bootstrap/HandleExceptions->{closure:Illuminate/Foundation/Bootstrap/HandleExceptions::forwardsTo():254}()
#2 D:/laragon-new/laragon/www/hospital-management/vendor/laravel/framework/src/Illuminate/Filesystem/Filesystem.php(123): require('...')
#3 D:/laragon-new/laragon/www/hospital-management/vendor/laravel/framework/src/Illuminate/Filesystem/Filesystem.php(124): Illuminate/Filesystem/Filesystem::{closure:Illuminate/Filesystem/Filesystem::getRequire():120}()
#4 D:/laragon-new/laragon/www/hospital-management/vendor/laravel/framework/src/Illuminate/View/Engines/PhpEngine.php(58): Illuminate/Filesystem/Filesystem->getRequire()
#5 D:/laragon-new/laragon/www/hospital-management/vendor/laravel/framework/src/Illuminate/View/Engines/CompilerEngine.php(72): Illuminate/View/Engines/PhpEngine->evaluatePath()
#6 D:/laragon-new/laragon/www/hospital-management/vendor/laravel/framework/src/Illuminate/View/View.php(207): Illuminate/View/Engines/CompilerEngine->get()
#7 D:/laragon-new/laragon/www/hospital-management/vendor/laravel/framework/src/Illuminate/View/View.php(190): Illuminate/View/View->getContents()
#8 D:/laragon-new/laragon/www/hospital-management/vendor/laravel/framework/src/Illuminate/View/View.php(159): Illuminate/View/View->renderContents()
#9 D:/laragon-new/laragon/www/hospital-management/vendor/laravel/framework/src/Illuminate/Http/Response.php(69): Illuminate/View/View->render()
#10 D:/laragon-new/laragon/www/hospital-management/vendor/laravel/framework/src/Illuminate/Http/Response.php(35): Illuminate/Http/Response->setContent()
#11 D:/laragon-new/laragon/www/hospital-management/vendor/laravel/framework/src/Illuminate/Routing/Router.php(918): Illuminate/Http/Response->__construct()
#12 D:/laragon-new/laragon/www/hospital-management/vendor/laravel/framework/src/Illuminate/Routing/Router.php(885): Illuminate/Routing/Router::toResponse()
#13 D:/laragon-new/laragon/www/hospital-management/vendor/laravel/framework/src/Illuminate/Routing/Router.php(805): Illuminate/Routing/Router->prepareResponse()
#14 D:/laragon-new/laragon/www/hospital-management/vendor/laravel/framework/src/Illuminate/Pipeline/Pipeline.php(144): Illuminate/Routing/Router->{closure:Illuminate/Routing/Router::runRouteWithinStack():805}()
#15 D:/laragon-new/laragon/www/hospital-management/vendor/laravel/framework/src/Illuminate/Http/Middleware/AddLinkHeadersForPreloadedAssets.php(20): Illuminate/Pipeline/Pipeline->{closure:Illuminate/Pipeline/Pipeline::prepareDestination():142}()
#16 D:/laragon-new/laragon/www/hospital-management/vendor/laravel/framework/src/Illuminate/Pipeline/Pipeline.php(183): Illuminate/Http/Middleware/AddLinkHeadersForPreloadedAssets->handle()
#17 D:/laragon-new/laragon/www/hospital-management/vendor/inertiajs/inertia-laravel/src/Middleware.php(87): Illuminate/Pipeline/Pipeline->{closure:{closure:Illuminate/Pipeline/Pipeline::carry():158}:159}()
#18 D:/laragon-new/laragon/www/hospital-management/vendor/laravel/framework/src/Illuminate/Pipeline/Pipeline.php(183): Inertia/Middleware->handle()
#19 D:/laragon-new/laragon/www/hospital-management/app/Http/Middleware/SetLocale.php(35): Illuminate/Pipeline/Pipeline->{closure:{closure:Illuminate/Pipeline/Pipeline::carry():158}:159}()
#20 D:/laragon-new/laragon/www/hospital-management/vendor/laravel/framework/src/Illuminate/Pipeline/Pipeline.php(183): App/Http/Middleware/SetLocale->handle()
#21 D:/laragon-new/laragon/www/hospital-management/vendor/laravel/framework/src/Illuminate/Routing/Middleware/SubstituteBindings.php(50): Illuminate/Pipeline/Pipeline->{closure:{closure:Illuminate/Pipeline/Pipeline::carry():158}:159}()
#22 D:/laragon-new/laragon/www/hospital-management/vendor/laravel/framework/src/Illuminate/Pipeline/Pipeline.php(183): Illuminate/Routing/Middleware/SubstituteBindings->handle()
#23 D:/laragon-new/laragon/www/hospital-management/vendor/laravel/framework/src/Illuminate/Foundation/Http/Middleware/VerifyCsrfToken.php(78): Illuminate/Pipeline/Pipeline->{closure:{closure:Illuminate/Pipeline/Pipeline::carry():158}:159}()
#24 D:/laragon-new/laragon/www/hospital-management/vendor/laravel/framework/src/Illuminate/Pipeline/Pipeline.php(183): Illuminate/Foundation/Http/Middleware/VerifyCsrfToken->handle()
#25 D:/laragon-new/laragon/www/hospital-management/vendor/laravel/framework/src/Illuminate/View/Middleware/ShareErrorsFromSession.php(49): Illuminate/Pipeline/Pipeline->{closure:{closure:Illuminate/Pipeline/Pipeline::carry():158}:159}()
#26 D:/laragon-new/laragon/www/hospital-management/vendor/laravel/framework/src/Illuminate/Pipeline/Pipeline.php(183): Illuminate/View/Middleware/ShareErrorsFromSession->handle()
#27 D:/laragon-new/laragon/www/hospital-management/vendor/laravel/framework/src/Illuminate/Session/Middleware/StartSession.php(121): Illuminate/Pipeline/Pipeline->{closure:{closure:Illuminate/Pipeline/Pipeline::carry():158}:159}()
#28 D:/laragon-new/laragon/www/hospital-management/vendor/laravel/framework/src/Illuminate/Session/Middleware/StartSession.php(64): Illuminate/Session/Middleware/StartSession->handleStatefulRequest()
#29 D:/laragon-new/laragon/www/hospital-management/vendor/laravel/framework/src/Illuminate/Pipeline/Pipeline.php(183): Illuminate/Session/Middleware/StartSession->handle()
#30 D:/laragon-new/laragon/www/hospital-management/vendor/laravel/framework/src/Illuminate/Cookie/Middleware/AddQueuedCookiesToResponse.php(37): Illuminate/Pipeline/Pipeline->{closure:{closure:Illuminate/Pipeline/Pipeline::carry():158}:159}()
#31 D:/laragon-new/laragon/www/hospital-management/vendor/laravel/framework/src/Illuminate/Pipeline/Pipeline.php(183): Illuminate/Cookie/Middleware/AddQueuedCookiesToResponse->handle()
#32 D:/laragon-new/laragon/www/hospital-management/vendor/laravel/framework/src/Illuminate/Cookie/Middleware/EncryptCookies.php(67): Illuminate/Pipeline/Pipeline->{closure:{closure:Illuminate/Pipeline/Pipeline::carry():158}:159}()
#33 D:/laragon-new/laragon/www/hospital-management/vendor/laravel/framework/src/Illuminate/Pipeline/Pipeline.php(183): Illuminate/Cookie/Middleware/EncryptCookies->handle()
#34 D:/laragon-new/laragon/www/hospital-management/vendor/laravel/framework/src/Illuminate/Pipeline/Pipeline.php(119): Illuminate/Pipeline/Pipeline->{closure:{closure:Illuminate/Pipeline/Pipeline::carry():158}:159}()
#35 D:/laragon-new/laragon/www/hospital-management/vendor/laravel/framework/src/Illuminate/Routing/Router.php(805): Illuminate/Pipeline/Pipeline->then()
#36 D:/laragon-new/laragon/www/hospital-management/vendor/laravel/framework/src/Illuminate/Routing/Router.php(784): Illuminate/Routing/Router->runRouteWithinStack()
#37 D:/laragon-new/laragon/www/hospital-management/vendor/laravel/framework/src/Illuminate/Routing/Router.php(748): Illuminate/Routing/Router->runRoute()
#38 D:/laragon-new/laragon/www/hospital-management/vendor/laravel/framework/src/Illuminate/Routing/Router.php(737): Illuminate/Routing/Router->dispatchToRoute()
#39 D:/laragon-new/laragon/www/hospital-management/vendor/laravel/framework/src/Illuminate/Foundation/Http/Kernel.php(200): Illuminate/Routing/Router->dispatch()
#40 D:/laragon-new/laragon/www/hospital-management/vendor/laravel/framework/src/Illuminate/Pipeline/Pipeline.php(144): Illuminate/Foundation/Http/Kernel->{closure:Illuminate/Foundation/Http/Kernel::dispatchToRouter():197}()
#41 D:/laragon-new/laragon/www/hospital-management/vendor/laravel/framework/src/Illuminate/Foundation/Http/Middleware/TransformsRequest.php(21): Illuminate/Pipeline/Pipeline->{closure:Illuminate/Pipeline/Pipeline::prepareDestination():142}()
#42 D:/laragon-new/laragon/www/hospital-management/vendor/laravel/framework/src/Illuminate/Foundation/Http/Middleware/ConvertEmptyStringsToNull.php(31): Illuminate/Foundation/Http/Middleware/TransformsRequest->handle()
#43 D:/laragon-new/laragon/www/hospital-management/vendor/laravel/framework/src/Illuminate/Pipeline/Pipeline.php(183): Illuminate/Foundation/Http/Middleware/ConvertEmptyStringsToNull->handle()
#44 D:/laragon-new/laragon/www/hospital-management/vendor/laravel/framework/src/Illuminate/Foundation/Http/Middleware/TransformsRequest.php(21): Illuminate/Pipeline/Pipeline->{closure:{closure:Illuminate/Pipeline/Pipeline::carry():158}:159}()
#45 D:/laragon-new/laragon/www/hospital-management/vendor/laravel/framework/src/Illuminate/Foundation/Http/Middleware/TrimStrings.php(40): Illuminate/Foundation/Http/Middleware/TransformsRequest->handle()
#46 D:/laragon-new/laragon/www/hospital-management/vendor/laravel/framework/src/Illuminate/Pipeline/Pipeline.php(183): Illuminate/Foundation/Http/Middleware/TrimStrings->handle()
#47 D:/laragon-new/laragon/www/hospital-management/vendor/laravel/framework/src/Illuminate/Foundation/Http/Middleware/ValidatePostSize.php(27): Illuminate/Pipeline/Pipeline->{closure:{closure:Illuminate/Pipeline/Pipeline::carry():158}:159}()
#48 D:/laragon-new/laragon/www/hospital-management/vendor/laravel/framework/src/Illuminate/Pipeline/Pipeline.php(183): Illuminate/Foundation/Http/Middleware/ValidatePostSize->handle()
#49 D:/laragon-new/laragon/www/hospital-management/vendor/laravel/framework/src/Illuminate/Foundation/Http/Middleware/PreventRequestsDuringMaintenance.php(99): Illuminate/Pipeline/Pipeline->{closure:{closure:Illuminate/Pipeline/Pipeline::carry():158}:159}()
#50 D:/laragon-new/laragon/www/hospital-management/vendor/laravel/framework/src/Illuminate/Pipeline/Pipeline.php(183): Illuminate/Foundation/Http/Middleware/PreventRequestsDuringMaintenance->handle()
#51 D:/laragon-new/laragon/www/hospital-management/vendor/laravel/framework/src/Illuminate/Http/Middleware/HandleCors.php(49): Illuminate/Pipeline/Pipeline->{closure:{closure:Illuminate/Pipeline/Pipeline::carry():158}:159}()
#52 D:/laragon-new/laragon/www/hospital-management/vendor/laravel/framework/src/Illuminate/Pipeline/Pipeline.php(183): Illuminate/Http/Middleware/HandleCors->handle()
#53 D:/laragon-new/laragon/www/hospital-management/vendor/laravel/framework/src/Illuminate/Http/Middleware/TrustProxies.php(39): Illuminate/Pipeline/Pipeline->{closure:{closure:Illuminate/Pipeline/Pipeline::carry():158}:159}()
#54 D:/laragon-new/laragon/www/hospital-management/vendor/laravel/framework/src/Illuminate/Pipeline/Pipeline.php(183): Illuminate/Http/Middleware/TrustProxies->handle()
#55 D:/laragon-new/laragon/www/hospital-management/vendor/laravel/framework/src/Illuminate/Pipeline/Pipeline.php(119): Illuminate/Pipeline/Pipeline->{closure:{closure:Illuminate/Pipeline/Pipeline::carry():158}:159}()
#56 D:/laragon-new/laragon/www/hospital-management/vendor/laravel/framework/src/Illuminate/Foundation/Http/Kernel.php(175): Illuminate/Pipeline/Pipeline->then()
#57 D:/laragon-new/laragon/www/hospital-management/vendor/laravel/framework/src/Illuminate/Foundation/Http/Kernel.php(144): Illuminate/Foundation/Http/Kernel->sendRequestThroughRouter()
#58 D:/laragon-new/laragon/www/hospital-management/public/index.php(55): Illuminate/Foundation/Http/Kernel->handle()
#59 D:/laragon-new/laragon/www/hospital-management/vendor/laravel/framework/src/Illuminate/Foundation/resources/server.php(16): require_once('...')
#60 {main}
"} 
[2026-07-30 07:39:04] local.ERROR: Maximum execution time of 30 seconds exceeded {"userId":1,"exception":"[object] (Symfony\\Component\\ErrorHandler\\Error\\FatalError(code: 0): Maximum execution time of 30 seconds exceeded at D:/laragon-new/laragon/www/hospital-management/vendor/laravel/framework/src/Illuminate/Filesystem/Filesystem.php:86)
[stacktrace]
#0 {main}
"} 
[2026-08-07 08:31:01] local.ERROR: Class "LanguageController" does not exist {"exception":"[object] (ReflectionException(code: -1): Class \"LanguageController\" does not exist at D:/laragon-new/laragon/www/hospital-management/vendor/laravel/framework/src/Illuminate/Foundation/Console/RouteListCommand.php:225)
[stacktrace]
#0 D:/laragon-new/laragon/www/hospital-management/vendor/laravel/framework/src/Illuminate/Foundation/Console/RouteListCommand.php(225): ReflectionClass->__construct()
#1 D:/laragon-new/laragon/www/hospital-management/vendor/laravel/framework/src/Illuminate/Foundation/Console/RouteListCommand.php(147): Illuminate/Foundation/Console/RouteListCommand->isVendorRoute()
#2 D:/laragon-new/laragon/www/hospital-management/vendor/laravel/framework/src/Illuminate/Foundation/Console/RouteListCommand.php(116): Illuminate/Foundation/Console/RouteListCommand->getRouteInformation()
#3 [internal function]: Illuminate/Foundation/Console/RouteListCommand->{closure:Illuminate/Foundation/Console/RouteListCommand::getRoutes():115}()
#4 D:/laragon-new/laragon/www/hospital-management/vendor/laravel/framework/src/Illuminate/Collections/Arr.php(600): array_map()
#5 D:/laragon-new/laragon/www/hospital-management/vendor/laravel/framework/src/Illuminate/Collections/Collection.php(778): Illuminate/Support/Arr::map()
#6 D:/laragon-new/laragon/www/hospital-management/vendor/laravel/framework/src/Illuminate/Foundation/Console/RouteListCommand.php(115): Illuminate/Support/Collection->map()
#7 D:/laragon-new/laragon/www/hospital-management/vendor/laravel/framework/src/Illuminate/Foundation/Console/RouteListCommand.php(101): Illuminate/Foundation/Console/RouteListCommand->getRoutes()
#8 D:/laragon-new/laragon/www/hospital-management/vendor/laravel/framework/src/Illuminate/Container/BoundMethod.php(36): Illuminate/Foundation/Console/RouteListCommand->handle()
#9 D:/laragon-new/laragon/www/hospital-management/vendor/laravel/framework/src/Illuminate/Container/Util.php(41): Illuminate/Container/BoundMethod::{closure:Illuminate/Container/BoundMethod::call():35}()
#10 D:/laragon-new/laragon/www/hospital-management/vendor/laravel/framework/src/Illuminate/Container/BoundMethod.php(93): Illuminate/Container/Util::unwrapIfClosure()
#11 D:/laragon-new/laragon/www/hospital-management/vendor/laravel/framework/src/Illuminate/Container/BoundMethod.php(35): Illuminate/Container/BoundMethod::callBoundMethod()
#12 D:/laragon-new/laragon/www/hospital-management/vendor/laravel/framework/src/Illuminate/Container/Container.php(662): Illuminate/Container/BoundMethod::call()
#13 D:/laragon-new/laragon/www/hospital-management/vendor/laravel/framework/src/Illuminate/Console/Command.php(211): Illuminate/Container/Container->call()
#14 D:/laragon-new/laragon/www/hospital-management/vendor/symfony/console/Command/Command.php(326): Illuminate/Console/Command->execute()
#15 D:/laragon-new/laragon/www/hospital-management/vendor/laravel/framework/src/Illuminate/Console/Command.php(180): Symfony/Component/Console/Command/Command->run()
#16 D:/laragon-new/laragon/www/hospital-management/vendor/symfony/console/Application.php(1121): Illuminate/Console/Command->run()
#17 D:/laragon-new/laragon/www/hospital-management/vendor/symfony/console/Application.php(324): Symfony/Component/Console/Application->doRunCommand()
#18 D:/laragon-new/laragon/www/hospital-management/vendor/symfony/console/Application.php(175): Symfony/Component/Console/Application->doRun()
#19 D:/laragon-new/laragon/www/hospital-management/vendor/laravel/framework/src/Illuminate/Foundation/Console/Kernel.php(201): Symfony/Component/Console/Application->run()
#20 D:/laragon-new/laragon/www/hospital-management/artisan(35): Illuminate/Foundation/Console/Kernel->handle()
#21 {main}
"} 
[2026-08-07 09:57:40] local.ERROR: Undefined array key "city" {"userId":1,"exception":"[object] (ErrorException(code: 0): Undefined array key \"city\" at D:/laragon-new/laragon/www/hospital-management/app/Http/Controllers/Admin/AgentController.php:128)
[stacktrace]
#0 D:/laragon-new/laragon/www/hospital-management/vendor/laravel/framework/src/Illuminate/Foundation/Bootstrap/HandleExceptions.php(255): Illuminate/Foundation/Bootstrap/HandleExceptions->handleError()
#1 D:/laragon-new/laragon/www/hospital-management/app/Http/Controllers/Admin/AgentController.php(128): Illuminate/Foundation/Bootstrap/HandleExceptions->{closure:Illuminate/Foundation/Bootstrap/HandleExceptions::forwardsTo():254}()
#2 D:/laragon-new/laragon/www/hospital-management/vendor/laravel/framework/src/Illuminate/Database/Concerns/ManagesTransactions.php(30): App/Http/Controllers/Admin/AgentController->{closure:App/Http/Controllers/Admin/AgentController::store():96}()
#3 D:/laragon-new/laragon/www/hospital-management/vendor/laravel/framework/src/Illuminate/Database/DatabaseManager.php(509): Illuminate/Database/Connection->transaction()
#4 D:/laragon-new/laragon/www/hospital-management/vendor/laravel/framework/src/Illuminate/Support/Facades/Facade.php(355): Illuminate/Database/DatabaseManager->__call()
#5 D:/laragon-new/laragon/www/hospital-management/app/Http/Controllers/Admin/AgentController.php(96): Illuminate/Support/Facades/Facade::__callStatic()
#6 D:/laragon-new/laragon/www/hospital-management/vendor/laravel/framework/src/Illuminate/Routing/Controller.php(54): App/Http/Controllers/Admin/AgentController->store()
#7 D:/laragon-new/laragon/www/hospital-management/vendor/laravel/framework/src/Illuminate/Routing/ControllerDispatcher.php(43): Illuminate/Routing/Controller->callAction()
#8 D:/laragon-new/laragon/www/hospital-management/vendor/laravel/framework/src/Illuminate/Routing/Route.php(259): Illuminate/Routing/ControllerDispatcher->dispatch()
#9 D:/laragon-new/laragon/www/hospital-management/vendor/laravel/framework/src/Illuminate/Routing/Route.php(205): Illuminate/Routing/Route->runController()
#10 D:/laragon-new/laragon/www/hospital-management/vendor/laravel/framework/src/Illuminate/Routing/Router.php(806): Illuminate/Routing/Route->run()
#11 D:/laragon-new/laragon/www/hospital-management/vendor/laravel/framework/src/Illuminate/Pipeline/Pipeline.php(144): Illuminate/Routing/Router->{closure:Illuminate/Routing/Router::runRouteWithinStack():805}()
#12 D:/laragon-new/laragon/www/hospital-management/app/Http/Middleware/CheckModulePermission.php(27): Illuminate/Pipeline/Pipeline->{closure:Illuminate/Pipeline/Pipeline::prepareDestination():142}()
#13 D:/laragon-new/laragon/www/hospital-management/vendor/laravel/framework/src/Illuminate/Pipeline/Pipeline.php(183): App/Http/Middleware/CheckModulePermission->handle()
#14 D:/laragon-new/laragon/www/hospital-management/vendor/laravel/framework/src/Illuminate/Auth/Middleware/EnsureEmailIsVerified.php(41): Illuminate/Pipeline/Pipeline->{closure:{closure:Illuminate/Pipeline/Pipeline::carry():158}:159}()
#15 D:/laragon-new/laragon/www/hospital-management/vendor/laravel/framework/src/Illuminate/Pipeline/Pipeline.php(183): Illuminate/Auth/Middleware/EnsureEmailIsVerified->handle()
#16 D:/laragon-new/laragon/www/hospital-management/vendor/laravel/framework/src/Illuminate/Http/Middleware/AddLinkHeadersForPreloadedAssets.php(20): Illuminate/Pipeline/Pipeline->{closure:{closure:Illuminate/Pipeline/Pipeline::carry():158}:159}()
#17 D:/laragon-new/laragon/www/hospital-management/vendor/laravel/framework/src/Illuminate/Pipeline/Pipeline.php(183): Illuminate/Http/Middleware/AddLinkHeadersForPreloadedAssets->handle()
#18 D:/laragon-new/laragon/www/hospital-management/vendor/inertiajs/inertia-laravel/src/Middleware.php(87): Illuminate/Pipeline/Pipeline->{closure:{closure:Illuminate/Pipeline/Pipeline::carry():158}:159}()
#19 D:/laragon-new/laragon/www/hospital-management/vendor/laravel/framework/src/Illuminate/Pipeline/Pipeline.php(183): Inertia/Middleware->handle()
#20 D:/laragon-new/laragon/www/hospital-management/app/Http/Middleware/SetLocale.php(35): Illuminate/Pipeline/Pipeline->{closure:{closure:Illuminate/Pipeline/Pipeline::carry():158}:159}()
#21 D:/laragon-new/laragon/www/hospital-management/vendor/laravel/framework/src/Illuminate/Pipeline/Pipeline.php(183): App/Http/Middleware/SetLocale->handle()
#22 D:/laragon-new/laragon/www/hospital-management/vendor/laravel/framework/src/Illuminate/Routing/Middleware/SubstituteBindings.php(50): Illuminate/Pipeline/Pipeline->{closure:{closure:Illuminate/Pipeline/Pipeline::carry():158}:159}()
#23 D:/laragon-new/laragon/www/hospital-management/vendor/laravel/framework/src/Illuminate/Pipeline/Pipeline.php(183): Illuminate/Routing/Middleware/SubstituteBindings->handle()
#24 D:/laragon-new/laragon/www/hospital-management/vendor/laravel/framework/src/Illuminate/Auth/Middleware/Authenticate.php(57): Illuminate/Pipeline/Pipeline->{closure:{closure:Illuminate/Pipeline/Pipeline::carry():158}:159}()
#25 D:/laragon-new/laragon/www/hospital-management/vendor/laravel/framework/src/Illuminate/Pipeline/Pipeline.php(183): Illuminate/Auth/Middleware/Authenticate->handle()
#26 D:/laragon-new/laragon/www/hospital-management/vendor/laravel/framework/src/Illuminate/Foundation/Http/Middleware/VerifyCsrfToken.php(78): Illuminate/Pipeline/Pipeline->{closure:{closure:Illuminate/Pipeline/Pipeline::carry():158}:159}()
#27 D:/laragon-new/laragon/www/hospital-management/vendor/laravel/framework/src/Illuminate/Pipeline/Pipeline.php(183): Illuminate/Foundation/Http/Middleware/VerifyCsrfToken->handle()
#28 D:/laragon-new/laragon/www/hospital-management/vendor/laravel/framework/src/Illuminate/View/Middleware/ShareErrorsFromSession.php(49): Illuminate/Pipeline/Pipeline->{closure:{closure:Illuminate/Pipeline/Pipeline::carry():158}:159}()
#29 D:/laragon-new/laragon/www/hospital-management/vendor/laravel/framework/src/Illuminate/Pipeline/Pipeline.php(183): Illuminate/View/Middleware/ShareErrorsFromSession->handle()
#30 D:/laragon-new/laragon/www/hospital-management/vendor/laravel/framework/src/Illuminate/Session/Middleware/StartSession.php(121): Illuminate/Pipeline/Pipeline->{closure:{closure:Illuminate/Pipeline/Pipeline::carry():158}:159}()
#31 D:/laragon-new/laragon/www/hospital-management/vendor/laravel/framework/src/Illuminate/Session/Middleware/StartSession.php(64): Illuminate/Session/Middleware/StartSession->handleStatefulRequest()
#32 D:/laragon-new/laragon/www/hospital-management/vendor/laravel/framework/src/Illuminate/Pipeline/Pipeline.php(183): Illuminate/Session/Middleware/StartSession->handle()
#33 D:/laragon-new/laragon/www/hospital-management/vendor/laravel/framework/src/Illuminate/Cookie/Middleware/AddQueuedCookiesToResponse.php(37): Illuminate/Pipeline/Pipeline->{closure:{closure:Illuminate/Pipeline/Pipeline::carry():158}:159}()
#34 D:/laragon-new/laragon/www/hospital-management/vendor/laravel/framework/src/Illuminate/Pipeline/Pipeline.php(183): Illuminate/Cookie/Middleware/AddQueuedCookiesToResponse->handle()
#35 D:/laragon-new/laragon/www/hospital-management/vendor/laravel/framework/src/Illuminate/Cookie/Middleware/EncryptCookies.php(67): Illuminate/Pipeline/Pipeline->{closure:{closure:Illuminate/Pipeline/Pipeline::carry():158}:159}()
#36 D:/laragon-new/laragon/www/hospital-management/vendor/laravel/framework/src/Illuminate/Pipeline/Pipeline.php(183): Illuminate/Cookie/Middleware/EncryptCookies->handle()
#37 D:/laragon-new/laragon/www/hospital-management/vendor/laravel/framework/src/Illuminate/Pipeline/Pipeline.php(119): Illuminate/Pipeline/Pipeline->{closure:{closure:Illuminate/Pipeline/Pipeline::carry():158}:159}()
#38 D:/laragon-new/laragon/www/hospital-management/vendor/laravel/framework/src/Illuminate/Routing/Router.php(805): Illuminate/Pipeline/Pipeline->then()
#39 D:/laragon-new/laragon/www/hospital-management/vendor/laravel/framework/src/Illuminate/Routing/Router.php(784): Illuminate/Routing/Router->runRouteWithinStack()
#40 D:/laragon-new/laragon/www/hospital-management/vendor/laravel/framework/src/Illuminate/Routing/Router.php(748): Illuminate/Routing/Router->runRoute()
#41 D:/laragon-new/laragon/www/hospital-management/vendor/laravel/framework/src/Illuminate/Routing/Router.php(737): Illuminate/Routing/Router->dispatchToRoute()
#42 D:/laragon-new/laragon/www/hospital-management/vendor/laravel/framework/src/Illuminate/Foundation/Http/Kernel.php(200): Illuminate/Routing/Router->dispatch()
#43 D:/laragon-new/laragon/www/hospital-management/vendor/laravel/framework/src/Illuminate/Pipeline/Pipeline.php(144): Illuminate/Foundation/Http/Kernel->{closure:Illuminate/Foundation/Http/Kernel::dispatchToRouter():197}()
#44 D:/laragon-new/laragon/www/hospital-management/vendor/laravel/framework/src/Illuminate/Foundation/Http/Middleware/TransformsRequest.php(21): Illuminate/Pipeline/Pipeline->{closure:Illuminate/Pipeline/Pipeline::prepareDestination():142}()
#45 D:/laragon-new/laragon/www/hospital-management/vendor/laravel/framework/src/Illuminate/Foundation/Http/Middleware/ConvertEmptyStringsToNull.php(31): Illuminate/Foundation/Http/Middleware/TransformsRequest->handle()
#46 D:/laragon-new/laragon/www/hospital-management/vendor/laravel/framework/src/Illuminate/Pipeline/Pipeline.php(183): Illuminate/Foundation/Http/Middleware/ConvertEmptyStringsToNull->handle()
#47 D:/laragon-new/laragon/www/hospital-management/vendor/laravel/framework/src/Illuminate/Foundation/Http/Middleware/TransformsRequest.php(21): Illuminate/Pipeline/Pipeline->{closure:{closure:Illuminate/Pipeline/Pipeline::carry():158}:159}()
#48 D:/laragon-new/laragon/www/hospital-management/vendor/laravel/framework/src/Illuminate/Foundation/Http/Middleware/TrimStrings.php(40): Illuminate/Foundation/Http/Middleware/TransformsRequest->handle()
#49 D:/laragon-new/laragon/www/hospital-management/vendor/laravel/framework/src/Illuminate/Pipeline/Pipeline.php(183): Illuminate/Foundation/Http/Middleware/TrimStrings->handle()
#50 D:/laragon-new/laragon/www/hospital-management/vendor/laravel/framework/src/Illuminate/Foundation/Http/Middleware/ValidatePostSize.php(27): Illuminate/Pipeline/Pipeline->{closure:{closure:Illuminate/Pipeline/Pipeline::carry():158}:159}()
#51 D:/laragon-new/laragon/www/hospital-management/vendor/laravel/framework/src/Illuminate/Pipeline/Pipeline.php(183): Illuminate/Foundation/Http/Middleware/ValidatePostSize->handle()
#52 D:/laragon-new/laragon/www/hospital-management/vendor/laravel/framework/src/Illuminate/Foundation/Http/Middleware/PreventRequestsDuringMaintenance.php(99): Illuminate/Pipeline/Pipeline->{closure:{closure:Illuminate/Pipeline/Pipeline::carry():158}:159}()
#53 D:/laragon-new/laragon/www/hospital-management/vendor/laravel/framework/src/Illuminate/Pipeline/Pipeline.php(183): Illuminate/Foundation/Http/Middleware/PreventRequestsDuringMaintenance->handle()
#54 D:/laragon-new/laragon/www/hospital-management/vendor/laravel/framework/src/Illuminate/Http/Middleware/HandleCors.php(49): Illuminate/Pipeline/Pipeline->{closure:{closure:Illuminate/Pipeline/Pipeline::carry():158}:159}()
#55 D:/laragon-new/laragon/www/hospital-management/vendor/laravel/framework/src/Illuminate/Pipeline/Pipeline.php(183): Illuminate/Http/Middleware/HandleCors->handle()
#56 D:/laragon-new/laragon/www/hospital-management/vendor/laravel/framework/src/Illuminate/Http/Middleware/TrustProxies.php(39): Illuminate/Pipeline/Pipeline->{closure:{closure:Illuminate/Pipeline/Pipeline::carry():158}:159}()
#57 D:/laragon-new/laragon/www/hospital-management/vendor/laravel/framework/src/Illuminate/Pipeline/Pipeline.php(183): Illuminate/Http/Middleware/TrustProxies->handle()
#58 D:/laragon-new/laragon/www/hospital-management/vendor/laravel/framework/src/Illuminate/Pipeline/Pipeline.php(119): Illuminate/Pipeline/Pipeline->{closure:{closure:Illuminate/Pipeline/Pipeline::carry():158}:159}()
#59 D:/laragon-new/laragon/www/hospital-management/vendor/laravel/framework/src/Illuminate/Foundation/Http/Kernel.php(175): Illuminate/Pipeline/Pipeline->then()
#60 D:/laragon-new/laragon/www/hospital-management/vendor/laravel/framework/src/Illuminate/Foundation/Http/Kernel.php(144): Illuminate/Foundation/Http/Kernel->sendRequestThroughRouter()
#61 D:/laragon-new/laragon/www/hospital-management/public/index.php(55): Illuminate/Foundation/Http/Kernel->handle()
#62 D:/laragon-new/laragon/www/hospital-management/vendor/laravel/framework/src/Illuminate/Foundation/resources/server.php(16): require_once('...')
#63 {main}
"} 
[2026-08-07 10:28:37] local.ERROR: PHP Parse error: Syntax error, unexpected T_NS_SEPARATOR on line 2 {"exception":"[object] (Psy\\Exception\\ParseErrorException(code: 0): PHP Parse error: Syntax error, unexpected T_NS_SEPARATOR on line 2 at D:/laragon-new/laragon/www/hospital-management/vendor/psy/psysh/src/Exception/ParseErrorException.php:44)
[stacktrace]
#0 D:/laragon-new/laragon/www/hospital-management/vendor/psy/psysh/src/CodeCleaner.php(657): Psy/Exception/ParseErrorException::fromParseError()
#1 D:/laragon-new/laragon/www/hospital-management/vendor/psy/psysh/src/CodeCleaner.php(273): Psy/CodeCleaner->parse()
#2 D:/laragon-new/laragon/www/hospital-management/vendor/psy/psysh/src/Shell.php(1364): Psy/CodeCleaner->clean()
#3 D:/laragon-new/laragon/www/hospital-management/vendor/psy/psysh/src/Shell.php(1471): Psy/Shell->appendCode()
#4 D:/laragon-new/laragon/www/hospital-management/vendor/psy/psysh/src/Shell.php(2180): Psy/Shell->setCode()
#5 D:/laragon-new/laragon/www/hospital-management/vendor/laravel/tinker/src/Console/TinkerCommand.php(77): Psy/Shell->execute()
#6 D:/laragon-new/laragon/www/hospital-management/vendor/laravel/framework/src/Illuminate/Container/BoundMethod.php(36): Laravel/Tinker/Console/TinkerCommand->handle()
#7 D:/laragon-new/laragon/www/hospital-management/vendor/laravel/framework/src/Illuminate/Container/Util.php(41): Illuminate/Container/BoundMethod::{closure:Illuminate/Container/BoundMethod::call():35}()
#8 D:/laragon-new/laragon/www/hospital-management/vendor/laravel/framework/src/Illuminate/Container/BoundMethod.php(93): Illuminate/Container/Util::unwrapIfClosure()
#9 D:/laragon-new/laragon/www/hospital-management/vendor/laravel/framework/src/Illuminate/Container/BoundMethod.php(35): Illuminate/Container/BoundMethod::callBoundMethod()
#10 D:/laragon-new/laragon/www/hospital-management/vendor/laravel/framework/src/Illuminate/Container/Container.php(662): Illuminate/Container/BoundMethod::call()
#11 D:/laragon-new/laragon/www/hospital-management/vendor/laravel/framework/src/Illuminate/Console/Command.php(211): Illuminate/Container/Container->call()
#12 D:/laragon-new/laragon/www/hospital-management/vendor/symfony/console/Command/Command.php(326): Illuminate/Console/Command->execute()
#13 D:/laragon-new/laragon/www/hospital-management/vendor/laravel/framework/src/Illuminate/Console/Command.php(180): Symfony/Component/Console/Command/Command->run()
#14 D:/laragon-new/laragon/www/hospital-management/vendor/symfony/console/Application.php(1121): Illuminate/Console/Command->run()
#15 D:/laragon-new/laragon/www/hospital-management/vendor/symfony/console/Application.php(324): Symfony/Component/Console/Application->doRunCommand()
#16 D:/laragon-new/laragon/www/hospital-management/vendor/symfony/console/Application.php(175): Symfony/Component/Console/Application->doRun()
#17 D:/laragon-new/laragon/www/hospital-management/vendor/laravel/framework/src/Illuminate/Foundation/Console/Kernel.php(201): Symfony/Component/Console/Application->run()
#18 D:/laragon-new/laragon/www/hospital-management/artisan(35): Illuminate/Foundation/Console/Kernel->handle()
#19 {main}
"} 
[2026-08-07 10:50:27] local.ERROR: SQLSTATE[42S22]: Column not found: 1054 Unknown column 'dob' in 'field list' (Connection: mysql, SQL: select `id`, `name`, `phone`, `email`, `gender`, `dob`, `address` from `patients` order by `created_at` desc limit 50) {"userId":2,"exception":"[object] (Illuminate\\Database\\QueryException(code: 42S22): SQLSTATE[42S22]: Column not found: 1054 Unknown column 'dob' in 'field list' (Connection: mysql, SQL: select `id`, `name`, `phone`, `email`, `gender`, `dob`, `address` from `patients` order by `created_at` desc limit 50) at D:/laragon-new/laragon/www/hospital-management/vendor/laravel/framework/src/Illuminate/Database/Connection.php:829)
[stacktrace]
#0 D:/laragon-new/laragon/www/hospital-management/vendor/laravel/framework/src/Illuminate/Database/Connection.php(783): Illuminate/Database/Connection->runQueryCallback()
#1 D:/laragon-new/laragon/www/hospital-management/vendor/laravel/framework/src/Illuminate/Database/Connection.php(414): Illuminate/Database/Connection->run()
#2 D:/laragon-new/laragon/www/hospital-management/vendor/laravel/framework/src/Illuminate/Database/Query/Builder.php(2913): Illuminate/Database/Connection->select()
#3 D:/laragon-new/laragon/www/hospital-management/vendor/laravel/framework/src/Illuminate/Database/Query/Builder.php(2902): Illuminate/Database/Query/Builder->runSelect()
#4 D:/laragon-new/laragon/www/hospital-management/vendor/laravel/framework/src/Illuminate/Database/Query/Builder.php(3456): Illuminate/Database/Query/Builder->{closure:Illuminate/Database/Query/Builder::get():2901}()
#5 D:/laragon-new/laragon/www/hospital-management/vendor/laravel/framework/src/Illuminate/Database/Query/Builder.php(2901): Illuminate/Database/Query/Builder->onceWithColumns()
#6 D:/laragon-new/laragon/www/hospital-management/vendor/laravel/framework/src/Illuminate/Database/Eloquent/Builder.php(739): Illuminate/Database/Query/Builder->get()
#7 D:/laragon-new/laragon/www/hospital-management/vendor/laravel/framework/src/Illuminate/Database/Eloquent/Builder.php(723): Illuminate/Database/Eloquent/Builder->getModels()
#8 D:/laragon-new/laragon/www/hospital-management/app/Http/Controllers/Admin/MedicalTestBookingController.php(83): Illuminate/Database/Eloquent/Builder->get()
#9 D:/laragon-new/laragon/www/hospital-management/vendor/laravel/framework/src/Illuminate/Routing/Controller.php(54): App/Http/Controllers/Admin/MedicalTestBookingController->create()
#10 D:/laragon-new/laragon/www/hospital-management/vendor/laravel/framework/src/Illuminate/Routing/ControllerDispatcher.php(43): Illuminate/Routing/Controller->callAction()
#11 D:/laragon-new/laragon/www/hospital-management/vendor/laravel/framework/src/Illuminate/Routing/Route.php(259): Illuminate/Routing/ControllerDispatcher->dispatch()
#12 D:/laragon-new/laragon/www/hospital-management/vendor/laravel/framework/src/Illuminate/Routing/Route.php(205): Illuminate/Routing/Route->runController()
#13 D:/laragon-new/laragon/www/hospital-management/vendor/laravel/framework/src/Illuminate/Routing/Router.php(806): Illuminate/Routing/Route->run()
#14 D:/laragon-new/laragon/www/hospital-management/vendor/laravel/framework/src/Illuminate/Pipeline/Pipeline.php(144): Illuminate/Routing/Router->{closure:Illuminate/Routing/Router::runRouteWithinStack():805}()
#15 D:/laragon-new/laragon/www/hospital-management/app/Http/Middleware/CheckModulePermission.php(49): Illuminate/Pipeline/Pipeline->{closure:Illuminate/Pipeline/Pipeline::prepareDestination():142}()
#16 D:/laragon-new/laragon/www/hospital-management/vendor/laravel/framework/src/Illuminate/Pipeline/Pipeline.php(183): App/Http/Middleware/CheckModulePermission->handle()
#17 D:/laragon-new/laragon/www/hospital-management/vendor/laravel/framework/src/Illuminate/Auth/Middleware/EnsureEmailIsVerified.php(41): Illuminate/Pipeline/Pipeline->{closure:{closure:Illuminate/Pipeline/Pipeline::carry():158}:159}()
#18 D:/laragon-new/laragon/www/hospital-management/vendor/laravel/framework/src/Illuminate/Pipeline/Pipeline.php(183): Illuminate/Auth/Middleware/EnsureEmailIsVerified->handle()
#19 D:/laragon-new/laragon/www/hospital-management/vendor/laravel/framework/src/Illuminate/Http/Middleware/AddLinkHeadersForPreloadedAssets.php(20): Illuminate/Pipeline/Pipeline->{closure:{closure:Illuminate/Pipeline/Pipeline::carry():158}:159}()
#20 D:/laragon-new/laragon/www/hospital-management/vendor/laravel/framework/src/Illuminate/Pipeline/Pipeline.php(183): Illuminate/Http/Middleware/AddLinkHeadersForPreloadedAssets->handle()
#21 D:/laragon-new/laragon/www/hospital-management/vendor/inertiajs/inertia-laravel/src/Middleware.php(87): Illuminate/Pipeline/Pipeline->{closure:{closure:Illuminate/Pipeline/Pipeline::carry():158}:159}()
#22 D:/laragon-new/laragon/www/hospital-management/vendor/laravel/framework/src/Illuminate/Pipeline/Pipeline.php(183): Inertia/Middleware->handle()
#23 D:/laragon-new/laragon/www/hospital-management/app/Http/Middleware/SetLocale.php(35): Illuminate/Pipeline/Pipeline->{closure:{closure:Illuminate/Pipeline/Pipeline::carry():158}:159}()
#24 D:/laragon-new/laragon/www/hospital-management/vendor/laravel/framework/src/Illuminate/Pipeline/Pipeline.php(183): App/Http/Middleware/SetLocale->handle()
#25 D:/laragon-new/laragon/www/hospital-management/vendor/laravel/framework/src/Illuminate/Routing/Middleware/SubstituteBindings.php(50): Illuminate/Pipeline/Pipeline->{closure:{closure:Illuminate/Pipeline/Pipeline::carry():158}:159}()
#26 D:/laragon-new/laragon/www/hospital-management/vendor/laravel/framework/src/Illuminate/Pipeline/Pipeline.php(183): Illuminate/Routing/Middleware/SubstituteBindings->handle()
#27 D:/laragon-new/laragon/www/hospital-management/vendor/laravel/framework/src/Illuminate/Auth/Middleware/Authenticate.php(57): Illuminate/Pipeline/Pipeline->{closure:{closure:Illuminate/Pipeline/Pipeline::carry():158}:159}()
#28 D:/laragon-new/laragon/www/hospital-management/vendor/laravel/framework/src/Illuminate/Pipeline/Pipeline.php(183): Illuminate/Auth/Middleware/Authenticate->handle()
#29 D:/laragon-new/laragon/www/hospital-management/vendor/laravel/framework/src/Illuminate/Foundation/Http/Middleware/VerifyCsrfToken.php(78): Illuminate/Pipeline/Pipeline->{closure:{closure:Illuminate/Pipeline/Pipeline::carry():158}:159}()
#30 D:/laragon-new/laragon/www/hospital-management/vendor/laravel/framework/src/Illuminate/Pipeline/Pipeline.php(183): Illuminate/Foundation/Http/Middleware/VerifyCsrfToken->handle()
#31 D:/laragon-new/laragon/www/hospital-management/vendor/laravel/framework/src/Illuminate/View/Middleware/ShareErrorsFromSession.php(49): Illuminate/Pipeline/Pipeline->{closure:{closure:Illuminate/Pipeline/Pipeline::carry():158}:159}()
#32 D:/laragon-new/laragon/www/hospital-management/vendor/laravel/framework/src/Illuminate/Pipeline/Pipeline.php(183): Illuminate/View/Middleware/ShareErrorsFromSession->handle()
#33 D:/laragon-new/laragon/www/hospital-management/vendor/laravel/framework/src/Illuminate/Session/Middleware/StartSession.php(121): Illuminate/Pipeline/Pipeline->{closure:{closure:Illuminate/Pipeline/Pipeline::carry():158}:159}()
#34 D:/laragon-new/laragon/www/hospital-management/vendor/laravel/framework/src/Illuminate/Session/Middleware/StartSession.php(64): Illuminate/Session/Middleware/StartSession->handleStatefulRequest()
#35 D:/laragon-new/laragon/www/hospital-management/vendor/laravel/framework/src/Illuminate/Pipeline/Pipeline.php(183): Illuminate/Session/Middleware/StartSession->handle()
#36 D:/laragon-new/laragon/www/hospital-management/vendor/laravel/framework/src/Illuminate/Cookie/Middleware/AddQueuedCookiesToResponse.php(37): Illuminate/Pipeline/Pipeline->{closure:{closure:Illuminate/Pipeline/Pipeline::carry():158}:159}()
#37 D:/laragon-new/laragon/www/hospital-management/vendor/laravel/framework/src/Illuminate/Pipeline/Pipeline.php(183): Illuminate/Cookie/Middleware/AddQueuedCookiesToResponse->handle()
#38 D:/laragon-new/laragon/www/hospital-management/vendor/laravel/framework/src/Illuminate/Cookie/Middleware/EncryptCookies.php(67): Illuminate/Pipeline/Pipeline->{closure:{closure:Illuminate/Pipeline/Pipeline::carry():158}:159}()
#39 D:/laragon-new/laragon/www/hospital-management/vendor/laravel/framework/src/Illuminate/Pipeline/Pipeline.php(183): Illuminate/Cookie/Middleware/EncryptCookies->handle()
#40 D:/laragon-new/laragon/www/hospital-management/vendor/laravel/framework/src/Illuminate/Pipeline/Pipeline.php(119): Illuminate/Pipeline/Pipeline->{closure:{closure:Illuminate/Pipeline/Pipeline::carry():158}:159}()
#41 D:/laragon-new/laragon/www/hospital-management/vendor/laravel/framework/src/Illuminate/Routing/Router.php(805): Illuminate/Pipeline/Pipeline->then()
#42 D:/laragon-new/laragon/www/hospital-management/vendor/laravel/framework/src/Illuminate/Routing/Router.php(784): Illuminate/Routing/Router->runRouteWithinStack()
#43 D:/laragon-new/laragon/www/hospital-management/vendor/laravel/framework/src/Illuminate/Routing/Router.php(748): Illuminate/Routing/Router->runRoute()
#44 D:/laragon-new/laragon/www/hospital-management/vendor/laravel/framework/src/Illuminate/Routing/Router.php(737): Illuminate/Routing/Router->dispatchToRoute()
#45 D:/laragon-new/laragon/www/hospital-management/vendor/laravel/framework/src/Illuminate/Foundation/Http/Kernel.php(200): Illuminate/Routing/Router->dispatch()
#46 D:/laragon-new/laragon/www/hospital-management/vendor/laravel/framework/src/Illuminate/Pipeline/Pipeline.php(144): Illuminate/Foundation/Http/Kernel->{closure:Illuminate/Foundation/Http/Kernel::dispatchToRouter():197}()
#47 D:/laragon-new/laragon/www/hospital-management/vendor/laravel/framework/src/Illuminate/Foundation/Http/Middleware/TransformsRequest.php(21): Illuminate/Pipeline/Pipeline->{closure:Illuminate/Pipeline/Pipeline::prepareDestination():142}()
#48 D:/laragon-new/laragon/www/hospital-management/vendor/laravel/framework/src/Illuminate/Foundation/Http/Middleware/ConvertEmptyStringsToNull.php(31): Illuminate/Foundation/Http/Middleware/TransformsRequest->handle()
#49 D:/laragon-new/laragon/www/hospital-management/vendor/laravel/framework/src/Illuminate/Pipeline/Pipeline.php(183): Illuminate/Foundation/Http/Middleware/ConvertEmptyStringsToNull->handle()
#50 D:/laragon-new/laragon/www/hospital-management/vendor/laravel/framework/src/Illuminate/Foundation/Http/Middleware/TransformsRequest.php(21): Illuminate/Pipeline/Pipeline->{closure:{closure:Illuminate/Pipeline/Pipeline::carry():158}:159}()
#51 D:/laragon-new/laragon/www/hospital-management/vendor/laravel/framework/src/Illuminate/Foundation/Http/Middleware/TrimStrings.php(40): Illuminate/Foundation/Http/Middleware/TransformsRequest->handle()
#52 D:/laragon-new/laragon/www/hospital-management/vendor/laravel/framework/src/Illuminate/Pipeline/Pipeline.php(183): Illuminate/Foundation/Http/Middleware/TrimStrings->handle()
#53 D:/laragon-new/laragon/www/hospital-management/vendor/laravel/framework/src/Illuminate/Foundation/Http/Middleware/ValidatePostSize.php(27): Illuminate/Pipeline/Pipeline->{closure:{closure:Illuminate/Pipeline/Pipeline::carry():158}:159}()
#54 D:/laragon-new/laragon/www/hospital-management/vendor/laravel/framework/src/Illuminate/Pipeline/Pipeline.php(183): Illuminate/Foundation/Http/Middleware/ValidatePostSize->handle()
#55 D:/laragon-new/laragon/www/hospital-management/vendor/laravel/framework/src/Illuminate/Foundation/Http/Middleware/PreventRequestsDuringMaintenance.php(99): Illuminate/Pipeline/Pipeline->{closure:{closure:Illuminate/Pipeline/Pipeline::carry():158}:159}()
#56 D:/laragon-new/laragon/www/hospital-management/vendor/laravel/framework/src/Illuminate/Pipeline/Pipeline.php(183): Illuminate/Foundation/Http/Middleware/PreventRequestsDuringMaintenance->handle()
#57 D:/laragon-new/laragon/www/hospital-management/vendor/laravel/framework/src/Illuminate/Http/Middleware/HandleCors.php(49): Illuminate/Pipeline/Pipeline->{closure:{closure:Illuminate/Pipeline/Pipeline::carry():158}:159}()
#58 D:/laragon-new/laragon/www/hospital-management/vendor/laravel/framework/src/Illuminate/Pipeline/Pipeline.php(183): Illuminate/Http/Middleware/HandleCors->handle()
#59 D:/laragon-new/laragon/www/hospital-management/vendor/laravel/framework/src/Illuminate/Http/Middleware/TrustProxies.php(39): Illuminate/Pipeline/Pipeline->{closure:{closure:Illuminate/Pipeline/Pipeline::carry():158}:159}()
#60 D:/laragon-new/laragon/www/hospital-management/vendor/laravel/framework/src/Illuminate/Pipeline/Pipeline.php(183): Illuminate/Http/Middleware/TrustProxies->handle()
#61 D:/laragon-new/laragon/www/hospital-management/vendor/laravel/framework/src/Illuminate/Pipeline/Pipeline.php(119): Illuminate/Pipeline/Pipeline->{closure:{closure:Illuminate/Pipeline/Pipeline::carry():158}:159}()
#62 D:/laragon-new/laragon/www/hospital-management/vendor/laravel/framework/src/Illuminate/Foundation/Http/Kernel.php(175): Illuminate/Pipeline/Pipeline->then()
#63 D:/laragon-new/laragon/www/hospital-management/vendor/laravel/framework/src/Illuminate/Foundation/Http/Kernel.php(144): Illuminate/Foundation/Http/Kernel->sendRequestThroughRouter()
#64 D:/laragon-new/laragon/www/hospital-management/public/index.php(55): Illuminate/Foundation/Http/Kernel->handle()
#65 D:/laragon-new/laragon/www/hospital-management/vendor/laravel/framework/src/Illuminate/Foundation/resources/server.php(16): require_once('...')
#66 {main}

[previous exception] [object] (PDOException(code: 42S22): SQLSTATE[42S22]: Column not found: 1054 Unknown column 'dob' in 'field list' at D:/laragon-new/laragon/www/hospital-management/vendor/laravel/framework/src/Illuminate/Database/Connection.php:423)
[stacktrace]
#0 D:/laragon-new/laragon/www/hospital-management/vendor/laravel/framework/src/Illuminate/Database/Connection.php(423): PDO->prepare()
#1 D:/laragon-new/laragon/www/hospital-management/vendor/laravel/framework/src/Illuminate/Database/Connection.php(816): Illuminate/Database/Connection->{closure:Illuminate/Database/Connection::select():414}()
#2 D:/laragon-new/laragon/www/hospital-management/vendor/laravel/framework/src/Illuminate/Database/Connection.php(783): Illuminate/Database/Connection->runQueryCallback()
#3 D:/laragon-new/laragon/www/hospital-management/vendor/laravel/framework/src/Illuminate/Database/Connection.php(414): Illuminate/Database/Connection->run()
#4 D:/laragon-new/laragon/www/hospital-management/vendor/laravel/framework/src/Illuminate/Database/Query/Builder.php(2913): Illuminate/Database/Connection->select()
#5 D:/laragon-new/laragon/www/hospital-management/vendor/laravel/framework/src/Illuminate/Database/Query/Builder.php(2902): Illuminate/Database/Query/Builder->runSelect()
#6 D:/laragon-new/laragon/www/hospital-management/vendor/laravel/framework/src/Illuminate/Database/Query/Builder.php(3456): Illuminate/Database/Query/Builder->{closure:Illuminate/Database/Query/Builder::get():2901}()
#7 D:/laragon-new/laragon/www/hospital-management/vendor/laravel/framework/src/Illuminate/Database/Query/Builder.php(2901): Illuminate/Database/Query/Builder->onceWithColumns()
#8 D:/laragon-new/laragon/www/hospital-management/vendor/laravel/framework/src/Illuminate/Database/Eloquent/Builder.php(739): Illuminate/Database/Query/Builder->get()
#9 D:/laragon-new/laragon/www/hospital-management/vendor/laravel/framework/src/Illuminate/Database/Eloquent/Builder.php(723): Illuminate/Database/Eloquent/Builder->getModels()
#10 D:/laragon-new/laragon/www/hospital-management/app/Http/Controllers/Admin/MedicalTestBookingController.php(83): Illuminate/Database/Eloquent/Builder->get()
#11 D:/laragon-new/laragon/www/hospital-management/vendor/laravel/framework/src/Illuminate/Routing/Controller.php(54): App/Http/Controllers/Admin/MedicalTestBookingController->create()
#12 D:/laragon-new/laragon/www/hospital-management/vendor/laravel/framework/src/Illuminate/Routing/ControllerDispatcher.php(43): Illuminate/Routing/Controller->callAction()
#13 D:/laragon-new/laragon/www/hospital-management/vendor/laravel/framework/src/Illuminate/Routing/Route.php(259): Illuminate/Routing/ControllerDispatcher->dispatch()
#14 D:/laragon-new/laragon/www/hospital-management/vendor/laravel/framework/src/Illuminate/Routing/Route.php(205): Illuminate/Routing/Route->runController()
#15 D:/laragon-new/laragon/www/hospital-management/vendor/laravel/framework/src/Illuminate/Routing/Router.php(806): Illuminate/Routing/Route->run()
#16 D:/laragon-new/laragon/www/hospital-management/vendor/laravel/framework/src/Illuminate/Pipeline/Pipeline.php(144): Illuminate/Routing/Router->{closure:Illuminate/Routing/Router::runRouteWithinStack():805}()
#17 D:/laragon-new/laragon/www/hospital-management/app/Http/Middleware/CheckModulePermission.php(49): Illuminate/Pipeline/Pipeline->{closure:Illuminate/Pipeline/Pipeline::prepareDestination():142}()
#18 D:/laragon-new/laragon/www/hospital-management/vendor/laravel/framework/src/Illuminate/Pipeline/Pipeline.php(183): App/Http/Middleware/CheckModulePermission->handle()
#19 D:/laragon-new/laragon/www/hospital-management/vendor/laravel/framework/src/Illuminate/Auth/Middleware/EnsureEmailIsVerified.php(41): Illuminate/Pipeline/Pipeline->{closure:{closure:Illuminate/Pipeline/Pipeline::carry():158}:159}()
#20 D:/laragon-new/laragon/www/hospital-management/vendor/laravel/framework/src/Illuminate/Pipeline/Pipeline.php(183): Illuminate/Auth/Middleware/EnsureEmailIsVerified->handle()
#21 D:/laragon-new/laragon/www/hospital-management/vendor/laravel/framework/src/Illuminate/Http/Middleware/AddLinkHeadersForPreloadedAssets.php(20): Illuminate/Pipeline/Pipeline->{closure:{closure:Illuminate/Pipeline/Pipeline::carry():158}:159}()
#22 D:/laragon-new/laragon/www/hospital-management/vendor/laravel/framework/src/Illuminate/Pipeline/Pipeline.php(183): Illuminate/Http/Middleware/AddLinkHeadersForPreloadedAssets->handle()
#23 D:/laragon-new/laragon/www/hospital-management/vendor/inertiajs/inertia-laravel/src/Middleware.php(87): Illuminate/Pipeline/Pipeline->{closure:{closure:Illuminate/Pipeline/Pipeline::carry():158}:159}()
#24 D:/laragon-new/laragon/www/hospital-management/vendor/laravel/framework/src/Illuminate/Pipeline/Pipeline.php(183): Inertia/Middleware->handle()
#25 D:/laragon-new/laragon/www/hospital-management/app/Http/Middleware/SetLocale.php(35): Illuminate/Pipeline/Pipeline->{closure:{closure:Illuminate/Pipeline/Pipeline::carry():158}:159}()
#26 D:/laragon-new/laragon/www/hospital-management/vendor/laravel/framework/src/Illuminate/Pipeline/Pipeline.php(183): App/Http/Middleware/SetLocale->handle()
#27 D:/laragon-new/laragon/www/hospital-management/vendor/laravel/framework/src/Illuminate/Routing/Middleware/SubstituteBindings.php(50): Illuminate/Pipeline/Pipeline->{closure:{closure:Illuminate/Pipeline/Pipeline::carry():158}:159}()
#28 D:/laragon-new/laragon/www/hospital-management/vendor/laravel/framework/src/Illuminate/Pipeline/Pipeline.php(183): Illuminate/Routing/Middleware/SubstituteBindings->handle()
#29 D:/laragon-new/laragon/www/hospital-management/vendor/laravel/framework/src/Illuminate/Auth/Middleware/Authenticate.php(57): Illuminate/Pipeline/Pipeline->{closure:{closure:Illuminate/Pipeline/Pipeline::carry():158}:159}()
#30 D:/laragon-new/laragon/www/hospital-management/vendor/laravel/framework/src/Illuminate/Pipeline/Pipeline.php(183): Illuminate/Auth/Middleware/Authenticate->handle()
#31 D:/laragon-new/laragon/www/hospital-management/vendor/laravel/framework/src/Illuminate/Foundation/Http/Middleware/VerifyCsrfToken.php(78): Illuminate/Pipeline/Pipeline->{closure:{closure:Illuminate/Pipeline/Pipeline::carry():158}:159}()
#32 D:/laragon-new/laragon/www/hospital-management/vendor/laravel/framework/src/Illuminate/Pipeline/Pipeline.php(183): Illuminate/Foundation/Http/Middleware/VerifyCsrfToken->handle()
#33 D:/laragon-new/laragon/www/hospital-management/vendor/laravel/framework/src/Illuminate/View/Middleware/ShareErrorsFromSession.php(49): Illuminate/Pipeline/Pipeline->{closure:{closure:Illuminate/Pipeline/Pipeline::carry():158}:159}()
#34 D:/laragon-new/laragon/www/hospital-management/vendor/laravel/framework/src/Illuminate/Pipeline/Pipeline.php(183): Illuminate/View/Middleware/ShareErrorsFromSession->handle()
#35 D:/laragon-new/laragon/www/hospital-management/vendor/laravel/framework/src/Illuminate/Session/Middleware/StartSession.php(121): Illuminate/Pipeline/Pipeline->{closure:{closure:Illuminate/Pipeline/Pipeline::carry():158}:159}()
#36 D:/laragon-new/laragon/www/hospital-management/vendor/laravel/framework/src/Illuminate/Session/Middleware/StartSession.php(64): Illuminate/Session/Middleware/StartSession->handleStatefulRequest()
#37 D:/laragon-new/laragon/www/hospital-management/vendor/laravel/framework/src/Illuminate/Pipeline/Pipeline.php(183): Illuminate/Session/Middleware/StartSession->handle()
#38 D:/laragon-new/laragon/www/hospital-management/vendor/laravel/framework/src/Illuminate/Cookie/Middleware/AddQueuedCookiesToResponse.php(37): Illuminate/Pipeline/Pipeline->{closure:{closure:Illuminate/Pipeline/Pipeline::carry():158}:159}()
#39 D:/laragon-new/laragon/www/hospital-management/vendor/laravel/framework/src/Illuminate/Pipeline/Pipeline.php(183): Illuminate/Cookie/Middleware/AddQueuedCookiesToResponse->handle()
#40 D:/laragon-new/laragon/www/hospital-management/vendor/laravel/framework/src/Illuminate/Cookie/Middleware/EncryptCookies.php(67): Illuminate/Pipeline/Pipeline->{closure:{closure:Illuminate/Pipeline/Pipeline::carry():158}:159}()
#41 D:/laragon-new/laragon/www/hospital-management/vendor/laravel/framework/src/Illuminate/Pipeline/Pipeline.php(183): Illuminate/Cookie/Middleware/EncryptCookies->handle()
#42 D:/laragon-new/laragon/www/hospital-management/vendor/laravel/framework/src/Illuminate/Pipeline/Pipeline.php(119): Illuminate/Pipeline/Pipeline->{closure:{closure:Illuminate/Pipeline/Pipeline::carry():158}:159}()
#43 D:/laragon-new/laragon/www/hospital-management/vendor/laravel/framework/src/Illuminate/Routing/Router.php(805): Illuminate/Pipeline/Pipeline->then()
#44 D:/laragon-new/laragon/www/hospital-management/vendor/laravel/framework/src/Illuminate/Routing/Router.php(784): Illuminate/Routing/Router->runRouteWithinStack()
#45 D:/laragon-new/laragon/www/hospital-management/vendor/laravel/framework/src/Illuminate/Routing/Router.php(748): Illuminate/Routing/Router->runRoute()
#46 D:/laragon-new/laragon/www/hospital-management/vendor/laravel/framework/src/Illuminate/Routing/Router.php(737): Illuminate/Routing/Router->dispatchToRoute()
#47 D:/laragon-new/laragon/www/hospital-management/vendor/laravel/framework/src/Illuminate/Foundation/Http/Kernel.php(200): Illuminate/Routing/Router->dispatch()
#48 D:/laragon-new/laragon/www/hospital-management/vendor/laravel/framework/src/Illuminate/Pipeline/Pipeline.php(144): Illuminate/Foundation/Http/Kernel->{closure:Illuminate/Foundation/Http/Kernel::dispatchToRouter():197}()
#49 D:/laragon-new/laragon/www/hospital-management/vendor/laravel/framework/src/Illuminate/Foundation/Http/Middleware/TransformsRequest.php(21): Illuminate/Pipeline/Pipeline->{closure:Illuminate/Pipeline/Pipeline::prepareDestination():142}()
#50 D:/laragon-new/laragon/www/hospital-management/vendor/laravel/framework/src/Illuminate/Foundation/Http/Middleware/ConvertEmptyStringsToNull.php(31): Illuminate/Foundation/Http/Middleware/TransformsRequest->handle()
#51 D:/laragon-new/laragon/www/hospital-management/vendor/laravel/framework/src/Illuminate/Pipeline/Pipeline.php(183): Illuminate/Foundation/Http/Middleware/ConvertEmptyStringsToNull->handle()
#52 D:/laragon-new/laragon/www/hospital-management/vendor/laravel/framework/src/Illuminate/Foundation/Http/Middleware/TransformsRequest.php(21): Illuminate/Pipeline/Pipeline->{closure:{closure:Illuminate/Pipeline/Pipeline::carry():158}:159}()
#53 D:/laragon-new/laragon/www/hospital-management/vendor/laravel/framework/src/Illuminate/Foundation/Http/Middleware/TrimStrings.php(40): Illuminate/Foundation/Http/Middleware/TransformsRequest->handle()
#54 D:/laragon-new/laragon/www/hospital-management/vendor/laravel/framework/src/Illuminate/Pipeline/Pipeline.php(183): Illuminate/Foundation/Http/Middleware/TrimStrings->handle()
#55 D:/laragon-new/laragon/www/hospital-management/vendor/laravel/framework/src/Illuminate/Foundation/Http/Middleware/ValidatePostSize.php(27): Illuminate/Pipeline/Pipeline->{closure:{closure:Illuminate/Pipeline/Pipeline::carry():158}:159}()
#56 D:/laragon-new/laragon/www/hospital-management/vendor/laravel/framework/src/Illuminate/Pipeline/Pipeline.php(183): Illuminate/Foundation/Http/Middleware/ValidatePostSize->handle()
#57 D:/laragon-new/laragon/www/hospital-management/vendor/laravel/framework/src/Illuminate/Foundation/Http/Middleware/PreventRequestsDuringMaintenance.php(99): Illuminate/Pipeline/Pipeline->{closure:{closure:Illuminate/Pipeline/Pipeline::carry():158}:159}()
#58 D:/laragon-new/laragon/www/hospital-management/vendor/laravel/framework/src/Illuminate/Pipeline/Pipeline.php(183): Illuminate/Foundation/Http/Middleware/PreventRequestsDuringMaintenance->handle()
#59 D:/laragon-new/laragon/www/hospital-management/vendor/laravel/framework/src/Illuminate/Http/Middleware/HandleCors.php(49): Illuminate/Pipeline/Pipeline->{closure:{closure:Illuminate/Pipeline/Pipeline::carry():158}:159}()
#60 D:/laragon-new/laragon/www/hospital-management/vendor/laravel/framework/src/Illuminate/Pipeline/Pipeline.php(183): Illuminate/Http/Middleware/HandleCors->handle()
#61 D:/laragon-new/laragon/www/hospital-management/vendor/laravel/framework/src/Illuminate/Http/Middleware/TrustProxies.php(39): Illuminate/Pipeline/Pipeline->{closure:{closure:Illuminate/Pipeline/Pipeline::carry():158}:159}()
#62 D:/laragon-new/laragon/www/hospital-management/vendor/laravel/framework/src/Illuminate/Pipeline/Pipeline.php(183): Illuminate/Http/Middleware/TrustProxies->handle()
#63 D:/laragon-new/laragon/www/hospital-management/vendor/laravel/framework/src/Illuminate/Pipeline/Pipeline.php(119): Illuminate/Pipeline/Pipeline->{closure:{closure:Illuminate/Pipeline/Pipeline::carry():158}:159}()
#64 D:/laragon-new/laragon/www/hospital-management/vendor/laravel/framework/src/Illuminate/Foundation/Http/Kernel.php(175): Illuminate/Pipeline/Pipeline->then()
#65 D:/laragon-new/laragon/www/hospital-management/vendor/laravel/framework/src/Illuminate/Foundation/Http/Kernel.php(144): Illuminate/Foundation/Http/Kernel->sendRequestThroughRouter()
#66 D:/laragon-new/laragon/www/hospital-management/public/index.php(55): Illuminate/Foundation/Http/Kernel->handle()
#67 D:/laragon-new/laragon/www/hospital-management/vendor/laravel/framework/src/Illuminate/Foundation/resources/server.php(16): require_once('...')
#68 {main}
"} 
[2026-08-07 10:50:33] local.ERROR: SQLSTATE[42S22]: Column not found: 1054 Unknown column 'dob' in 'field list' (Connection: mysql, SQL: select `id`, `name`, `phone`, `email`, `gender`, `dob`, `address` from `patients` order by `created_at` desc limit 50) {"userId":2,"exception":"[object] (Illuminate\\Database\\QueryException(code: 42S22): SQLSTATE[42S22]: Column not found: 1054 Unknown column 'dob' in 'field list' (Connection: mysql, SQL: select `id`, `name`, `phone`, `email`, `gender`, `dob`, `address` from `patients` order by `created_at` desc limit 50) at D:/laragon-new/laragon/www/hospital-management/vendor/laravel/framework/src/Illuminate/Database/Connection.php:829)
[stacktrace]
#0 D:/laragon-new/laragon/www/hospital-management/vendor/laravel/framework/src/Illuminate/Database/Connection.php(783): Illuminate/Database/Connection->runQueryCallback()
#1 D:/laragon-new/laragon/www/hospital-management/vendor/laravel/framework/src/Illuminate/Database/Connection.php(414): Illuminate/Database/Connection->run()
#2 D:/laragon-new/laragon/www/hospital-management/vendor/laravel/framework/src/Illuminate/Database/Query/Builder.php(2913): Illuminate/Database/Connection->select()
#3 D:/laragon-new/laragon/www/hospital-management/vendor/laravel/framework/src/Illuminate/Database/Query/Builder.php(2902): Illuminate/Database/Query/Builder->runSelect()
#4 D:/laragon-new/laragon/www/hospital-management/vendor/laravel/framework/src/Illuminate/Database/Query/Builder.php(3456): Illuminate/Database/Query/Builder->{closure:Illuminate/Database/Query/Builder::get():2901}()
#5 D:/laragon-new/laragon/www/hospital-management/vendor/laravel/framework/src/Illuminate/Database/Query/Builder.php(2901): Illuminate/Database/Query/Builder->onceWithColumns()
#6 D:/laragon-new/laragon/www/hospital-management/vendor/laravel/framework/src/Illuminate/Database/Eloquent/Builder.php(739): Illuminate/Database/Query/Builder->get()
#7 D:/laragon-new/laragon/www/hospital-management/vendor/laravel/framework/src/Illuminate/Database/Eloquent/Builder.php(723): Illuminate/Database/Eloquent/Builder->getModels()
#8 D:/laragon-new/laragon/www/hospital-management/app/Http/Controllers/Admin/MedicalTestBookingController.php(83): Illuminate/Database/Eloquent/Builder->get()
#9 D:/laragon-new/laragon/www/hospital-management/vendor/laravel/framework/src/Illuminate/Routing/Controller.php(54): App/Http/Controllers/Admin/MedicalTestBookingController->create()
#10 D:/laragon-new/laragon/www/hospital-management/vendor/laravel/framework/src/Illuminate/Routing/ControllerDispatcher.php(43): Illuminate/Routing/Controller->callAction()
#11 D:/laragon-new/laragon/www/hospital-management/vendor/laravel/framework/src/Illuminate/Routing/Route.php(259): Illuminate/Routing/ControllerDispatcher->dispatch()
#12 D:/laragon-new/laragon/www/hospital-management/vendor/laravel/framework/src/Illuminate/Routing/Route.php(205): Illuminate/Routing/Route->runController()
#13 D:/laragon-new/laragon/www/hospital-management/vendor/laravel/framework/src/Illuminate/Routing/Router.php(806): Illuminate/Routing/Route->run()
#14 D:/laragon-new/laragon/www/hospital-management/vendor/laravel/framework/src/Illuminate/Pipeline/Pipeline.php(144): Illuminate/Routing/Router->{closure:Illuminate/Routing/Router::runRouteWithinStack():805}()
#15 D:/laragon-new/laragon/www/hospital-management/app/Http/Middleware/CheckModulePermission.php(49): Illuminate/Pipeline/Pipeline->{closure:Illuminate/Pipeline/Pipeline::prepareDestination():142}()
#16 D:/laragon-new/laragon/www/hospital-management/vendor/laravel/framework/src/Illuminate/Pipeline/Pipeline.php(183): App/Http/Middleware/CheckModulePermission->handle()
#17 D:/laragon-new/laragon/www/hospital-management/vendor/laravel/framework/src/Illuminate/Auth/Middleware/EnsureEmailIsVerified.php(41): Illuminate/Pipeline/Pipeline->{closure:{closure:Illuminate/Pipeline/Pipeline::carry():158}:159}()
#18 D:/laragon-new/laragon/www/hospital-management/vendor/laravel/framework/src/Illuminate/Pipeline/Pipeline.php(183): Illuminate/Auth/Middleware/EnsureEmailIsVerified->handle()
#19 D:/laragon-new/laragon/www/hospital-management/vendor/laravel/framework/src/Illuminate/Http/Middleware/AddLinkHeadersForPreloadedAssets.php(20): Illuminate/Pipeline/Pipeline->{closure:{closure:Illuminate/Pipeline/Pipeline::carry():158}:159}()
#20 D:/laragon-new/laragon/www/hospital-management/vendor/laravel/framework/src/Illuminate/Pipeline/Pipeline.php(183): Illuminate/Http/Middleware/AddLinkHeadersForPreloadedAssets->handle()
#21 D:/laragon-new/laragon/www/hospital-management/vendor/inertiajs/inertia-laravel/src/Middleware.php(87): Illuminate/Pipeline/Pipeline->{closure:{closure:Illuminate/Pipeline/Pipeline::carry():158}:159}()
#22 D:/laragon-new/laragon/www/hospital-management/vendor/laravel/framework/src/Illuminate/Pipeline/Pipeline.php(183): Inertia/Middleware->handle()
#23 D:/laragon-new/laragon/www/hospital-management/app/Http/Middleware/SetLocale.php(35): Illuminate/Pipeline/Pipeline->{closure:{closure:Illuminate/Pipeline/Pipeline::carry():158}:159}()
#24 D:/laragon-new/laragon/www/hospital-management/vendor/laravel/framework/src/Illuminate/Pipeline/Pipeline.php(183): App/Http/Middleware/SetLocale->handle()
#25 D:/laragon-new/laragon/www/hospital-management/vendor/laravel/framework/src/Illuminate/Routing/Middleware/SubstituteBindings.php(50): Illuminate/Pipeline/Pipeline->{closure:{closure:Illuminate/Pipeline/Pipeline::carry():158}:159}()
#26 D:/laragon-new/laragon/www/hospital-management/vendor/laravel/framework/src/Illuminate/Pipeline/Pipeline.php(183): Illuminate/Routing/Middleware/SubstituteBindings->handle()
#27 D:/laragon-new/laragon/www/hospital-management/vendor/laravel/framework/src/Illuminate/Auth/Middleware/Authenticate.php(57): Illuminate/Pipeline/Pipeline->{closure:{closure:Illuminate/Pipeline/Pipeline::carry():158}:159}()
#28 D:/laragon-new/laragon/www/hospital-management/vendor/laravel/framework/src/Illuminate/Pipeline/Pipeline.php(183): Illuminate/Auth/Middleware/Authenticate->handle()
#29 D:/laragon-new/laragon/www/hospital-management/vendor/laravel/framework/src/Illuminate/Foundation/Http/Middleware/VerifyCsrfToken.php(78): Illuminate/Pipeline/Pipeline->{closure:{closure:Illuminate/Pipeline/Pipeline::carry():158}:159}()
#30 D:/laragon-new/laragon/www/hospital-management/vendor/laravel/framework/src/Illuminate/Pipeline/Pipeline.php(183): Illuminate/Foundation/Http/Middleware/VerifyCsrfToken->handle()
#31 D:/laragon-new/laragon/www/hospital-management/vendor/laravel/framework/src/Illuminate/View/Middleware/ShareErrorsFromSession.php(49): Illuminate/Pipeline/Pipeline->{closure:{closure:Illuminate/Pipeline/Pipeline::carry():158}:159}()
#32 D:/laragon-new/laragon/www/hospital-management/vendor/laravel/framework/src/Illuminate/Pipeline/Pipeline.php(183): Illuminate/View/Middleware/ShareErrorsFromSession->handle()
#33 D:/laragon-new/laragon/www/hospital-management/vendor/laravel/framework/src/Illuminate/Session/Middleware/StartSession.php(121): Illuminate/Pipeline/Pipeline->{closure:{closure:Illuminate/Pipeline/Pipeline::carry():158}:159}()
#34 D:/laragon-new/laragon/www/hospital-management/vendor/laravel/framework/src/Illuminate/Session/Middleware/StartSession.php(64): Illuminate/Session/Middleware/StartSession->handleStatefulRequest()
#35 D:/laragon-new/laragon/www/hospital-management/vendor/laravel/framework/src/Illuminate/Pipeline/Pipeline.php(183): Illuminate/Session/Middleware/StartSession->handle()
#36 D:/laragon-new/laragon/www/hospital-management/vendor/laravel/framework/src/Illuminate/Cookie/Middleware/AddQueuedCookiesToResponse.php(37): Illuminate/Pipeline/Pipeline->{closure:{closure:Illuminate/Pipeline/Pipeline::carry():158}:159}()
#37 D:/laragon-new/laragon/www/hospital-management/vendor/laravel/framework/src/Illuminate/Pipeline/Pipeline.php(183): Illuminate/Cookie/Middleware/AddQueuedCookiesToResponse->handle()
#38 D:/laragon-new/laragon/www/hospital-management/vendor/laravel/framework/src/Illuminate/Cookie/Middleware/EncryptCookies.php(67): Illuminate/Pipeline/Pipeline->{closure:{closure:Illuminate/Pipeline/Pipeline::carry():158}:159}()
#39 D:/laragon-new/laragon/www/hospital-management/vendor/laravel/framework/src/Illuminate/Pipeline/Pipeline.php(183): Illuminate/Cookie/Middleware/EncryptCookies->handle()
#40 D:/laragon-new/laragon/www/hospital-management/vendor/laravel/framework/src/Illuminate/Pipeline/Pipeline.php(119): Illuminate/Pipeline/Pipeline->{closure:{closure:Illuminate/Pipeline/Pipeline::carry():158}:159}()
#41 D:/laragon-new/laragon/www/hospital-management/vendor/laravel/framework/src/Illuminate/Routing/Router.php(805): Illuminate/Pipeline/Pipeline->then()
#42 D:/laragon-new/laragon/www/hospital-management/vendor/laravel/framework/src/Illuminate/Routing/Router.php(784): Illuminate/Routing/Router->runRouteWithinStack()
#43 D:/laragon-new/laragon/www/hospital-management/vendor/laravel/framework/src/Illuminate/Routing/Router.php(748): Illuminate/Routing/Router->runRoute()
#44 D:/laragon-new/laragon/www/hospital-management/vendor/laravel/framework/src/Illuminate/Routing/Router.php(737): Illuminate/Routing/Router->dispatchToRoute()
#45 D:/laragon-new/laragon/www/hospital-management/vendor/laravel/framework/src/Illuminate/Foundation/Http/Kernel.php(200): Illuminate/Routing/Router->dispatch()
#46 D:/laragon-new/laragon/www/hospital-management/vendor/laravel/framework/src/Illuminate/Pipeline/Pipeline.php(144): Illuminate/Foundation/Http/Kernel->{closure:Illuminate/Foundation/Http/Kernel::dispatchToRouter():197}()
#47 D:/laragon-new/laragon/www/hospital-management/vendor/laravel/framework/src/Illuminate/Foundation/Http/Middleware/TransformsRequest.php(21): Illuminate/Pipeline/Pipeline->{closure:Illuminate/Pipeline/Pipeline::prepareDestination():142}()
#48 D:/laragon-new/laragon/www/hospital-management/vendor/laravel/framework/src/Illuminate/Foundation/Http/Middleware/ConvertEmptyStringsToNull.php(31): Illuminate/Foundation/Http/Middleware/TransformsRequest->handle()
#49 D:/laragon-new/laragon/www/hospital-management/vendor/laravel/framework/src/Illuminate/Pipeline/Pipeline.php(183): Illuminate/Foundation/Http/Middleware/ConvertEmptyStringsToNull->handle()
#50 D:/laragon-new/laragon/www/hospital-management/vendor/laravel/framework/src/Illuminate/Foundation/Http/Middleware/TransformsRequest.php(21): Illuminate/Pipeline/Pipeline->{closure:{closure:Illuminate/Pipeline/Pipeline::carry():158}:159}()
#51 D:/laragon-new/laragon/www/hospital-management/vendor/laravel/framework/src/Illuminate/Foundation/Http/Middleware/TrimStrings.php(40): Illuminate/Foundation/Http/Middleware/TransformsRequest->handle()
#52 D:/laragon-new/laragon/www/hospital-management/vendor/laravel/framework/src/Illuminate/Pipeline/Pipeline.php(183): Illuminate/Foundation/Http/Middleware/TrimStrings->handle()
#53 D:/laragon-new/laragon/www/hospital-management/vendor/laravel/framework/src/Illuminate/Foundation/Http/Middleware/ValidatePostSize.php(27): Illuminate/Pipeline/Pipeline->{closure:{closure:Illuminate/Pipeline/Pipeline::carry():158}:159}()
#54 D:/laragon-new/laragon/www/hospital-management/vendor/laravel/framework/src/Illuminate/Pipeline/Pipeline.php(183): Illuminate/Foundation/Http/Middleware/ValidatePostSize->handle()
#55 D:/laragon-new/laragon/www/hospital-management/vendor/laravel/framework/src/Illuminate/Foundation/Http/Middleware/PreventRequestsDuringMaintenance.php(99): Illuminate/Pipeline/Pipeline->{closure:{closure:Illuminate/Pipeline/Pipeline::carry():158}:159}()
#56 D:/laragon-new/laragon/www/hospital-management/vendor/laravel/framework/src/Illuminate/Pipeline/Pipeline.php(183): Illuminate/Foundation/Http/Middleware/PreventRequestsDuringMaintenance->handle()
#57 D:/laragon-new/laragon/www/hospital-management/vendor/laravel/framework/src/Illuminate/Http/Middleware/HandleCors.php(49): Illuminate/Pipeline/Pipeline->{closure:{closure:Illuminate/Pipeline/Pipeline::carry():158}:159}()
#58 D:/laragon-new/laragon/www/hospital-management/vendor/laravel/framework/src/Illuminate/Pipeline/Pipeline.php(183): Illuminate/Http/Middleware/HandleCors->handle()
#59 D:/laragon-new/laragon/www/hospital-management/vendor/laravel/framework/src/Illuminate/Http/Middleware/TrustProxies.php(39): Illuminate/Pipeline/Pipeline->{closure:{closure:Illuminate/Pipeline/Pipeline::carry():158}:159}()
#60 D:/laragon-new/laragon/www/hospital-management/vendor/laravel/framework/src/Illuminate/Pipeline/Pipeline.php(183): Illuminate/Http/Middleware/TrustProxies->handle()
#61 D:/laragon-new/laragon/www/hospital-management/vendor/laravel/framework/src/Illuminate/Pipeline/Pipeline.php(119): Illuminate/Pipeline/Pipeline->{closure:{closure:Illuminate/Pipeline/Pipeline::carry():158}:159}()
#62 D:/laragon-new/laragon/www/hospital-management/vendor/laravel/framework/src/Illuminate/Foundation/Http/Kernel.php(175): Illuminate/Pipeline/Pipeline->then()
#63 D:/laragon-new/laragon/www/hospital-management/vendor/laravel/framework/src/Illuminate/Foundation/Http/Kernel.php(144): Illuminate/Foundation/Http/Kernel->sendRequestThroughRouter()
#64 D:/laragon-new/laragon/www/hospital-management/public/index.php(55): Illuminate/Foundation/Http/Kernel->handle()
#65 D:/laragon-new/laragon/www/hospital-management/vendor/laravel/framework/src/Illuminate/Foundation/resources/server.php(16): require_once('...')
#66 {main}

[previous exception] [object] (PDOException(code: 42S22): SQLSTATE[42S22]: Column not found: 1054 Unknown column 'dob' in 'field list' at D:/laragon-new/laragon/www/hospital-management/vendor/laravel/framework/src/Illuminate/Database/Connection.php:423)
[stacktrace]
#0 D:/laragon-new/laragon/www/hospital-management/vendor/laravel/framework/src/Illuminate/Database/Connection.php(423): PDO->prepare()
#1 D:/laragon-new/laragon/www/hospital-management/vendor/laravel/framework/src/Illuminate/Database/Connection.php(816): Illuminate/Database/Connection->{closure:Illuminate/Database/Connection::select():414}()
#2 D:/laragon-new/laragon/www/hospital-management/vendor/laravel/framework/src/Illuminate/Database/Connection.php(783): Illuminate/Database/Connection->runQueryCallback()
#3 D:/laragon-new/laragon/www/hospital-management/vendor/laravel/framework/src/Illuminate/Database/Connection.php(414): Illuminate/Database/Connection->run()
#4 D:/laragon-new/laragon/www/hospital-management/vendor/laravel/framework/src/Illuminate/Database/Query/Builder.php(2913): Illuminate/Database/Connection->select()
#5 D:/laragon-new/laragon/www/hospital-management/vendor/laravel/framework/src/Illuminate/Database/Query/Builder.php(2902): Illuminate/Database/Query/Builder->runSelect()
#6 D:/laragon-new/laragon/www/hospital-management/vendor/laravel/framework/src/Illuminate/Database/Query/Builder.php(3456): Illuminate/Database/Query/Builder->{closure:Illuminate/Database/Query/Builder::get():2901}()
#7 D:/laragon-new/laragon/www/hospital-management/vendor/laravel/framework/src/Illuminate/Database/Query/Builder.php(2901): Illuminate/Database/Query/Builder->onceWithColumns()
#8 D:/laragon-new/laragon/www/hospital-management/vendor/laravel/framework/src/Illuminate/Database/Eloquent/Builder.php(739): Illuminate/Database/Query/Builder->get()
#9 D:/laragon-new/laragon/www/hospital-management/vendor/laravel/framework/src/Illuminate/Database/Eloquent/Builder.php(723): Illuminate/Database/Eloquent/Builder->getModels()
#10 D:/laragon-new/laragon/www/hospital-management/app/Http/Controllers/Admin/MedicalTestBookingController.php(83): Illuminate/Database/Eloquent/Builder->get()
#11 D:/laragon-new/laragon/www/hospital-management/vendor/laravel/framework/src/Illuminate/Routing/Controller.php(54): App/Http/Controllers/Admin/MedicalTestBookingController->create()
#12 D:/laragon-new/laragon/www/hospital-management/vendor/laravel/framework/src/Illuminate/Routing/ControllerDispatcher.php(43): Illuminate/Routing/Controller->callAction()
#13 D:/laragon-new/laragon/www/hospital-management/vendor/laravel/framework/src/Illuminate/Routing/Route.php(259): Illuminate/Routing/ControllerDispatcher->dispatch()
#14 D:/laragon-new/laragon/www/hospital-management/vendor/laravel/framework/src/Illuminate/Routing/Route.php(205): Illuminate/Routing/Route->runController()
#15 D:/laragon-new/laragon/www/hospital-management/vendor/laravel/framework/src/Illuminate/Routing/Router.php(806): Illuminate/Routing/Route->run()
#16 D:/laragon-new/laragon/www/hospital-management/vendor/laravel/framework/src/Illuminate/Pipeline/Pipeline.php(144): Illuminate/Routing/Router->{closure:Illuminate/Routing/Router::runRouteWithinStack():805}()
#17 D:/laragon-new/laragon/www/hospital-management/app/Http/Middleware/CheckModulePermission.php(49): Illuminate/Pipeline/Pipeline->{closure:Illuminate/Pipeline/Pipeline::prepareDestination():142}()
#18 D:/laragon-new/laragon/www/hospital-management/vendor/laravel/framework/src/Illuminate/Pipeline/Pipeline.php(183): App/Http/Middleware/CheckModulePermission->handle()
#19 D:/laragon-new/laragon/www/hospital-management/vendor/laravel/framework/src/Illuminate/Auth/Middleware/EnsureEmailIsVerified.php(41): Illuminate/Pipeline/Pipeline->{closure:{closure:Illuminate/Pipeline/Pipeline::carry():158}:159}()
#20 D:/laragon-new/laragon/www/hospital-management/vendor/laravel/framework/src/Illuminate/Pipeline/Pipeline.php(183): Illuminate/Auth/Middleware/EnsureEmailIsVerified->handle()
#21 D:/laragon-new/laragon/www/hospital-management/vendor/laravel/framework/src/Illuminate/Http/Middleware/AddLinkHeadersForPreloadedAssets.php(20): Illuminate/Pipeline/Pipeline->{closure:{closure:Illuminate/Pipeline/Pipeline::carry():158}:159}()
#22 D:/laragon-new/laragon/www/hospital-management/vendor/laravel/framework/src/Illuminate/Pipeline/Pipeline.php(183): Illuminate/Http/Middleware/AddLinkHeadersForPreloadedAssets->handle()
#23 D:/laragon-new/laragon/www/hospital-management/vendor/inertiajs/inertia-laravel/src/Middleware.php(87): Illuminate/Pipeline/Pipeline->{closure:{closure:Illuminate/Pipeline/Pipeline::carry():158}:159}()
#24 D:/laragon-new/laragon/www/hospital-management/vendor/laravel/framework/src/Illuminate/Pipeline/Pipeline.php(183): Inertia/Middleware->handle()
#25 D:/laragon-new/laragon/www/hospital-management/app/Http/Middleware/SetLocale.php(35): Illuminate/Pipeline/Pipeline->{closure:{closure:Illuminate/Pipeline/Pipeline::carry():158}:159}()
#26 D:/laragon-new/laragon/www/hospital-management/vendor/laravel/framework/src/Illuminate/Pipeline/Pipeline.php(183): App/Http/Middleware/SetLocale->handle()
#27 D:/laragon-new/laragon/www/hospital-management/vendor/laravel/framework/src/Illuminate/Routing/Middleware/SubstituteBindings.php(50): Illuminate/Pipeline/Pipeline->{closure:{closure:Illuminate/Pipeline/Pipeline::carry():158}:159}()
#28 D:/laragon-new/laragon/www/hospital-management/vendor/laravel/framework/src/Illuminate/Pipeline/Pipeline.php(183): Illuminate/Routing/Middleware/SubstituteBindings->handle()
#29 D:/laragon-new/laragon/www/hospital-management/vendor/laravel/framework/src/Illuminate/Auth/Middleware/Authenticate.php(57): Illuminate/Pipeline/Pipeline->{closure:{closure:Illuminate/Pipeline/Pipeline::carry():158}:159}()
#30 D:/laragon-new/laragon/www/hospital-management/vendor/laravel/framework/src/Illuminate/Pipeline/Pipeline.php(183): Illuminate/Auth/Middleware/Authenticate->handle()
#31 D:/laragon-new/laragon/www/hospital-management/vendor/laravel/framework/src/Illuminate/Foundation/Http/Middleware/VerifyCsrfToken.php(78): Illuminate/Pipeline/Pipeline->{closure:{closure:Illuminate/Pipeline/Pipeline::carry():158}:159}()
#32 D:/laragon-new/laragon/www/hospital-management/vendor/laravel/framework/src/Illuminate/Pipeline/Pipeline.php(183): Illuminate/Foundation/Http/Middleware/VerifyCsrfToken->handle()
#33 D:/laragon-new/laragon/www/hospital-management/vendor/laravel/framework/src/Illuminate/View/Middleware/ShareErrorsFromSession.php(49): Illuminate/Pipeline/Pipeline->{closure:{closure:Illuminate/Pipeline/Pipeline::carry():158}:159}()
#34 D:/laragon-new/laragon/www/hospital-management/vendor/laravel/framework/src/Illuminate/Pipeline/Pipeline.php(183): Illuminate/View/Middleware/ShareErrorsFromSession->handle()
#35 D:/laragon-new/laragon/www/hospital-management/vendor/laravel/framework/src/Illuminate/Session/Middleware/StartSession.php(121): Illuminate/Pipeline/Pipeline->{closure:{closure:Illuminate/Pipeline/Pipeline::carry():158}:159}()
#36 D:/laragon-new/laragon/www/hospital-management/vendor/laravel/framework/src/Illuminate/Session/Middleware/StartSession.php(64): Illuminate/Session/Middleware/StartSession->handleStatefulRequest()
#37 D:/laragon-new/laragon/www/hospital-management/vendor/laravel/framework/src/Illuminate/Pipeline/Pipeline.php(183): Illuminate/Session/Middleware/StartSession->handle()
#38 D:/laragon-new/laragon/www/hospital-management/vendor/laravel/framework/src/Illuminate/Cookie/Middleware/AddQueuedCookiesToResponse.php(37): Illuminate/Pipeline/Pipeline->{closure:{closure:Illuminate/Pipeline/Pipeline::carry():158}:159}()
#39 D:/laragon-new/laragon/www/hospital-management/vendor/laravel/framework/src/Illuminate/Pipeline/Pipeline.php(183): Illuminate/Cookie/Middleware/AddQueuedCookiesToResponse->handle()
#40 D:/laragon-new/laragon/www/hospital-management/vendor/laravel/framework/src/Illuminate/Cookie/Middleware/EncryptCookies.php(67): Illuminate/Pipeline/Pipeline->{closure:{closure:Illuminate/Pipeline/Pipeline::carry():158}:159}()
#41 D:/laragon-new/laragon/www/hospital-management/vendor/laravel/framework/src/Illuminate/Pipeline/Pipeline.php(183): Illuminate/Cookie/Middleware/EncryptCookies->handle()
#42 D:/laragon-new/laragon/www/hospital-management/vendor/laravel/framework/src/Illuminate/Pipeline/Pipeline.php(119): Illuminate/Pipeline/Pipeline->{closure:{closure:Illuminate/Pipeline/Pipeline::carry():158}:159}()
#43 D:/laragon-new/laragon/www/hospital-management/vendor/laravel/framework/src/Illuminate/Routing/Router.php(805): Illuminate/Pipeline/Pipeline->then()
#44 D:/laragon-new/laragon/www/hospital-management/vendor/laravel/framework/src/Illuminate/Routing/Router.php(784): Illuminate/Routing/Router->runRouteWithinStack()
#45 D:/laragon-new/laragon/www/hospital-management/vendor/laravel/framework/src/Illuminate/Routing/Router.php(748): Illuminate/Routing/Router->runRoute()
#46 D:/laragon-new/laragon/www/hospital-management/vendor/laravel/framework/src/Illuminate/Routing/Router.php(737): Illuminate/Routing/Router->dispatchToRoute()
#47 D:/laragon-new/laragon/www/hospital-management/vendor/laravel/framework/src/Illuminate/Foundation/Http/Kernel.php(200): Illuminate/Routing/Router->dispatch()
#48 D:/laragon-new/laragon/www/hospital-management/vendor/laravel/framework/src/Illuminate/Pipeline/Pipeline.php(144): Illuminate/Foundation/Http/Kernel->{closure:Illuminate/Foundation/Http/Kernel::dispatchToRouter():197}()
#49 D:/laragon-new/laragon/www/hospital-management/vendor/laravel/framework/src/Illuminate/Foundation/Http/Middleware/TransformsRequest.php(21): Illuminate/Pipeline/Pipeline->{closure:Illuminate/Pipeline/Pipeline::prepareDestination():142}()
#50 D:/laragon-new/laragon/www/hospital-management/vendor/laravel/framework/src/Illuminate/Foundation/Http/Middleware/ConvertEmptyStringsToNull.php(31): Illuminate/Foundation/Http/Middleware/TransformsRequest->handle()
#51 D:/laragon-new/laragon/www/hospital-management/vendor/laravel/framework/src/Illuminate/Pipeline/Pipeline.php(183): Illuminate/Foundation/Http/Middleware/ConvertEmptyStringsToNull->handle()
#52 D:/laragon-new/laragon/www/hospital-management/vendor/laravel/framework/src/Illuminate/Foundation/Http/Middleware/TransformsRequest.php(21): Illuminate/Pipeline/Pipeline->{closure:{closure:Illuminate/Pipeline/Pipeline::carry():158}:159}()
#53 D:/laragon-new/laragon/www/hospital-management/vendor/laravel/framework/src/Illuminate/Foundation/Http/Middleware/TrimStrings.php(40): Illuminate/Foundation/Http/Middleware/TransformsRequest->handle()
#54 D:/laragon-new/laragon/www/hospital-management/vendor/laravel/framework/src/Illuminate/Pipeline/Pipeline.php(183): Illuminate/Foundation/Http/Middleware/TrimStrings->handle()
#55 D:/laragon-new/laragon/www/hospital-management/vendor/laravel/framework/src/Illuminate/Foundation/Http/Middleware/ValidatePostSize.php(27): Illuminate/Pipeline/Pipeline->{closure:{closure:Illuminate/Pipeline/Pipeline::carry():158}:159}()
#56 D:/laragon-new/laragon/www/hospital-management/vendor/laravel/framework/src/Illuminate/Pipeline/Pipeline.php(183): Illuminate/Foundation/Http/Middleware/ValidatePostSize->handle()
#57 D:/laragon-new/laragon/www/hospital-management/vendor/laravel/framework/src/Illuminate/Foundation/Http/Middleware/PreventRequestsDuringMaintenance.php(99): Illuminate/Pipeline/Pipeline->{closure:{closure:Illuminate/Pipeline/Pipeline::carry():158}:159}()
#58 D:/laragon-new/laragon/www/hospital-management/vendor/laravel/framework/src/Illuminate/Pipeline/Pipeline.php(183): Illuminate/Foundation/Http/Middleware/PreventRequestsDuringMaintenance->handle()
#59 D:/laragon-new/laragon/www/hospital-management/vendor/laravel/framework/src/Illuminate/Http/Middleware/HandleCors.php(49): Illuminate/Pipeline/Pipeline->{closure:{closure:Illuminate/Pipeline/Pipeline::carry():158}:159}()
#60 D:/laragon-new/laragon/www/hospital-management/vendor/laravel/framework/src/Illuminate/Pipeline/Pipeline.php(183): Illuminate/Http/Middleware/HandleCors->handle()
#61 D:/laragon-new/laragon/www/hospital-management/vendor/laravel/framework/src/Illuminate/Http/Middleware/TrustProxies.php(39): Illuminate/Pipeline/Pipeline->{closure:{closure:Illuminate/Pipeline/Pipeline::carry():158}:159}()
#62 D:/laragon-new/laragon/www/hospital-management/vendor/laravel/framework/src/Illuminate/Pipeline/Pipeline.php(183): Illuminate/Http/Middleware/TrustProxies->handle()
#63 D:/laragon-new/laragon/www/hospital-management/vendor/laravel/framework/src/Illuminate/Pipeline/Pipeline.php(119): Illuminate/Pipeline/Pipeline->{closure:{closure:Illuminate/Pipeline/Pipeline::carry():158}:159}()
#64 D:/laragon-new/laragon/www/hospital-management/vendor/laravel/framework/src/Illuminate/Foundation/Http/Kernel.php(175): Illuminate/Pipeline/Pipeline->then()
#65 D:/laragon-new/laragon/www/hospital-management/vendor/laravel/framework/src/Illuminate/Foundation/Http/Kernel.php(144): Illuminate/Foundation/Http/Kernel->sendRequestThroughRouter()
#66 D:/laragon-new/laragon/www/hospital-management/public/index.php(55): Illuminate/Foundation/Http/Kernel->handle()
#67 D:/laragon-new/laragon/www/hospital-management/vendor/laravel/framework/src/Illuminate/Foundation/resources/server.php(16): require_once('...')
#68 {main}
"} 
[2026-08-07 11:39:05] local.ERROR: PHP Parse error: Syntax error, unexpected '=' on line 1 {"exception":"[object] (Psy\\Exception\\ParseErrorException(code: 0): PHP Parse error: Syntax error, unexpected '=' on line 1 at D:/laragon-new/laragon/www/hospital-management/vendor/psy/psysh/src/Exception/ParseErrorException.php:44)
[stacktrace]
#0 D:/laragon-new/laragon/www/hospital-management/vendor/psy/psysh/src/CodeCleaner.php(657): Psy/Exception/ParseErrorException::fromParseError()
#1 D:/laragon-new/laragon/www/hospital-management/vendor/psy/psysh/src/CodeCleaner.php(273): Psy/CodeCleaner->parse()
#2 D:/laragon-new/laragon/www/hospital-management/vendor/psy/psysh/src/Shell.php(1364): Psy/CodeCleaner->clean()
#3 D:/laragon-new/laragon/www/hospital-management/vendor/psy/psysh/src/Shell.php(1471): Psy/Shell->appendCode()
#4 D:/laragon-new/laragon/www/hospital-management/vendor/psy/psysh/src/Shell.php(2180): Psy/Shell->setCode()
#5 D:/laragon-new/laragon/www/hospital-management/vendor/laravel/tinker/src/Console/TinkerCommand.php(77): Psy/Shell->execute()
#6 D:/laragon-new/laragon/www/hospital-management/vendor/laravel/framework/src/Illuminate/Container/BoundMethod.php(36): Laravel/Tinker/Console/TinkerCommand->handle()
#7 D:/laragon-new/laragon/www/hospital-management/vendor/laravel/framework/src/Illuminate/Container/Util.php(41): Illuminate/Container/BoundMethod::{closure:Illuminate/Container/BoundMethod::call():35}()
#8 D:/laragon-new/laragon/www/hospital-management/vendor/laravel/framework/src/Illuminate/Container/BoundMethod.php(93): Illuminate/Container/Util::unwrapIfClosure()
#9 D:/laragon-new/laragon/www/hospital-management/vendor/laravel/framework/src/Illuminate/Container/BoundMethod.php(35): Illuminate/Container/BoundMethod::callBoundMethod()
#10 D:/laragon-new/laragon/www/hospital-management/vendor/laravel/framework/src/Illuminate/Container/Container.php(662): Illuminate/Container/BoundMethod::call()
#11 D:/laragon-new/laragon/www/hospital-management/vendor/laravel/framework/src/Illuminate/Console/Command.php(211): Illuminate/Container/Container->call()
#12 D:/laragon-new/laragon/www/hospital-management/vendor/symfony/console/Command/Command.php(326): Illuminate/Console/Command->execute()
#13 D:/laragon-new/laragon/www/hospital-management/vendor/laravel/framework/src/Illuminate/Console/Command.php(180): Symfony/Component/Console/Command/Command->run()
#14 D:/laragon-new/laragon/www/hospital-management/vendor/symfony/console/Application.php(1121): Illuminate/Console/Command->run()
#15 D:/laragon-new/laragon/www/hospital-management/vendor/symfony/console/Application.php(324): Symfony/Component/Console/Application->doRunCommand()
#16 D:/laragon-new/laragon/www/hospital-management/vendor/symfony/console/Application.php(175): Symfony/Component/Console/Application->doRun()
#17 D:/laragon-new/laragon/www/hospital-management/vendor/laravel/framework/src/Illuminate/Foundation/Console/Kernel.php(201): Symfony/Component/Console/Application->run()
#18 D:/laragon-new/laragon/www/hospital-management/artisan(35): Illuminate/Foundation/Console/Kernel->handle()
#19 {main}
"} 
[2026-08-07 11:39:08] local.ERROR: PHP Parse error: Syntax error, unexpected T_NS_SEPARATOR on line 1 {"exception":"[object] (Psy\\Exception\\ParseErrorException(code: 0): PHP Parse error: Syntax error, unexpected T_NS_SEPARATOR on line 1 at D:/laragon-new/laragon/www/hospital-management/vendor/psy/psysh/src/Exception/ParseErrorException.php:44)
[stacktrace]
#0 D:/laragon-new/laragon/www/hospital-management/vendor/psy/psysh/src/CodeCleaner.php(657): Psy/Exception/ParseErrorException::fromParseError()
#1 D:/laragon-new/laragon/www/hospital-management/vendor/psy/psysh/src/CodeCleaner.php(273): Psy/CodeCleaner->parse()
#2 D:/laragon-new/laragon/www/hospital-management/vendor/psy/psysh/src/Shell.php(1364): Psy/CodeCleaner->clean()
#3 D:/laragon-new/laragon/www/hospital-management/vendor/psy/psysh/src/Shell.php(1471): Psy/Shell->appendCode()
#4 D:/laragon-new/laragon/www/hospital-management/vendor/psy/psysh/src/Shell.php(2180): Psy/Shell->setCode()
#5 D:/laragon-new/laragon/www/hospital-management/vendor/laravel/tinker/src/Console/TinkerCommand.php(77): Psy/Shell->execute()
#6 D:/laragon-new/laragon/www/hospital-management/vendor/laravel/framework/src/Illuminate/Container/BoundMethod.php(36): Laravel/Tinker/Console/TinkerCommand->handle()
#7 D:/laragon-new/laragon/www/hospital-management/vendor/laravel/framework/src/Illuminate/Container/Util.php(41): Illuminate/Container/BoundMethod::{closure:Illuminate/Container/BoundMethod::call():35}()
#8 D:/laragon-new/laragon/www/hospital-management/vendor/laravel/framework/src/Illuminate/Container/BoundMethod.php(93): Illuminate/Container/Util::unwrapIfClosure()
#9 D:/laragon-new/laragon/www/hospital-management/vendor/laravel/framework/src/Illuminate/Container/BoundMethod.php(35): Illuminate/Container/BoundMethod::callBoundMethod()
#10 D:/laragon-new/laragon/www/hospital-management/vendor/laravel/framework/src/Illuminate/Container/Container.php(662): Illuminate/Container/BoundMethod::call()
#11 D:/laragon-new/laragon/www/hospital-management/vendor/laravel/framework/src/Illuminate/Console/Command.php(211): Illuminate/Container/Container->call()
#12 D:/laragon-new/laragon/www/hospital-management/vendor/symfony/console/Command/Command.php(326): Illuminate/Console/Command->execute()
#13 D:/laragon-new/laragon/www/hospital-management/vendor/laravel/framework/src/Illuminate/Console/Command.php(180): Symfony/Component/Console/Command/Command->run()
#14 D:/laragon-new/laragon/www/hospital-management/vendor/symfony/console/Application.php(1121): Illuminate/Console/Command->run()
#15 D:/laragon-new/laragon/www/hospital-management/vendor/symfony/console/Application.php(324): Symfony/Component/Console/Application->doRunCommand()
#16 D:/laragon-new/laragon/www/hospital-management/vendor/symfony/console/Application.php(175): Symfony/Component/Console/Application->doRun()
#17 D:/laragon-new/laragon/www/hospital-management/vendor/laravel/framework/src/Illuminate/Foundation/Console/Kernel.php(201): Symfony/Component/Console/Application->run()
#18 D:/laragon-new/laragon/www/hospital-management/artisan(35): Illuminate/Foundation/Console/Kernel->handle()
#19 {main}
"} 
[2026-08-07 11:39:23] local.ERROR: Call to undefined method App\Services\PaymentService::markPaymentSuccess() {"exception":"[object] (Error(code: 0): Call to undefined method App\\Services\\PaymentService::markPaymentSuccess() at C:/Users/USER/.gemini/antigravity-ide/brain/dcbb9252-e8f9-4468-852d-69b1e857299a/scratch/test_payment.php:48)
[stacktrace]
#0 {main}
"} 
[2026-08-07 11:39:35] local.WARNING: Appointment SMS failed: Call to undefined method App\Services\SmsService::sendAppointmentConfirmation()  
[2026-08-07 11:39:42] local.ERROR: Call to undefined method App\Models\MedicalTestBooking::generateBookingNumber() {"exception":"[object] (BadMethodCallException(code: 0): Call to undefined method App\\Models\\MedicalTestBooking::generateBookingNumber() at D:/laragon-new/laragon/www/hospital-management/vendor/laravel/framework/src/Illuminate/Support/Traits/ForwardsCalls.php:67)
[stacktrace]
#0 D:/laragon-new/laragon/www/hospital-management/vendor/laravel/framework/src/Illuminate/Support/Traits/ForwardsCalls.php(36): Illuminate/Database/Eloquent/Model::throwBadMethodCallException()
#1 D:/laragon-new/laragon/www/hospital-management/vendor/laravel/framework/src/Illuminate/Database/Eloquent/Model.php(2335): Illuminate/Database/Eloquent/Model->forwardCallTo()
#2 D:/laragon-new/laragon/www/hospital-management/vendor/laravel/framework/src/Illuminate/Database/Eloquent/Model.php(2347): Illuminate/Database/Eloquent/Model->__call()
#3 C:/Users/USER/.gemini/antigravity-ide/brain/dcbb9252-e8f9-4468-852d-69b1e857299a/scratch/test_payment.php(24): Illuminate/Database/Eloquent/Model::__callStatic()
#4 {main}
"} 
[2026-08-07 11:39:55] local.ERROR: SQLSTATE[HY000]: General error: 1364 Field 'test_code' doesn't have a default value (Connection: mysql, SQL: insert into `medical_test_booking_items` (`medical_test_id`, `test_name`, `medical_test_booking_id`, `updated_at`, `created_at`) values (1, Complete Blood Count (CBC) with ESR, 2, 2026-08-07 11:39:55, 2026-08-07 11:39:55)) {"exception":"[object] (Illuminate\\Database\\QueryException(code: HY000): SQLSTATE[HY000]: General error: 1364 Field 'test_code' doesn't have a default value (Connection: mysql, SQL: insert into `medical_test_booking_items` (`medical_test_id`, `test_name`, `medical_test_booking_id`, `updated_at`, `created_at`) values (1, Complete Blood Count (CBC) with ESR, 2, 2026-08-07 11:39:55, 2026-08-07 11:39:55)) at D:/laragon-new/laragon/www/hospital-management/vendor/laravel/framework/src/Illuminate/Database/Connection.php:829)
[stacktrace]
#0 D:/laragon-new/laragon/www/hospital-management/vendor/laravel/framework/src/Illuminate/Database/Connection.php(783): Illuminate/Database/Connection->runQueryCallback()
#1 D:/laragon-new/laragon/www/hospital-management/vendor/laravel/framework/src/Illuminate/Database/MySqlConnection.php(34): Illuminate/Database/Connection->run()
#2 D:/laragon-new/laragon/www/hospital-management/vendor/laravel/framework/src/Illuminate/Database/Query/Processors/MySqlProcessor.php(35): Illuminate/Database/MySqlConnection->insert()
#3 D:/laragon-new/laragon/www/hospital-management/vendor/laravel/framework/src/Illuminate/Database/Query/Builder.php(3549): Illuminate/Database/Query/Processors/MySqlProcessor->processInsertGetId()
#4 D:/laragon-new/laragon/www/hospital-management/vendor/laravel/framework/src/Illuminate/Database/Eloquent/Builder.php(1982): Illuminate/Database/Query/Builder->insertGetId()
#5 D:/laragon-new/laragon/www/hospital-management/vendor/laravel/framework/src/Illuminate/Database/Eloquent/Model.php(1334): Illuminate/Database/Eloquent/Builder->__call()
#6 D:/laragon-new/laragon/www/hospital-management/vendor/laravel/framework/src/Illuminate/Database/Eloquent/Model.php(1299): Illuminate/Database/Eloquent/Model->insertAndSetId()
#7 D:/laragon-new/laragon/www/hospital-management/vendor/laravel/framework/src/Illuminate/Database/Eloquent/Model.php(1138): Illuminate/Database/Eloquent/Model->performInsert()
#8 D:/laragon-new/laragon/www/hospital-management/vendor/laravel/framework/src/Illuminate/Database/Eloquent/Relations/HasOneOrMany.php(342): Illuminate/Database/Eloquent/Model->save()
#9 D:/laragon-new/laragon/www/hospital-management/vendor/laravel/framework/src/Illuminate/Support/helpers.php(320): Illuminate/Database/Eloquent/Relations/HasOneOrMany->{closure:Illuminate/Database/Eloquent/Relations/HasOneOrMany::create():339}()
#10 D:/laragon-new/laragon/www/hospital-management/vendor/laravel/framework/src/Illuminate/Database/Eloquent/Relations/HasOneOrMany.php(339): tap()
#11 C:/Users/USER/.gemini/antigravity-ide/brain/dcbb9252-e8f9-4468-852d-69b1e857299a/scratch/test_payment.php(36): Illuminate/Database/Eloquent/Relations/HasOneOrMany->create()
#12 {main}

[previous exception] [object] (PDOException(code: HY000): SQLSTATE[HY000]: General error: 1364 Field 'test_code' doesn't have a default value at D:/laragon-new/laragon/www/hospital-management/vendor/laravel/framework/src/Illuminate/Database/MySqlConnection.php:45)
[stacktrace]
#0 D:/laragon-new/laragon/www/hospital-management/vendor/laravel/framework/src/Illuminate/Database/MySqlConnection.php(45): PDOStatement->execute()
#1 D:/laragon-new/laragon/www/hospital-management/vendor/laravel/framework/src/Illuminate/Database/Connection.php(816): Illuminate/Database/MySqlConnection->{closure:Illuminate/Database/MySqlConnection::insert():34}()
#2 D:/laragon-new/laragon/www/hospital-management/vendor/laravel/framework/src/Illuminate/Database/Connection.php(783): Illuminate/Database/Connection->runQueryCallback()
#3 D:/laragon-new/laragon/www/hospital-management/vendor/laravel/framework/src/Illuminate/Database/MySqlConnection.php(34): Illuminate/Database/Connection->run()
#4 D:/laragon-new/laragon/www/hospital-management/vendor/laravel/framework/src/Illuminate/Database/Query/Processors/MySqlProcessor.php(35): Illuminate/Database/MySqlConnection->insert()
#5 D:/laragon-new/laragon/www/hospital-management/vendor/laravel/framework/src/Illuminate/Database/Query/Builder.php(3549): Illuminate/Database/Query/Processors/MySqlProcessor->processInsertGetId()
#6 D:/laragon-new/laragon/www/hospital-management/vendor/laravel/framework/src/Illuminate/Database/Eloquent/Builder.php(1982): Illuminate/Database/Query/Builder->insertGetId()
#7 D:/laragon-new/laragon/www/hospital-management/vendor/laravel/framework/src/Illuminate/Database/Eloquent/Model.php(1334): Illuminate/Database/Eloquent/Builder->__call()
#8 D:/laragon-new/laragon/www/hospital-management/vendor/laravel/framework/src/Illuminate/Database/Eloquent/Model.php(1299): Illuminate/Database/Eloquent/Model->insertAndSetId()
#9 D:/laragon-new/laragon/www/hospital-management/vendor/laravel/framework/src/Illuminate/Database/Eloquent/Model.php(1138): Illuminate/Database/Eloquent/Model->performInsert()
#10 D:/laragon-new/laragon/www/hospital-management/vendor/laravel/framework/src/Illuminate/Database/Eloquent/Relations/HasOneOrMany.php(342): Illuminate/Database/Eloquent/Model->save()
#11 D:/laragon-new/laragon/www/hospital-management/vendor/laravel/framework/src/Illuminate/Support/helpers.php(320): Illuminate/Database/Eloquent/Relations/HasOneOrMany->{closure:Illuminate/Database/Eloquent/Relations/HasOneOrMany::create():339}()
#12 D:/laragon-new/laragon/www/hospital-management/vendor/laravel/framework/src/Illuminate/Database/Eloquent/Relations/HasOneOrMany.php(339): tap()
#13 C:/Users/USER/.gemini/antigravity-ide/brain/dcbb9252-e8f9-4468-852d-69b1e857299a/scratch/test_payment.php(36): Illuminate/Database/Eloquent/Relations/HasOneOrMany->create()
#14 {main}
"} 
[2026-08-07 11:40:04] local.WARNING: Medical Test Booking SMS failed: Call to undefined method App\Services\SmsService::sendTestBookingConfirmation()  
[2026-08-07 11:40:57] local.WARNING: Medical Test Booking SMS failed: Call to undefined method App\Services\SmsService::sendTestBookingConfirmation()  
[2026-08-07 11:42:04] local.ERROR: Auth guard [agent] is not defined. {"view":{"view":"D:\\laragon-new\\laragon\\www\\hospital-management\\resources\\views\\payment\\receipt.blade.php","data":[]},"userId":2,"exception":"[object] (Spatie\\LaravelIgnition\\Exceptions\\ViewException(code: 0): Auth guard [agent] is not defined. at D:/laragon-new/laragon/www/hospital-management/vendor/laravel/framework/src/Illuminate/Auth/AuthManager.php:86)
[stacktrace]
#0 D:/laragon-new/laragon/www/hospital-management/vendor/laravel/framework/src/Illuminate/Auth/AuthManager.php(70): Illuminate/Auth/AuthManager->resolve()
#1 D:/laragon-new/laragon/www/hospital-management/resources/views/payment/receipt.blade.php(99): Illuminate/Auth/AuthManager->guard()
#2 D:/laragon-new/laragon/www/hospital-management/vendor/laravel/framework/src/Illuminate/Filesystem/Filesystem.php(123): require('...')
#3 D:/laragon-new/laragon/www/hospital-management/vendor/laravel/framework/src/Illuminate/Filesystem/Filesystem.php(124): Illuminate/Filesystem/Filesystem::{closure:Illuminate/Filesystem/Filesystem::getRequire():120}()
#4 D:/laragon-new/laragon/www/hospital-management/vendor/laravel/framework/src/Illuminate/View/Engines/PhpEngine.php(58): Illuminate/Filesystem/Filesystem->getRequire()
#5 D:/laragon-new/laragon/www/hospital-management/vendor/laravel/framework/src/Illuminate/View/Engines/CompilerEngine.php(72): Illuminate/View/Engines/PhpEngine->evaluatePath()
#6 D:/laragon-new/laragon/www/hospital-management/vendor/laravel/framework/src/Illuminate/View/View.php(207): Illuminate/View/Engines/CompilerEngine->get()
#7 D:/laragon-new/laragon/www/hospital-management/vendor/laravel/framework/src/Illuminate/View/View.php(190): Illuminate/View/View->getContents()
#8 D:/laragon-new/laragon/www/hospital-management/vendor/laravel/framework/src/Illuminate/View/View.php(159): Illuminate/View/View->renderContents()
#9 D:/laragon-new/laragon/www/hospital-management/vendor/laravel/framework/src/Illuminate/Http/Response.php(69): Illuminate/View/View->render()
#10 D:/laragon-new/laragon/www/hospital-management/vendor/laravel/framework/src/Illuminate/Http/Response.php(35): Illuminate/Http/Response->setContent()
#11 D:/laragon-new/laragon/www/hospital-management/vendor/laravel/framework/src/Illuminate/Routing/Router.php(918): Illuminate/Http/Response->__construct()
#12 D:/laragon-new/laragon/www/hospital-management/vendor/laravel/framework/src/Illuminate/Routing/Router.php(885): Illuminate/Routing/Router::toResponse()
#13 D:/laragon-new/laragon/www/hospital-management/vendor/laravel/framework/src/Illuminate/Routing/Router.php(805): Illuminate/Routing/Router->prepareResponse()
#14 D:/laragon-new/laragon/www/hospital-management/vendor/laravel/framework/src/Illuminate/Pipeline/Pipeline.php(144): Illuminate/Routing/Router->{closure:Illuminate/Routing/Router::runRouteWithinStack():805}()
#15 D:/laragon-new/laragon/www/hospital-management/vendor/laravel/framework/src/Illuminate/Http/Middleware/AddLinkHeadersForPreloadedAssets.php(20): Illuminate/Pipeline/Pipeline->{closure:Illuminate/Pipeline/Pipeline::prepareDestination():142}()
#16 D:/laragon-new/laragon/www/hospital-management/vendor/laravel/framework/src/Illuminate/Pipeline/Pipeline.php(183): Illuminate/Http/Middleware/AddLinkHeadersForPreloadedAssets->handle()
#17 D:/laragon-new/laragon/www/hospital-management/vendor/inertiajs/inertia-laravel/src/Middleware.php(87): Illuminate/Pipeline/Pipeline->{closure:{closure:Illuminate/Pipeline/Pipeline::carry():158}:159}()
#18 D:/laragon-new/laragon/www/hospital-management/vendor/laravel/framework/src/Illuminate/Pipeline/Pipeline.php(183): Inertia/Middleware->handle()
#19 D:/laragon-new/laragon/www/hospital-management/app/Http/Middleware/SetLocale.php(35): Illuminate/Pipeline/Pipeline->{closure:{closure:Illuminate/Pipeline/Pipeline::carry():158}:159}()
#20 D:/laragon-new/laragon/www/hospital-management/vendor/laravel/framework/src/Illuminate/Pipeline/Pipeline.php(183): App/Http/Middleware/SetLocale->handle()
#21 D:/laragon-new/laragon/www/hospital-management/vendor/laravel/framework/src/Illuminate/Routing/Middleware/SubstituteBindings.php(50): Illuminate/Pipeline/Pipeline->{closure:{closure:Illuminate/Pipeline/Pipeline::carry():158}:159}()
#22 D:/laragon-new/laragon/www/hospital-management/vendor/laravel/framework/src/Illuminate/Pipeline/Pipeline.php(183): Illuminate/Routing/Middleware/SubstituteBindings->handle()
#23 D:/laragon-new/laragon/www/hospital-management/vendor/laravel/framework/src/Illuminate/Foundation/Http/Middleware/VerifyCsrfToken.php(78): Illuminate/Pipeline/Pipeline->{closure:{closure:Illuminate/Pipeline/Pipeline::carry():158}:159}()
#24 D:/laragon-new/laragon/www/hospital-management/vendor/laravel/framework/src/Illuminate/Pipeline/Pipeline.php(183): Illuminate/Foundation/Http/Middleware/VerifyCsrfToken->handle()
#25 D:/laragon-new/laragon/www/hospital-management/vendor/laravel/framework/src/Illuminate/View/Middleware/ShareErrorsFromSession.php(49): Illuminate/Pipeline/Pipeline->{closure:{closure:Illuminate/Pipeline/Pipeline::carry():158}:159}()
#26 D:/laragon-new/laragon/www/hospital-management/vendor/laravel/framework/src/Illuminate/Pipeline/Pipeline.php(183): Illuminate/View/Middleware/ShareErrorsFromSession->handle()
#27 D:/laragon-new/laragon/www/hospital-management/vendor/laravel/framework/src/Illuminate/Session/Middleware/StartSession.php(121): Illuminate/Pipeline/Pipeline->{closure:{closure:Illuminate/Pipeline/Pipeline::carry():158}:159}()
#28 D:/laragon-new/laragon/www/hospital-management/vendor/laravel/framework/src/Illuminate/Session/Middleware/StartSession.php(64): Illuminate/Session/Middleware/StartSession->handleStatefulRequest()
#29 D:/laragon-new/laragon/www/hospital-management/vendor/laravel/framework/src/Illuminate/Pipeline/Pipeline.php(183): Illuminate/Session/Middleware/StartSession->handle()
#30 D:/laragon-new/laragon/www/hospital-management/vendor/laravel/framework/src/Illuminate/Cookie/Middleware/AddQueuedCookiesToResponse.php(37): Illuminate/Pipeline/Pipeline->{closure:{closure:Illuminate/Pipeline/Pipeline::carry():158}:159}()
#31 D:/laragon-new/laragon/www/hospital-management/vendor/laravel/framework/src/Illuminate/Pipeline/Pipeline.php(183): Illuminate/Cookie/Middleware/AddQueuedCookiesToResponse->handle()
#32 D:/laragon-new/laragon/www/hospital-management/vendor/laravel/framework/src/Illuminate/Cookie/Middleware/EncryptCookies.php(67): Illuminate/Pipeline/Pipeline->{closure:{closure:Illuminate/Pipeline/Pipeline::carry():158}:159}()
#33 D:/laragon-new/laragon/www/hospital-management/vendor/laravel/framework/src/Illuminate/Pipeline/Pipeline.php(183): Illuminate/Cookie/Middleware/EncryptCookies->handle()
#34 D:/laragon-new/laragon/www/hospital-management/vendor/laravel/framework/src/Illuminate/Pipeline/Pipeline.php(119): Illuminate/Pipeline/Pipeline->{closure:{closure:Illuminate/Pipeline/Pipeline::carry():158}:159}()
#35 D:/laragon-new/laragon/www/hospital-management/vendor/laravel/framework/src/Illuminate/Routing/Router.php(805): Illuminate/Pipeline/Pipeline->then()
#36 D:/laragon-new/laragon/www/hospital-management/vendor/laravel/framework/src/Illuminate/Routing/Router.php(784): Illuminate/Routing/Router->runRouteWithinStack()
#37 D:/laragon-new/laragon/www/hospital-management/vendor/laravel/framework/src/Illuminate/Routing/Router.php(748): Illuminate/Routing/Router->runRoute()
#38 D:/laragon-new/laragon/www/hospital-management/vendor/laravel/framework/src/Illuminate/Routing/Router.php(737): Illuminate/Routing/Router->dispatchToRoute()
#39 D:/laragon-new/laragon/www/hospital-management/vendor/laravel/framework/src/Illuminate/Foundation/Http/Kernel.php(200): Illuminate/Routing/Router->dispatch()
#40 D:/laragon-new/laragon/www/hospital-management/vendor/laravel/framework/src/Illuminate/Pipeline/Pipeline.php(144): Illuminate/Foundation/Http/Kernel->{closure:Illuminate/Foundation/Http/Kernel::dispatchToRouter():197}()
#41 D:/laragon-new/laragon/www/hospital-management/vendor/laravel/framework/src/Illuminate/Foundation/Http/Middleware/TransformsRequest.php(21): Illuminate/Pipeline/Pipeline->{closure:Illuminate/Pipeline/Pipeline::prepareDestination():142}()
#42 D:/laragon-new/laragon/www/hospital-management/vendor/laravel/framework/src/Illuminate/Foundation/Http/Middleware/ConvertEmptyStringsToNull.php(31): Illuminate/Foundation/Http/Middleware/TransformsRequest->handle()
#43 D:/laragon-new/laragon/www/hospital-management/vendor/laravel/framework/src/Illuminate/Pipeline/Pipeline.php(183): Illuminate/Foundation/Http/Middleware/ConvertEmptyStringsToNull->handle()
#44 D:/laragon-new/laragon/www/hospital-management/vendor/laravel/framework/src/Illuminate/Foundation/Http/Middleware/TransformsRequest.php(21): Illuminate/Pipeline/Pipeline->{closure:{closure:Illuminate/Pipeline/Pipeline::carry():158}:159}()
#45 D:/laragon-new/laragon/www/hospital-management/vendor/laravel/framework/src/Illuminate/Foundation/Http/Middleware/TrimStrings.php(40): Illuminate/Foundation/Http/Middleware/TransformsRequest->handle()
#46 D:/laragon-new/laragon/www/hospital-management/vendor/laravel/framework/src/Illuminate/Pipeline/Pipeline.php(183): Illuminate/Foundation/Http/Middleware/TrimStrings->handle()
#47 D:/laragon-new/laragon/www/hospital-management/vendor/laravel/framework/src/Illuminate/Foundation/Http/Middleware/ValidatePostSize.php(27): Illuminate/Pipeline/Pipeline->{closure:{closure:Illuminate/Pipeline/Pipeline::carry():158}:159}()
#48 D:/laragon-new/laragon/www/hospital-management/vendor/laravel/framework/src/Illuminate/Pipeline/Pipeline.php(183): Illuminate/Foundation/Http/Middleware/ValidatePostSize->handle()
#49 D:/laragon-new/laragon/www/hospital-management/vendor/laravel/framework/src/Illuminate/Foundation/Http/Middleware/PreventRequestsDuringMaintenance.php(99): Illuminate/Pipeline/Pipeline->{closure:{closure:Illuminate/Pipeline/Pipeline::carry():158}:159}()
#50 D:/laragon-new/laragon/www/hospital-management/vendor/laravel/framework/src/Illuminate/Pipeline/Pipeline.php(183): Illuminate/Foundation/Http/Middleware/PreventRequestsDuringMaintenance->handle()
#51 D:/laragon-new/laragon/www/hospital-management/vendor/laravel/framework/src/Illuminate/Http/Middleware/HandleCors.php(49): Illuminate/Pipeline/Pipeline->{closure:{closure:Illuminate/Pipeline/Pipeline::carry():158}:159}()
#52 D:/laragon-new/laragon/www/hospital-management/vendor/laravel/framework/src/Illuminate/Pipeline/Pipeline.php(183): Illuminate/Http/Middleware/HandleCors->handle()
#53 D:/laragon-new/laragon/www/hospital-management/vendor/laravel/framework/src/Illuminate/Http/Middleware/TrustProxies.php(39): Illuminate/Pipeline/Pipeline->{closure:{closure:Illuminate/Pipeline/Pipeline::carry():158}:159}()
#54 D:/laragon-new/laragon/www/hospital-management/vendor/laravel/framework/src/Illuminate/Pipeline/Pipeline.php(183): Illuminate/Http/Middleware/TrustProxies->handle()
#55 D:/laragon-new/laragon/www/hospital-management/vendor/laravel/framework/src/Illuminate/Pipeline/Pipeline.php(119): Illuminate/Pipeline/Pipeline->{closure:{closure:Illuminate/Pipeline/Pipeline::carry():158}:159}()
#56 D:/laragon-new/laragon/www/hospital-management/vendor/laravel/framework/src/Illuminate/Foundation/Http/Kernel.php(175): Illuminate/Pipeline/Pipeline->then()
#57 D:/laragon-new/laragon/www/hospital-management/vendor/laravel/framework/src/Illuminate/Foundation/Http/Kernel.php(144): Illuminate/Foundation/Http/Kernel->sendRequestThroughRouter()
#58 D:/laragon-new/laragon/www/hospital-management/public/index.php(55): Illuminate/Foundation/Http/Kernel->handle()
#59 D:/laragon-new/laragon/www/hospital-management/vendor/laravel/framework/src/Illuminate/Foundation/resources/server.php(16): require_once('...')
#60 {main}

[previous exception] [object] (InvalidArgumentException(code: 0): Auth guard [agent] is not defined. at D:/laragon-new/laragon/www/hospital-management/vendor/laravel/framework/src/Illuminate/Auth/AuthManager.php:86)
[stacktrace]
#0 D:/laragon-new/laragon/www/hospital-management/vendor/laravel/framework/src/Illuminate/Auth/AuthManager.php(70): Illuminate/Auth/AuthManager->resolve()
#1 D:/laragon-new/laragon/www/hospital-management/storage/framework/views/9ebb322b71fd9d6806f658ca3875fde6.php(100): Illuminate/Auth/AuthManager->guard()
#2 D:/laragon-new/laragon/www/hospital-management/vendor/laravel/framework/src/Illuminate/Filesystem/Filesystem.php(123): require('...')
#3 D:/laragon-new/laragon/www/hospital-management/vendor/laravel/framework/src/Illuminate/Filesystem/Filesystem.php(124): Illuminate/Filesystem/Filesystem::{closure:Illuminate/Filesystem/Filesystem::getRequire():120}()
#4 D:/laragon-new/laragon/www/hospital-management/vendor/laravel/framework/src/Illuminate/View/Engines/PhpEngine.php(58): Illuminate/Filesystem/Filesystem->getRequire()
#5 D:/laragon-new/laragon/www/hospital-management/vendor/laravel/framework/src/Illuminate/View/Engines/CompilerEngine.php(72): Illuminate/View/Engines/PhpEngine->evaluatePath()
#6 D:/laragon-new/laragon/www/hospital-management/vendor/laravel/framework/src/Illuminate/View/View.php(207): Illuminate/View/Engines/CompilerEngine->get()
#7 D:/laragon-new/laragon/www/hospital-management/vendor/laravel/framework/src/Illuminate/View/View.php(190): Illuminate/View/View->getContents()
#8 D:/laragon-new/laragon/www/hospital-management/vendor/laravel/framework/src/Illuminate/View/View.php(159): Illuminate/View/View->renderContents()
#9 D:/laragon-new/laragon/www/hospital-management/vendor/laravel/framework/src/Illuminate/Http/Response.php(69): Illuminate/View/View->render()
#10 D:/laragon-new/laragon/www/hospital-management/vendor/laravel/framework/src/Illuminate/Http/Response.php(35): Illuminate/Http/Response->setContent()
#11 D:/laragon-new/laragon/www/hospital-management/vendor/laravel/framework/src/Illuminate/Routing/Router.php(918): Illuminate/Http/Response->__construct()
#12 D:/laragon-new/laragon/www/hospital-management/vendor/laravel/framework/src/Illuminate/Routing/Router.php(885): Illuminate/Routing/Router::toResponse()
#13 D:/laragon-new/laragon/www/hospital-management/vendor/laravel/framework/src/Illuminate/Routing/Router.php(805): Illuminate/Routing/Router->prepareResponse()
#14 D:/laragon-new/laragon/www/hospital-management/vendor/laravel/framework/src/Illuminate/Pipeline/Pipeline.php(144): Illuminate/Routing/Router->{closure:Illuminate/Routing/Router::runRouteWithinStack():805}()
#15 D:/laragon-new/laragon/www/hospital-management/vendor/laravel/framework/src/Illuminate/Http/Middleware/AddLinkHeadersForPreloadedAssets.php(20): Illuminate/Pipeline/Pipeline->{closure:Illuminate/Pipeline/Pipeline::prepareDestination():142}()
#16 D:/laragon-new/laragon/www/hospital-management/vendor/laravel/framework/src/Illuminate/Pipeline/Pipeline.php(183): Illuminate/Http/Middleware/AddLinkHeadersForPreloadedAssets->handle()
#17 D:/laragon-new/laragon/www/hospital-management/vendor/inertiajs/inertia-laravel/src/Middleware.php(87): Illuminate/Pipeline/Pipeline->{closure:{closure:Illuminate/Pipeline/Pipeline::carry():158}:159}()
#18 D:/laragon-new/laragon/www/hospital-management/vendor/laravel/framework/src/Illuminate/Pipeline/Pipeline.php(183): Inertia/Middleware->handle()
#19 D:/laragon-new/laragon/www/hospital-management/app/Http/Middleware/SetLocale.php(35): Illuminate/Pipeline/Pipeline->{closure:{closure:Illuminate/Pipeline/Pipeline::carry():158}:159}()
#20 D:/laragon-new/laragon/www/hospital-management/vendor/laravel/framework/src/Illuminate/Pipeline/Pipeline.php(183): App/Http/Middleware/SetLocale->handle()
#21 D:/laragon-new/laragon/www/hospital-management/vendor/laravel/framework/src/Illuminate/Routing/Middleware/SubstituteBindings.php(50): Illuminate/Pipeline/Pipeline->{closure:{closure:Illuminate/Pipeline/Pipeline::carry():158}:159}()
#22 D:/laragon-new/laragon/www/hospital-management/vendor/laravel/framework/src/Illuminate/Pipeline/Pipeline.php(183): Illuminate/Routing/Middleware/SubstituteBindings->handle()
#23 D:/laragon-new/laragon/www/hospital-management/vendor/laravel/framework/src/Illuminate/Foundation/Http/Middleware/VerifyCsrfToken.php(78): Illuminate/Pipeline/Pipeline->{closure:{closure:Illuminate/Pipeline/Pipeline::carry():158}:159}()
#24 D:/laragon-new/laragon/www/hospital-management/vendor/laravel/framework/src/Illuminate/Pipeline/Pipeline.php(183): Illuminate/Foundation/Http/Middleware/VerifyCsrfToken->handle()
#25 D:/laragon-new/laragon/www/hospital-management/vendor/laravel/framework/src/Illuminate/View/Middleware/ShareErrorsFromSession.php(49): Illuminate/Pipeline/Pipeline->{closure:{closure:Illuminate/Pipeline/Pipeline::carry():158}:159}()
#26 D:/laragon-new/laragon/www/hospital-management/vendor/laravel/framework/src/Illuminate/Pipeline/Pipeline.php(183): Illuminate/View/Middleware/ShareErrorsFromSession->handle()
#27 D:/laragon-new/laragon/www/hospital-management/vendor/laravel/framework/src/Illuminate/Session/Middleware/StartSession.php(121): Illuminate/Pipeline/Pipeline->{closure:{closure:Illuminate/Pipeline/Pipeline::carry():158}:159}()
#28 D:/laragon-new/laragon/www/hospital-management/vendor/laravel/framework/src/Illuminate/Session/Middleware/StartSession.php(64): Illuminate/Session/Middleware/StartSession->handleStatefulRequest()
#29 D:/laragon-new/laragon/www/hospital-management/vendor/laravel/framework/src/Illuminate/Pipeline/Pipeline.php(183): Illuminate/Session/Middleware/StartSession->handle()
#30 D:/laragon-new/laragon/www/hospital-management/vendor/laravel/framework/src/Illuminate/Cookie/Middleware/AddQueuedCookiesToResponse.php(37): Illuminate/Pipeline/Pipeline->{closure:{closure:Illuminate/Pipeline/Pipeline::carry():158}:159}()
#31 D:/laragon-new/laragon/www/hospital-management/vendor/laravel/framework/src/Illuminate/Pipeline/Pipeline.php(183): Illuminate/Cookie/Middleware/AddQueuedCookiesToResponse->handle()
#32 D:/laragon-new/laragon/www/hospital-management/vendor/laravel/framework/src/Illuminate/Cookie/Middleware/EncryptCookies.php(67): Illuminate/Pipeline/Pipeline->{closure:{closure:Illuminate/Pipeline/Pipeline::carry():158}:159}()
#33 D:/laragon-new/laragon/www/hospital-management/vendor/laravel/framework/src/Illuminate/Pipeline/Pipeline.php(183): Illuminate/Cookie/Middleware/EncryptCookies->handle()
#34 D:/laragon-new/laragon/www/hospital-management/vendor/laravel/framework/src/Illuminate/Pipeline/Pipeline.php(119): Illuminate/Pipeline/Pipeline->{closure:{closure:Illuminate/Pipeline/Pipeline::carry():158}:159}()
#35 D:/laragon-new/laragon/www/hospital-management/vendor/laravel/framework/src/Illuminate/Routing/Router.php(805): Illuminate/Pipeline/Pipeline->then()
#36 D:/laragon-new/laragon/www/hospital-management/vendor/laravel/framework/src/Illuminate/Routing/Router.php(784): Illuminate/Routing/Router->runRouteWithinStack()
#37 D:/laragon-new/laragon/www/hospital-management/vendor/laravel/framework/src/Illuminate/Routing/Router.php(748): Illuminate/Routing/Router->runRoute()
#38 D:/laragon-new/laragon/www/hospital-management/vendor/laravel/framework/src/Illuminate/Routing/Router.php(737): Illuminate/Routing/Router->dispatchToRoute()
#39 D:/laragon-new/laragon/www/hospital-management/vendor/laravel/framework/src/Illuminate/Foundation/Http/Kernel.php(200): Illuminate/Routing/Router->dispatch()
#40 D:/laragon-new/laragon/www/hospital-management/vendor/laravel/framework/src/Illuminate/Pipeline/Pipeline.php(144): Illuminate/Foundation/Http/Kernel->{closure:Illuminate/Foundation/Http/Kernel::dispatchToRouter():197}()
#41 D:/laragon-new/laragon/www/hospital-management/vendor/laravel/framework/src/Illuminate/Foundation/Http/Middleware/TransformsRequest.php(21): Illuminate/Pipeline/Pipeline->{closure:Illuminate/Pipeline/Pipeline::prepareDestination():142}()
#42 D:/laragon-new/laragon/www/hospital-management/vendor/laravel/framework/src/Illuminate/Foundation/Http/Middleware/ConvertEmptyStringsToNull.php(31): Illuminate/Foundation/Http/Middleware/TransformsRequest->handle()
#43 D:/laragon-new/laragon/www/hospital-management/vendor/laravel/framework/src/Illuminate/Pipeline/Pipeline.php(183): Illuminate/Foundation/Http/Middleware/ConvertEmptyStringsToNull->handle()
#44 D:/laragon-new/laragon/www/hospital-management/vendor/laravel/framework/src/Illuminate/Foundation/Http/Middleware/TransformsRequest.php(21): Illuminate/Pipeline/Pipeline->{closure:{closure:Illuminate/Pipeline/Pipeline::carry():158}:159}()
#45 D:/laragon-new/laragon/www/hospital-management/vendor/laravel/framework/src/Illuminate/Foundation/Http/Middleware/TrimStrings.php(40): Illuminate/Foundation/Http/Middleware/TransformsRequest->handle()
#46 D:/laragon-new/laragon/www/hospital-management/vendor/laravel/framework/src/Illuminate/Pipeline/Pipeline.php(183): Illuminate/Foundation/Http/Middleware/TrimStrings->handle()
#47 D:/laragon-new/laragon/www/hospital-management/vendor/laravel/framework/src/Illuminate/Foundation/Http/Middleware/ValidatePostSize.php(27): Illuminate/Pipeline/Pipeline->{closure:{closure:Illuminate/Pipeline/Pipeline::carry():158}:159}()
#48 D:/laragon-new/laragon/www/hospital-management/vendor/laravel/framework/src/Illuminate/Pipeline/Pipeline.php(183): Illuminate/Foundation/Http/Middleware/ValidatePostSize->handle()
#49 D:/laragon-new/laragon/www/hospital-management/vendor/laravel/framework/src/Illuminate/Foundation/Http/Middleware/PreventRequestsDuringMaintenance.php(99): Illuminate/Pipeline/Pipeline->{closure:{closure:Illuminate/Pipeline/Pipeline::carry():158}:159}()
#50 D:/laragon-new/laragon/www/hospital-management/vendor/laravel/framework/src/Illuminate/Pipeline/Pipeline.php(183): Illuminate/Foundation/Http/Middleware/PreventRequestsDuringMaintenance->handle()
#51 D:/laragon-new/laragon/www/hospital-management/vendor/laravel/framework/src/Illuminate/Http/Middleware/HandleCors.php(49): Illuminate/Pipeline/Pipeline->{closure:{closure:Illuminate/Pipeline/Pipeline::carry():158}:159}()
#52 D:/laragon-new/laragon/www/hospital-management/vendor/laravel/framework/src/Illuminate/Pipeline/Pipeline.php(183): Illuminate/Http/Middleware/HandleCors->handle()
#53 D:/laragon-new/laragon/www/hospital-management/vendor/laravel/framework/src/Illuminate/Http/Middleware/TrustProxies.php(39): Illuminate/Pipeline/Pipeline->{closure:{closure:Illuminate/Pipeline/Pipeline::carry():158}:159}()
#54 D:/laragon-new/laragon/www/hospital-management/vendor/laravel/framework/src/Illuminate/Pipeline/Pipeline.php(183): Illuminate/Http/Middleware/TrustProxies->handle()
#55 D:/laragon-new/laragon/www/hospital-management/vendor/laravel/framework/src/Illuminate/Pipeline/Pipeline.php(119): Illuminate/Pipeline/Pipeline->{closure:{closure:Illuminate/Pipeline/Pipeline::carry():158}:159}()
#56 D:/laragon-new/laragon/www/hospital-management/vendor/laravel/framework/src/Illuminate/Foundation/Http/Kernel.php(175): Illuminate/Pipeline/Pipeline->then()
#57 D:/laragon-new/laragon/www/hospital-management/vendor/laravel/framework/src/Illuminate/Foundation/Http/Kernel.php(144): Illuminate/Foundation/Http/Kernel->sendRequestThroughRouter()
#58 D:/laragon-new/laragon/www/hospital-management/public/index.php(55): Illuminate/Foundation/Http/Kernel->handle()
#59 D:/laragon-new/laragon/www/hospital-management/vendor/laravel/framework/src/Illuminate/Foundation/resources/server.php(16): require_once('...')
#60 {main}
"} 
[2026-08-07 11:42:51] local.ERROR: PHP Parse error: Syntax error, unexpected T_NS_SEPARATOR on line 1 {"exception":"[object] (Psy\\Exception\\ParseErrorException(code: 0): PHP Parse error: Syntax error, unexpected T_NS_SEPARATOR on line 1 at D:/laragon-new/laragon/www/hospital-management/vendor/psy/psysh/src/Exception/ParseErrorException.php:44)
[stacktrace]
#0 D:/laragon-new/laragon/www/hospital-management/vendor/psy/psysh/src/CodeCleaner.php(657): Psy/Exception/ParseErrorException::fromParseError()
#1 D:/laragon-new/laragon/www/hospital-management/vendor/psy/psysh/src/CodeCleaner.php(273): Psy/CodeCleaner->parse()
#2 D:/laragon-new/laragon/www/hospital-management/vendor/psy/psysh/src/Shell.php(1364): Psy/CodeCleaner->clean()
#3 D:/laragon-new/laragon/www/hospital-management/vendor/psy/psysh/src/Shell.php(1471): Psy/Shell->appendCode()
#4 D:/laragon-new/laragon/www/hospital-management/vendor/psy/psysh/src/Shell.php(2180): Psy/Shell->setCode()
#5 D:/laragon-new/laragon/www/hospital-management/vendor/laravel/tinker/src/Console/TinkerCommand.php(77): Psy/Shell->execute()
#6 D:/laragon-new/laragon/www/hospital-management/vendor/laravel/framework/src/Illuminate/Container/BoundMethod.php(36): Laravel/Tinker/Console/TinkerCommand->handle()
#7 D:/laragon-new/laragon/www/hospital-management/vendor/laravel/framework/src/Illuminate/Container/Util.php(41): Illuminate/Container/BoundMethod::{closure:Illuminate/Container/BoundMethod::call():35}()
#8 D:/laragon-new/laragon/www/hospital-management/vendor/laravel/framework/src/Illuminate/Container/BoundMethod.php(93): Illuminate/Container/Util::unwrapIfClosure()
#9 D:/laragon-new/laragon/www/hospital-management/vendor/laravel/framework/src/Illuminate/Container/BoundMethod.php(35): Illuminate/Container/BoundMethod::callBoundMethod()
#10 D:/laragon-new/laragon/www/hospital-management/vendor/laravel/framework/src/Illuminate/Container/Container.php(662): Illuminate/Container/BoundMethod::call()
#11 D:/laragon-new/laragon/www/hospital-management/vendor/laravel/framework/src/Illuminate/Console/Command.php(211): Illuminate/Container/Container->call()
#12 D:/laragon-new/laragon/www/hospital-management/vendor/symfony/console/Command/Command.php(326): Illuminate/Console/Command->execute()
#13 D:/laragon-new/laragon/www/hospital-management/vendor/laravel/framework/src/Illuminate/Console/Command.php(180): Symfony/Component/Console/Command/Command->run()
#14 D:/laragon-new/laragon/www/hospital-management/vendor/symfony/console/Application.php(1121): Illuminate/Console/Command->run()
#15 D:/laragon-new/laragon/www/hospital-management/vendor/symfony/console/Application.php(324): Symfony/Component/Console/Application->doRunCommand()
#16 D:/laragon-new/laragon/www/hospital-management/vendor/symfony/console/Application.php(175): Symfony/Component/Console/Application->doRun()
#17 D:/laragon-new/laragon/www/hospital-management/vendor/laravel/framework/src/Illuminate/Foundation/Console/Kernel.php(201): Symfony/Component/Console/Application->run()
#18 D:/laragon-new/laragon/www/hospital-management/artisan(35): Illuminate/Foundation/Console/Kernel->handle()
#19 {main}
"} 
[2026-08-07 11:42:59] local.WARNING: Appointment SMS failed: Call to undefined method App\Services\SmsService::sendAppointmentConfirmation()  
[2026-08-07 15:19:29] local.ERROR: SQLSTATE[HY000] [2002] No connection could be made because the target machine actively refused it (Connection: mysql, SQL: select table_name as `name`, (data_length + index_length) as `size`, table_comment as `comment`, engine as `engine`, table_collation as `collation` from information_schema.tables where table_schema = 'hospital-management' and table_type in ('BASE TABLE', 'SYSTEM VERSIONED') order by table_name) {"exception":"[object] (Illuminate\\Database\\QueryException(code: 2002): SQLSTATE[HY000] [2002] No connection could be made because the target machine actively refused it (Connection: mysql, SQL: select table_name as `name`, (data_length + index_length) as `size`, table_comment as `comment`, engine as `engine`, table_collation as `collation` from information_schema.tables where table_schema = 'hospital-management' and table_type in ('BASE TABLE', 'SYSTEM VERSIONED') order by table_name) at D:/laragon-new/laragon/www/hospital-management/vendor/laravel/framework/src/Illuminate/Database/Connection.php:829)
[stacktrace]
#0 D:/laragon-new/laragon/www/hospital-management/vendor/laravel/framework/src/Illuminate/Database/Connection.php(983): Illuminate/Database/Connection->runQueryCallback()
#1 D:/laragon-new/laragon/www/hospital-management/vendor/laravel/framework/src/Illuminate/Database/Connection.php(962): Illuminate/Database/Connection->tryAgainIfCausedByLostConnection()
#2 D:/laragon-new/laragon/www/hospital-management/vendor/laravel/framework/src/Illuminate/Database/Connection.php(785): Illuminate/Database/Connection->handleQueryException()
#3 D:/laragon-new/laragon/www/hospital-management/vendor/laravel/framework/src/Illuminate/Database/Connection.php(414): Illuminate/Database/Connection->run()
#4 D:/laragon-new/laragon/www/hospital-management/vendor/laravel/framework/src/Illuminate/Database/Connection.php(401): Illuminate/Database/Connection->select()
#5 D:/laragon-new/laragon/www/hospital-management/vendor/laravel/framework/src/Illuminate/Database/Schema/MySqlBuilder.php(41): Illuminate/Database/Connection->selectFromWriteConnection()
#6 D:/laragon-new/laragon/www/hospital-management/vendor/laravel/framework/src/Illuminate/Database/Schema/Builder.php(165): Illuminate/Database/Schema/MySqlBuilder->getTables()
#7 D:/laragon-new/laragon/www/hospital-management/vendor/laravel/framework/src/Illuminate/Database/Migrations/DatabaseMigrationRepository.php(184): Illuminate/Database/Schema/Builder->hasTable()
#8 D:/laragon-new/laragon/www/hospital-management/vendor/laravel/framework/src/Illuminate/Database/Migrations/Migrator.php(727): Illuminate/Database/Migrations/DatabaseMigrationRepository->repositoryExists()
#9 D:/laragon-new/laragon/www/hospital-management/vendor/laravel/framework/src/Illuminate/Database/Console/Migrations/MigrateCommand.php(140): Illuminate/Database/Migrations/Migrator->repositoryExists()
#10 D:/laragon-new/laragon/www/hospital-management/vendor/laravel/framework/src/Illuminate/Support/helpers.php(261): Illuminate/Database/Console/Migrations/MigrateCommand->{closure:Illuminate/Database/Console/Migrations/MigrateCommand::repositoryExists():140}()
#11 D:/laragon-new/laragon/www/hospital-management/vendor/laravel/framework/src/Illuminate/Database/Console/Migrations/MigrateCommand.php(140): retry()
#12 D:/laragon-new/laragon/www/hospital-management/vendor/laravel/framework/src/Illuminate/Database/Console/Migrations/MigrateCommand.php(116): Illuminate/Database/Console/Migrations/MigrateCommand->repositoryExists()
#13 D:/laragon-new/laragon/www/hospital-management/vendor/laravel/framework/src/Illuminate/Database/Console/Migrations/MigrateCommand.php(84): Illuminate/Database/Console/Migrations/MigrateCommand->prepareDatabase()
#14 D:/laragon-new/laragon/www/hospital-management/vendor/laravel/framework/src/Illuminate/Database/Migrations/Migrator.php(641): Illuminate/Database/Console/Migrations/MigrateCommand->{closure:Illuminate/Database/Console/Migrations/MigrateCommand::handle():83}()
#15 D:/laragon-new/laragon/www/hospital-management/vendor/laravel/framework/src/Illuminate/Database/Console/Migrations/MigrateCommand.php(83): Illuminate/Database/Migrations/Migrator->usingConnection()
#16 D:/laragon-new/laragon/www/hospital-management/vendor/laravel/framework/src/Illuminate/Container/BoundMethod.php(36): Illuminate/Database/Console/Migrations/MigrateCommand->handle()
#17 D:/laragon-new/laragon/www/hospital-management/vendor/laravel/framework/src/Illuminate/Container/Util.php(41): Illuminate/Container/BoundMethod::{closure:Illuminate/Container/BoundMethod::call():35}()
#18 D:/laragon-new/laragon/www/hospital-management/vendor/laravel/framework/src/Illuminate/Container/BoundMethod.php(93): Illuminate/Container/Util::unwrapIfClosure()
#19 D:/laragon-new/laragon/www/hospital-management/vendor/laravel/framework/src/Illuminate/Container/BoundMethod.php(35): Illuminate/Container/BoundMethod::callBoundMethod()
#20 D:/laragon-new/laragon/www/hospital-management/vendor/laravel/framework/src/Illuminate/Container/Container.php(662): Illuminate/Container/BoundMethod::call()
#21 D:/laragon-new/laragon/www/hospital-management/vendor/laravel/framework/src/Illuminate/Console/Command.php(211): Illuminate/Container/Container->call()
#22 D:/laragon-new/laragon/www/hospital-management/vendor/symfony/console/Command/Command.php(326): Illuminate/Console/Command->execute()
#23 D:/laragon-new/laragon/www/hospital-management/vendor/laravel/framework/src/Illuminate/Console/Command.php(180): Symfony/Component/Console/Command/Command->run()
#24 D:/laragon-new/laragon/www/hospital-management/vendor/symfony/console/Application.php(1121): Illuminate/Console/Command->run()
#25 D:/laragon-new/laragon/www/hospital-management/vendor/symfony/console/Application.php(324): Symfony/Component/Console/Application->doRunCommand()
#26 D:/laragon-new/laragon/www/hospital-management/vendor/symfony/console/Application.php(175): Symfony/Component/Console/Application->doRun()
#27 D:/laragon-new/laragon/www/hospital-management/vendor/laravel/framework/src/Illuminate/Foundation/Console/Kernel.php(201): Symfony/Component/Console/Application->run()
#28 D:/laragon-new/laragon/www/hospital-management/artisan(35): Illuminate/Foundation/Console/Kernel->handle()
#29 {main}

[previous exception] [object] (PDOException(code: 2002): SQLSTATE[HY000] [2002] No connection could be made because the target machine actively refused it at D:/laragon-new/laragon/www/hospital-management/vendor/laravel/framework/src/Illuminate/Database/Connectors/Connector.php:65)
[stacktrace]
#0 D:/laragon-new/laragon/www/hospital-management/vendor/laravel/framework/src/Illuminate/Database/Connectors/Connector.php(65): PDO->__construct()
#1 D:/laragon-new/laragon/www/hospital-management/vendor/laravel/framework/src/Illuminate/Database/Connectors/Connector.php(83): Illuminate/Database/Connectors/Connector->createPdoConnection()
#2 D:/laragon-new/laragon/www/hospital-management/vendor/laravel/framework/src/Illuminate/Database/Connectors/Connector.php(48): Illuminate/Database/Connectors/Connector->tryAgainIfCausedByLostConnection()
#3 D:/laragon-new/laragon/www/hospital-management/vendor/laravel/framework/src/Illuminate/Database/Connectors/MySqlConnector.php(24): Illuminate/Database/Connectors/Connector->createConnection()
#4 D:/laragon-new/laragon/www/hospital-management/vendor/laravel/framework/src/Illuminate/Database/Connectors/ConnectionFactory.php(184): Illuminate/Database/Connectors/MySqlConnector->connect()
#5 [internal function]: Illuminate/Database/Connectors/ConnectionFactory->{closure:Illuminate/Database/Connectors/ConnectionFactory::createPdoResolverWithHosts():179}()
#6 D:/laragon-new/laragon/www/hospital-management/vendor/laravel/framework/src/Illuminate/Database/Connection.php(1339): call_user_func()
#7 D:/laragon-new/laragon/www/hospital-management/vendor/laravel/framework/src/Illuminate/Database/Connection.php(528): Illuminate/Database/Connection->getPdo()
#8 D:/laragon-new/laragon/www/hospital-management/vendor/laravel/framework/src/Illuminate/Database/Connection.php(423): Illuminate/Database/Connection->getPdoForSelect()
#9 D:/laragon-new/laragon/www/hospital-management/vendor/laravel/framework/src/Illuminate/Database/Connection.php(816): Illuminate/Database/Connection->{closure:Illuminate/Database/Connection::select():414}()
#10 D:/laragon-new/laragon/www/hospital-management/vendor/laravel/framework/src/Illuminate/Database/Connection.php(983): Illuminate/Database/Connection->runQueryCallback()
#11 D:/laragon-new/laragon/www/hospital-management/vendor/laravel/framework/src/Illuminate/Database/Connection.php(962): Illuminate/Database/Connection->tryAgainIfCausedByLostConnection()
#12 D:/laragon-new/laragon/www/hospital-management/vendor/laravel/framework/src/Illuminate/Database/Connection.php(785): Illuminate/Database/Connection->handleQueryException()
#13 D:/laragon-new/laragon/www/hospital-management/vendor/laravel/framework/src/Illuminate/Database/Connection.php(414): Illuminate/Database/Connection->run()
#14 D:/laragon-new/laragon/www/hospital-management/vendor/laravel/framework/src/Illuminate/Database/Connection.php(401): Illuminate/Database/Connection->select()
#15 D:/laragon-new/laragon/www/hospital-management/vendor/laravel/framework/src/Illuminate/Database/Schema/MySqlBuilder.php(41): Illuminate/Database/Connection->selectFromWriteConnection()
#16 D:/laragon-new/laragon/www/hospital-management/vendor/laravel/framework/src/Illuminate/Database/Schema/Builder.php(165): Illuminate/Database/Schema/MySqlBuilder->getTables()
#17 D:/laragon-new/laragon/www/hospital-management/vendor/laravel/framework/src/Illuminate/Database/Migrations/DatabaseMigrationRepository.php(184): Illuminate/Database/Schema/Builder->hasTable()
#18 D:/laragon-new/laragon/www/hospital-management/vendor/laravel/framework/src/Illuminate/Database/Migrations/Migrator.php(727): Illuminate/Database/Migrations/DatabaseMigrationRepository->repositoryExists()
#19 D:/laragon-new/laragon/www/hospital-management/vendor/laravel/framework/src/Illuminate/Database/Console/Migrations/MigrateCommand.php(140): Illuminate/Database/Migrations/Migrator->repositoryExists()
#20 D:/laragon-new/laragon/www/hospital-management/vendor/laravel/framework/src/Illuminate/Support/helpers.php(261): Illuminate/Database/Console/Migrations/MigrateCommand->{closure:Illuminate/Database/Console/Migrations/MigrateCommand::repositoryExists():140}()
#21 D:/laragon-new/laragon/www/hospital-management/vendor/laravel/framework/src/Illuminate/Database/Console/Migrations/MigrateCommand.php(140): retry()
#22 D:/laragon-new/laragon/www/hospital-management/vendor/laravel/framework/src/Illuminate/Database/Console/Migrations/MigrateCommand.php(116): Illuminate/Database/Console/Migrations/MigrateCommand->repositoryExists()
#23 D:/laragon-new/laragon/www/hospital-management/vendor/laravel/framework/src/Illuminate/Database/Console/Migrations/MigrateCommand.php(84): Illuminate/Database/Console/Migrations/MigrateCommand->prepareDatabase()
#24 D:/laragon-new/laragon/www/hospital-management/vendor/laravel/framework/src/Illuminate/Database/Migrations/Migrator.php(641): Illuminate/Database/Console/Migrations/MigrateCommand->{closure:Illuminate/Database/Console/Migrations/MigrateCommand::handle():83}()
#25 D:/laragon-new/laragon/www/hospital-management/vendor/laravel/framework/src/Illuminate/Database/Console/Migrations/MigrateCommand.php(83): Illuminate/Database/Migrations/Migrator->usingConnection()
#26 D:/laragon-new/laragon/www/hospital-management/vendor/laravel/framework/src/Illuminate/Container/BoundMethod.php(36): Illuminate/Database/Console/Migrations/MigrateCommand->handle()
#27 D:/laragon-new/laragon/www/hospital-management/vendor/laravel/framework/src/Illuminate/Container/Util.php(41): Illuminate/Container/BoundMethod::{closure:Illuminate/Container/BoundMethod::call():35}()
#28 D:/laragon-new/laragon/www/hospital-management/vendor/laravel/framework/src/Illuminate/Container/BoundMethod.php(93): Illuminate/Container/Util::unwrapIfClosure()
#29 D:/laragon-new/laragon/www/hospital-management/vendor/laravel/framework/src/Illuminate/Container/BoundMethod.php(35): Illuminate/Container/BoundMethod::callBoundMethod()
#30 D:/laragon-new/laragon/www/hospital-management/vendor/laravel/framework/src/Illuminate/Container/Container.php(662): Illuminate/Container/BoundMethod::call()
#31 D:/laragon-new/laragon/www/hospital-management/vendor/laravel/framework/src/Illuminate/Console/Command.php(211): Illuminate/Container/Container->call()
#32 D:/laragon-new/laragon/www/hospital-management/vendor/symfony/console/Command/Command.php(326): Illuminate/Console/Command->execute()
#33 D:/laragon-new/laragon/www/hospital-management/vendor/laravel/framework/src/Illuminate/Console/Command.php(180): Symfony/Component/Console/Command/Command->run()
#34 D:/laragon-new/laragon/www/hospital-management/vendor/symfony/console/Application.php(1121): Illuminate/Console/Command->run()
#35 D:/laragon-new/laragon/www/hospital-management/vendor/symfony/console/Application.php(324): Symfony/Component/Console/Application->doRunCommand()
#36 D:/laragon-new/laragon/www/hospital-management/vendor/symfony/console/Application.php(175): Symfony/Component/Console/Application->doRun()
#37 D:/laragon-new/laragon/www/hospital-management/vendor/laravel/framework/src/Illuminate/Foundation/Console/Kernel.php(201): Symfony/Component/Console/Application->run()
#38 D:/laragon-new/laragon/www/hospital-management/artisan(35): Illuminate/Foundation/Console/Kernel->handle()
#39 {main}
"} 
[2026-08-08 15:58:11] local.ERROR: Unclosed '[' on line 66 does not match ')' {"userId":2,"exception":"[object] (ParseError(code: 0): Unclosed '[' on line 66 does not match ')' at D:/laragon-new/laragon/www/hospital-management/app/Http/Controllers/Agent/AgentDoctorBookingController.php:72)
[stacktrace]
#0 D:/laragon-new/laragon/www/hospital-management/vendor/composer/ClassLoader.php(427): {closure:Composer/Autoload/ClassLoader::initializeIncludeClosure():575}()
#1 [internal function]: Composer/Autoload/ClassLoader->loadClass()
#2 D:/laragon-new/laragon/www/hospital-management/vendor/laravel/framework/src/Illuminate/Routing/RouteSignatureParameters.php(46): method_exists()
#3 D:/laragon-new/laragon/www/hospital-management/vendor/laravel/framework/src/Illuminate/Routing/RouteSignatureParameters.php(26): Illuminate/Routing/RouteSignatureParameters::fromClassMethodString()
#4 D:/laragon-new/laragon/www/hospital-management/vendor/laravel/framework/src/Illuminate/Routing/Route.php(537): Illuminate/Routing/RouteSignatureParameters::fromAction()
#5 D:/laragon-new/laragon/www/hospital-management/vendor/tightenco/ziggy/src/Ziggy.php(173): Illuminate/Routing/Route->signatureParameters()
#6 D:/laragon-new/laragon/www/hospital-management/vendor/tightenco/ziggy/src/Ziggy.php(122): Tighten/Ziggy/Ziggy->resolveBindings()
#7 D:/laragon-new/laragon/www/hospital-management/vendor/tightenco/ziggy/src/Ziggy.php(32): Tighten/Ziggy/Ziggy->nameKeyedRoutes()
#8 D:/laragon-new/laragon/www/hospital-management/app/Http/Middleware/HandleInertiaRequests.php(31): Tighten/Ziggy/Ziggy->__construct()
#9 D:/laragon-new/laragon/www/hospital-management/vendor/laravel/framework/src/Illuminate/Container/BoundMethod.php(36): App/Http/Middleware/HandleInertiaRequests->{closure:App/Http/Middleware/HandleInertiaRequests::share():30}()
#10 D:/laragon-new/laragon/www/hospital-management/vendor/laravel/framework/src/Illuminate/Container/Util.php(41): Illuminate/Container/BoundMethod::{closure:Illuminate/Container/BoundMethod::call():35}()
#11 D:/laragon-new/laragon/www/hospital-management/vendor/laravel/framework/src/Illuminate/Container/BoundMethod.php(81): Illuminate/Container/Util::unwrapIfClosure()
#12 D:/laragon-new/laragon/www/hospital-management/vendor/laravel/framework/src/Illuminate/Container/BoundMethod.php(35): Illuminate/Container/BoundMethod::callBoundMethod()
#13 D:/laragon-new/laragon/www/hospital-management/vendor/laravel/framework/src/Illuminate/Container/Container.php(662): Illuminate/Container/BoundMethod::call()
#14 D:/laragon-new/laragon/www/hospital-management/vendor/laravel/framework/src/Illuminate/Support/Facades/Facade.php(355): Illuminate/Container/Container->call()
#15 D:/laragon-new/laragon/www/hospital-management/vendor/inertiajs/inertia-laravel/src/Response.php(120): Illuminate/Support/Facades/Facade::__callStatic()
#16 D:/laragon-new/laragon/www/hospital-management/vendor/inertiajs/inertia-laravel/src/Response.php(97): Inertia/Response->resolvePropertyInstances()
#17 D:/laragon-new/laragon/www/hospital-management/vendor/laravel/framework/src/Illuminate/Routing/Router.php(900): Inertia/Response->toResponse()
#18 D:/laragon-new/laragon/www/hospital-management/vendor/laravel/framework/src/Illuminate/Routing/Router.php(885): Illuminate/Routing/Router::toResponse()
#19 D:/laragon-new/laragon/www/hospital-management/vendor/laravel/framework/src/Illuminate/Routing/Router.php(805): Illuminate/Routing/Router->prepareResponse()
#20 D:/laragon-new/laragon/www/hospital-management/vendor/laravel/framework/src/Illuminate/Pipeline/Pipeline.php(144): Illuminate/Routing/Router->{closure:Illuminate/Routing/Router::runRouteWithinStack():805}()
#21 D:/laragon-new/laragon/www/hospital-management/vendor/laravel/framework/src/Illuminate/Http/Middleware/AddLinkHeadersForPreloadedAssets.php(20): Illuminate/Pipeline/Pipeline->{closure:Illuminate/Pipeline/Pipeline::prepareDestination():142}()
#22 D:/laragon-new/laragon/www/hospital-management/vendor/laravel/framework/src/Illuminate/Pipeline/Pipeline.php(183): Illuminate/Http/Middleware/AddLinkHeadersForPreloadedAssets->handle()
#23 D:/laragon-new/laragon/www/hospital-management/vendor/inertiajs/inertia-laravel/src/Middleware.php(87): Illuminate/Pipeline/Pipeline->{closure:{closure:Illuminate/Pipeline/Pipeline::carry():158}:159}()
#24 D:/laragon-new/laragon/www/hospital-management/vendor/laravel/framework/src/Illuminate/Pipeline/Pipeline.php(183): Inertia/Middleware->handle()
#25 D:/laragon-new/laragon/www/hospital-management/app/Http/Middleware/SetLocale.php(35): Illuminate/Pipeline/Pipeline->{closure:{closure:Illuminate/Pipeline/Pipeline::carry():158}:159}()
#26 D:/laragon-new/laragon/www/hospital-management/vendor/laravel/framework/src/Illuminate/Pipeline/Pipeline.php(183): App/Http/Middleware/SetLocale->handle()
#27 D:/laragon-new/laragon/www/hospital-management/vendor/laravel/framework/src/Illuminate/Routing/Middleware/SubstituteBindings.php(50): Illuminate/Pipeline/Pipeline->{closure:{closure:Illuminate/Pipeline/Pipeline::carry():158}:159}()
#28 D:/laragon-new/laragon/www/hospital-management/vendor/laravel/framework/src/Illuminate/Pipeline/Pipeline.php(183): Illuminate/Routing/Middleware/SubstituteBindings->handle()
#29 D:/laragon-new/laragon/www/hospital-management/vendor/laravel/framework/src/Illuminate/Auth/Middleware/Authenticate.php(57): Illuminate/Pipeline/Pipeline->{closure:{closure:Illuminate/Pipeline/Pipeline::carry():158}:159}()
#30 D:/laragon-new/laragon/www/hospital-management/vendor/laravel/framework/src/Illuminate/Pipeline/Pipeline.php(183): Illuminate/Auth/Middleware/Authenticate->handle()
#31 D:/laragon-new/laragon/www/hospital-management/vendor/laravel/framework/src/Illuminate/Foundation/Http/Middleware/VerifyCsrfToken.php(78): Illuminate/Pipeline/Pipeline->{closure:{closure:Illuminate/Pipeline/Pipeline::carry():158}:159}()
#32 D:/laragon-new/laragon/www/hospital-management/vendor/laravel/framework/src/Illuminate/Pipeline/Pipeline.php(183): Illuminate/Foundation/Http/Middleware/VerifyCsrfToken->handle()
#33 D:/laragon-new/laragon/www/hospital-management/vendor/laravel/framework/src/Illuminate/View/Middleware/ShareErrorsFromSession.php(49): Illuminate/Pipeline/Pipeline->{closure:{closure:Illuminate/Pipeline/Pipeline::carry():158}:159}()
#34 D:/laragon-new/laragon/www/hospital-management/vendor/laravel/framework/src/Illuminate/Pipeline/Pipeline.php(183): Illuminate/View/Middleware/ShareErrorsFromSession->handle()
#35 D:/laragon-new/laragon/www/hospital-management/vendor/laravel/framework/src/Illuminate/Session/Middleware/StartSession.php(121): Illuminate/Pipeline/Pipeline->{closure:{closure:Illuminate/Pipeline/Pipeline::carry():158}:159}()
#36 D:/laragon-new/laragon/www/hospital-management/vendor/laravel/framework/src/Illuminate/Session/Middleware/StartSession.php(64): Illuminate/Session/Middleware/StartSession->handleStatefulRequest()
#37 D:/laragon-new/laragon/www/hospital-management/vendor/laravel/framework/src/Illuminate/Pipeline/Pipeline.php(183): Illuminate/Session/Middleware/StartSession->handle()
#38 D:/laragon-new/laragon/www/hospital-management/vendor/laravel/framework/src/Illuminate/Cookie/Middleware/AddQueuedCookiesToResponse.php(37): Illuminate/Pipeline/Pipeline->{closure:{closure:Illuminate/Pipeline/Pipeline::carry():158}:159}()
#39 D:/laragon-new/laragon/www/hospital-management/vendor/laravel/framework/src/Illuminate/Pipeline/Pipeline.php(183): Illuminate/Cookie/Middleware/AddQueuedCookiesToResponse->handle()
#40 D:/laragon-new/laragon/www/hospital-management/vendor/laravel/framework/src/Illuminate/Cookie/Middleware/EncryptCookies.php(67): Illuminate/Pipeline/Pipeline->{closure:{closure:Illuminate/Pipeline/Pipeline::carry():158}:159}()
#41 D:/laragon-new/laragon/www/hospital-management/vendor/laravel/framework/src/Illuminate/Pipeline/Pipeline.php(183): Illuminate/Cookie/Middleware/EncryptCookies->handle()
#42 D:/laragon-new/laragon/www/hospital-management/vendor/laravel/framework/src/Illuminate/Pipeline/Pipeline.php(119): Illuminate/Pipeline/Pipeline->{closure:{closure:Illuminate/Pipeline/Pipeline::carry():158}:159}()
#43 D:/laragon-new/laragon/www/hospital-management/vendor/laravel/framework/src/Illuminate/Routing/Router.php(805): Illuminate/Pipeline/Pipeline->then()
#44 D:/laragon-new/laragon/www/hospital-management/vendor/laravel/framework/src/Illuminate/Routing/Router.php(784): Illuminate/Routing/Router->runRouteWithinStack()
#45 D:/laragon-new/laragon/www/hospital-management/vendor/laravel/framework/src/Illuminate/Routing/Router.php(748): Illuminate/Routing/Router->runRoute()
#46 D:/laragon-new/laragon/www/hospital-management/vendor/laravel/framework/src/Illuminate/Routing/Router.php(737): Illuminate/Routing/Router->dispatchToRoute()
#47 D:/laragon-new/laragon/www/hospital-management/vendor/laravel/framework/src/Illuminate/Foundation/Http/Kernel.php(200): Illuminate/Routing/Router->dispatch()
#48 D:/laragon-new/laragon/www/hospital-management/vendor/laravel/framework/src/Illuminate/Pipeline/Pipeline.php(144): Illuminate/Foundation/Http/Kernel->{closure:Illuminate/Foundation/Http/Kernel::dispatchToRouter():197}()
#49 D:/laragon-new/laragon/www/hospital-management/vendor/laravel/framework/src/Illuminate/Foundation/Http/Middleware/TransformsRequest.php(21): Illuminate/Pipeline/Pipeline->{closure:Illuminate/Pipeline/Pipeline::prepareDestination():142}()
#50 D:/laragon-new/laragon/www/hospital-management/vendor/laravel/framework/src/Illuminate/Foundation/Http/Middleware/ConvertEmptyStringsToNull.php(31): Illuminate/Foundation/Http/Middleware/TransformsRequest->handle()
#51 D:/laragon-new/laragon/www/hospital-management/vendor/laravel/framework/src/Illuminate/Pipeline/Pipeline.php(183): Illuminate/Foundation/Http/Middleware/ConvertEmptyStringsToNull->handle()
#52 D:/laragon-new/laragon/www/hospital-management/vendor/laravel/framework/src/Illuminate/Foundation/Http/Middleware/TransformsRequest.php(21): Illuminate/Pipeline/Pipeline->{closure:{closure:Illuminate/Pipeline/Pipeline::carry():158}:159}()
#53 D:/laragon-new/laragon/www/hospital-management/vendor/laravel/framework/src/Illuminate/Foundation/Http/Middleware/TrimStrings.php(40): Illuminate/Foundation/Http/Middleware/TransformsRequest->handle()
#54 D:/laragon-new/laragon/www/hospital-management/vendor/laravel/framework/src/Illuminate/Pipeline/Pipeline.php(183): Illuminate/Foundation/Http/Middleware/TrimStrings->handle()
#55 D:/laragon-new/laragon/www/hospital-management/vendor/laravel/framework/src/Illuminate/Foundation/Http/Middleware/ValidatePostSize.php(27): Illuminate/Pipeline/Pipeline->{closure:{closure:Illuminate/Pipeline/Pipeline::carry():158}:159}()
#56 D:/laragon-new/laragon/www/hospital-management/vendor/laravel/framework/src/Illuminate/Pipeline/Pipeline.php(183): Illuminate/Foundation/Http/Middleware/ValidatePostSize->handle()
#57 D:/laragon-new/laragon/www/hospital-management/vendor/laravel/framework/src/Illuminate/Foundation/Http/Middleware/PreventRequestsDuringMaintenance.php(99): Illuminate/Pipeline/Pipeline->{closure:{closure:Illuminate/Pipeline/Pipeline::carry():158}:159}()
#58 D:/laragon-new/laragon/www/hospital-management/vendor/laravel/framework/src/Illuminate/Pipeline/Pipeline.php(183): Illuminate/Foundation/Http/Middleware/PreventRequestsDuringMaintenance->handle()
#59 D:/laragon-new/laragon/www/hospital-management/vendor/laravel/framework/src/Illuminate/Http/Middleware/HandleCors.php(49): Illuminate/Pipeline/Pipeline->{closure:{closure:Illuminate/Pipeline/Pipeline::carry():158}:159}()
#60 D:/laragon-new/laragon/www/hospital-management/vendor/laravel/framework/src/Illuminate/Pipeline/Pipeline.php(183): Illuminate/Http/Middleware/HandleCors->handle()
#61 D:/laragon-new/laragon/www/hospital-management/vendor/laravel/framework/src/Illuminate/Http/Middleware/TrustProxies.php(39): Illuminate/Pipeline/Pipeline->{closure:{closure:Illuminate/Pipeline/Pipeline::carry():158}:159}()
#62 D:/laragon-new/laragon/www/hospital-management/vendor/laravel/framework/src/Illuminate/Pipeline/Pipeline.php(183): Illuminate/Http/Middleware/TrustProxies->handle()
#63 D:/laragon-new/laragon/www/hospital-management/vendor/laravel/framework/src/Illuminate/Pipeline/Pipeline.php(119): Illuminate/Pipeline/Pipeline->{closure:{closure:Illuminate/Pipeline/Pipeline::carry():158}:159}()
#64 D:/laragon-new/laragon/www/hospital-management/vendor/laravel/framework/src/Illuminate/Foundation/Http/Kernel.php(175): Illuminate/Pipeline/Pipeline->then()
#65 D:/laragon-new/laragon/www/hospital-management/vendor/laravel/framework/src/Illuminate/Foundation/Http/Kernel.php(144): Illuminate/Foundation/Http/Kernel->sendRequestThroughRouter()
#66 D:/laragon-new/laragon/www/hospital-management/public/index.php(55): Illuminate/Foundation/Http/Kernel->handle()
#67 D:/laragon-new/laragon/www/hospital-management/vendor/laravel/framework/src/Illuminate/Foundation/resources/server.php(16): require_once('...')
#68 {main}
"} 
[2026-08-08 16:00:18] local.ERROR: Unclosed '[' on line 66 does not match ')' {"userId":2,"exception":"[object] (ParseError(code: 0): Unclosed '[' on line 66 does not match ')' at D:/laragon-new/laragon/www/hospital-management/app/Http/Controllers/Agent/AgentDoctorBookingController.php:72)
[stacktrace]
#0 D:/laragon-new/laragon/www/hospital-management/vendor/composer/ClassLoader.php(427): {closure:Composer/Autoload/ClassLoader::initializeIncludeClosure():575}()
#1 [internal function]: Composer/Autoload/ClassLoader->loadClass()
#2 D:/laragon-new/laragon/www/hospital-management/vendor/laravel/framework/src/Illuminate/Routing/RouteSignatureParameters.php(46): method_exists()
#3 D:/laragon-new/laragon/www/hospital-management/vendor/laravel/framework/src/Illuminate/Routing/RouteSignatureParameters.php(26): Illuminate/Routing/RouteSignatureParameters::fromClassMethodString()
#4 D:/laragon-new/laragon/www/hospital-management/vendor/laravel/framework/src/Illuminate/Routing/Route.php(537): Illuminate/Routing/RouteSignatureParameters::fromAction()
#5 D:/laragon-new/laragon/www/hospital-management/vendor/tightenco/ziggy/src/Ziggy.php(173): Illuminate/Routing/Route->signatureParameters()
#6 D:/laragon-new/laragon/www/hospital-management/vendor/tightenco/ziggy/src/Ziggy.php(122): Tighten/Ziggy/Ziggy->resolveBindings()
#7 D:/laragon-new/laragon/www/hospital-management/vendor/tightenco/ziggy/src/Ziggy.php(32): Tighten/Ziggy/Ziggy->nameKeyedRoutes()
#8 D:/laragon-new/laragon/www/hospital-management/app/Http/Middleware/HandleInertiaRequests.php(31): Tighten/Ziggy/Ziggy->__construct()
#9 D:/laragon-new/laragon/www/hospital-management/vendor/laravel/framework/src/Illuminate/Container/BoundMethod.php(36): App/Http/Middleware/HandleInertiaRequests->{closure:App/Http/Middleware/HandleInertiaRequests::share():30}()
#10 D:/laragon-new/laragon/www/hospital-management/vendor/laravel/framework/src/Illuminate/Container/Util.php(41): Illuminate/Container/BoundMethod::{closure:Illuminate/Container/BoundMethod::call():35}()
#11 D:/laragon-new/laragon/www/hospital-management/vendor/laravel/framework/src/Illuminate/Container/BoundMethod.php(81): Illuminate/Container/Util::unwrapIfClosure()
#12 D:/laragon-new/laragon/www/hospital-management/vendor/laravel/framework/src/Illuminate/Container/BoundMethod.php(35): Illuminate/Container/BoundMethod::callBoundMethod()
#13 D:/laragon-new/laragon/www/hospital-management/vendor/laravel/framework/src/Illuminate/Container/Container.php(662): Illuminate/Container/BoundMethod::call()
#14 D:/laragon-new/laragon/www/hospital-management/vendor/laravel/framework/src/Illuminate/Support/Facades/Facade.php(355): Illuminate/Container/Container->call()
#15 D:/laragon-new/laragon/www/hospital-management/vendor/inertiajs/inertia-laravel/src/Response.php(120): Illuminate/Support/Facades/Facade::__callStatic()
#16 D:/laragon-new/laragon/www/hospital-management/vendor/inertiajs/inertia-laravel/src/Response.php(97): Inertia/Response->resolvePropertyInstances()
#17 D:/laragon-new/laragon/www/hospital-management/vendor/laravel/framework/src/Illuminate/Routing/Router.php(900): Inertia/Response->toResponse()
#18 D:/laragon-new/laragon/www/hospital-management/vendor/laravel/framework/src/Illuminate/Routing/Router.php(885): Illuminate/Routing/Router::toResponse()
#19 D:/laragon-new/laragon/www/hospital-management/vendor/laravel/framework/src/Illuminate/Routing/Router.php(805): Illuminate/Routing/Router->prepareResponse()
#20 D:/laragon-new/laragon/www/hospital-management/vendor/laravel/framework/src/Illuminate/Pipeline/Pipeline.php(144): Illuminate/Routing/Router->{closure:Illuminate/Routing/Router::runRouteWithinStack():805}()
#21 D:/laragon-new/laragon/www/hospital-management/vendor/laravel/framework/src/Illuminate/Http/Middleware/AddLinkHeadersForPreloadedAssets.php(20): Illuminate/Pipeline/Pipeline->{closure:Illuminate/Pipeline/Pipeline::prepareDestination():142}()
#22 D:/laragon-new/laragon/www/hospital-management/vendor/laravel/framework/src/Illuminate/Pipeline/Pipeline.php(183): Illuminate/Http/Middleware/AddLinkHeadersForPreloadedAssets->handle()
#23 D:/laragon-new/laragon/www/hospital-management/vendor/inertiajs/inertia-laravel/src/Middleware.php(87): Illuminate/Pipeline/Pipeline->{closure:{closure:Illuminate/Pipeline/Pipeline::carry():158}:159}()
#24 D:/laragon-new/laragon/www/hospital-management/vendor/laravel/framework/src/Illuminate/Pipeline/Pipeline.php(183): Inertia/Middleware->handle()
#25 D:/laragon-new/laragon/www/hospital-management/app/Http/Middleware/SetLocale.php(35): Illuminate/Pipeline/Pipeline->{closure:{closure:Illuminate/Pipeline/Pipeline::carry():158}:159}()
#26 D:/laragon-new/laragon/www/hospital-management/vendor/laravel/framework/src/Illuminate/Pipeline/Pipeline.php(183): App/Http/Middleware/SetLocale->handle()
#27 D:/laragon-new/laragon/www/hospital-management/vendor/laravel/framework/src/Illuminate/Routing/Middleware/SubstituteBindings.php(50): Illuminate/Pipeline/Pipeline->{closure:{closure:Illuminate/Pipeline/Pipeline::carry():158}:159}()
#28 D:/laragon-new/laragon/www/hospital-management/vendor/laravel/framework/src/Illuminate/Pipeline/Pipeline.php(183): Illuminate/Routing/Middleware/SubstituteBindings->handle()
#29 D:/laragon-new/laragon/www/hospital-management/vendor/laravel/framework/src/Illuminate/Auth/Middleware/Authenticate.php(57): Illuminate/Pipeline/Pipeline->{closure:{closure:Illuminate/Pipeline/Pipeline::carry():158}:159}()
#30 D:/laragon-new/laragon/www/hospital-management/vendor/laravel/framework/src/Illuminate/Pipeline/Pipeline.php(183): Illuminate/Auth/Middleware/Authenticate->handle()
#31 D:/laragon-new/laragon/www/hospital-management/vendor/laravel/framework/src/Illuminate/Foundation/Http/Middleware/VerifyCsrfToken.php(78): Illuminate/Pipeline/Pipeline->{closure:{closure:Illuminate/Pipeline/Pipeline::carry():158}:159}()
#32 D:/laragon-new/laragon/www/hospital-management/vendor/laravel/framework/src/Illuminate/Pipeline/Pipeline.php(183): Illuminate/Foundation/Http/Middleware/VerifyCsrfToken->handle()
#33 D:/laragon-new/laragon/www/hospital-management/vendor/laravel/framework/src/Illuminate/View/Middleware/ShareErrorsFromSession.php(49): Illuminate/Pipeline/Pipeline->{closure:{closure:Illuminate/Pipeline/Pipeline::carry():158}:159}()
#34 D:/laragon-new/laragon/www/hospital-management/vendor/laravel/framework/src/Illuminate/Pipeline/Pipeline.php(183): Illuminate/View/Middleware/ShareErrorsFromSession->handle()
#35 D:/laragon-new/laragon/www/hospital-management/vendor/laravel/framework/src/Illuminate/Session/Middleware/StartSession.php(121): Illuminate/Pipeline/Pipeline->{closure:{closure:Illuminate/Pipeline/Pipeline::carry():158}:159}()
#36 D:/laragon-new/laragon/www/hospital-management/vendor/laravel/framework/src/Illuminate/Session/Middleware/StartSession.php(64): Illuminate/Session/Middleware/StartSession->handleStatefulRequest()
#37 D:/laragon-new/laragon/www/hospital-management/vendor/laravel/framework/src/Illuminate/Pipeline/Pipeline.php(183): Illuminate/Session/Middleware/StartSession->handle()
#38 D:/laragon-new/laragon/www/hospital-management/vendor/laravel/framework/src/Illuminate/Cookie/Middleware/AddQueuedCookiesToResponse.php(37): Illuminate/Pipeline/Pipeline->{closure:{closure:Illuminate/Pipeline/Pipeline::carry():158}:159}()
#39 D:/laragon-new/laragon/www/hospital-management/vendor/laravel/framework/src/Illuminate/Pipeline/Pipeline.php(183): Illuminate/Cookie/Middleware/AddQueuedCookiesToResponse->handle()
#40 D:/laragon-new/laragon/www/hospital-management/vendor/laravel/framework/src/Illuminate/Cookie/Middleware/EncryptCookies.php(67): Illuminate/Pipeline/Pipeline->{closure:{closure:Illuminate/Pipeline/Pipeline::carry():158}:159}()
#41 D:/laragon-new/laragon/www/hospital-management/vendor/laravel/framework/src/Illuminate/Pipeline/Pipeline.php(183): Illuminate/Cookie/Middleware/EncryptCookies->handle()
#42 D:/laragon-new/laragon/www/hospital-management/vendor/laravel/framework/src/Illuminate/Pipeline/Pipeline.php(119): Illuminate/Pipeline/Pipeline->{closure:{closure:Illuminate/Pipeline/Pipeline::carry():158}:159}()
#43 D:/laragon-new/laragon/www/hospital-management/vendor/laravel/framework/src/Illuminate/Routing/Router.php(805): Illuminate/Pipeline/Pipeline->then()
#44 D:/laragon-new/laragon/www/hospital-management/vendor/laravel/framework/src/Illuminate/Routing/Router.php(784): Illuminate/Routing/Router->runRouteWithinStack()
#45 D:/laragon-new/laragon/www/hospital-management/vendor/laravel/framework/src/Illuminate/Routing/Router.php(748): Illuminate/Routing/Router->runRoute()
#46 D:/laragon-new/laragon/www/hospital-management/vendor/laravel/framework/src/Illuminate/Routing/Router.php(737): Illuminate/Routing/Router->dispatchToRoute()
#47 D:/laragon-new/laragon/www/hospital-management/vendor/laravel/framework/src/Illuminate/Foundation/Http/Kernel.php(200): Illuminate/Routing/Router->dispatch()
#48 D:/laragon-new/laragon/www/hospital-management/vendor/laravel/framework/src/Illuminate/Pipeline/Pipeline.php(144): Illuminate/Foundation/Http/Kernel->{closure:Illuminate/Foundation/Http/Kernel::dispatchToRouter():197}()
#49 D:/laragon-new/laragon/www/hospital-management/vendor/laravel/framework/src/Illuminate/Foundation/Http/Middleware/TransformsRequest.php(21): Illuminate/Pipeline/Pipeline->{closure:Illuminate/Pipeline/Pipeline::prepareDestination():142}()
#50 D:/laragon-new/laragon/www/hospital-management/vendor/laravel/framework/src/Illuminate/Foundation/Http/Middleware/ConvertEmptyStringsToNull.php(31): Illuminate/Foundation/Http/Middleware/TransformsRequest->handle()
#51 D:/laragon-new/laragon/www/hospital-management/vendor/laravel/framework/src/Illuminate/Pipeline/Pipeline.php(183): Illuminate/Foundation/Http/Middleware/ConvertEmptyStringsToNull->handle()
#52 D:/laragon-new/laragon/www/hospital-management/vendor/laravel/framework/src/Illuminate/Foundation/Http/Middleware/TransformsRequest.php(21): Illuminate/Pipeline/Pipeline->{closure:{closure:Illuminate/Pipeline/Pipeline::carry():158}:159}()
#53 D:/laragon-new/laragon/www/hospital-management/vendor/laravel/framework/src/Illuminate/Foundation/Http/Middleware/TrimStrings.php(40): Illuminate/Foundation/Http/Middleware/TransformsRequest->handle()
#54 D:/laragon-new/laragon/www/hospital-management/vendor/laravel/framework/src/Illuminate/Pipeline/Pipeline.php(183): Illuminate/Foundation/Http/Middleware/TrimStrings->handle()
#55 D:/laragon-new/laragon/www/hospital-management/vendor/laravel/framework/src/Illuminate/Foundation/Http/Middleware/ValidatePostSize.php(27): Illuminate/Pipeline/Pipeline->{closure:{closure:Illuminate/Pipeline/Pipeline::carry():158}:159}()
#56 D:/laragon-new/laragon/www/hospital-management/vendor/laravel/framework/src/Illuminate/Pipeline/Pipeline.php(183): Illuminate/Foundation/Http/Middleware/ValidatePostSize->handle()
#57 D:/laragon-new/laragon/www/hospital-management/vendor/laravel/framework/src/Illuminate/Foundation/Http/Middleware/PreventRequestsDuringMaintenance.php(99): Illuminate/Pipeline/Pipeline->{closure:{closure:Illuminate/Pipeline/Pipeline::carry():158}:159}()
#58 D:/laragon-new/laragon/www/hospital-management/vendor/laravel/framework/src/Illuminate/Pipeline/Pipeline.php(183): Illuminate/Foundation/Http/Middleware/PreventRequestsDuringMaintenance->handle()
#59 D:/laragon-new/laragon/www/hospital-management/vendor/laravel/framework/src/Illuminate/Http/Middleware/HandleCors.php(49): Illuminate/Pipeline/Pipeline->{closure:{closure:Illuminate/Pipeline/Pipeline::carry():158}:159}()
#60 D:/laragon-new/laragon/www/hospital-management/vendor/laravel/framework/src/Illuminate/Pipeline/Pipeline.php(183): Illuminate/Http/Middleware/HandleCors->handle()
#61 D:/laragon-new/laragon/www/hospital-management/vendor/laravel/framework/src/Illuminate/Http/Middleware/TrustProxies.php(39): Illuminate/Pipeline/Pipeline->{closure:{closure:Illuminate/Pipeline/Pipeline::carry():158}:159}()
#62 D:/laragon-new/laragon/www/hospital-management/vendor/laravel/framework/src/Illuminate/Pipeline/Pipeline.php(183): Illuminate/Http/Middleware/TrustProxies->handle()
#63 D:/laragon-new/laragon/www/hospital-management/vendor/laravel/framework/src/Illuminate/Pipeline/Pipeline.php(119): Illuminate/Pipeline/Pipeline->{closure:{closure:Illuminate/Pipeline/Pipeline::carry():158}:159}()
#64 D:/laragon-new/laragon/www/hospital-management/vendor/laravel/framework/src/Illuminate/Foundation/Http/Kernel.php(175): Illuminate/Pipeline/Pipeline->then()
#65 D:/laragon-new/laragon/www/hospital-management/vendor/laravel/framework/src/Illuminate/Foundation/Http/Kernel.php(144): Illuminate/Foundation/Http/Kernel->sendRequestThroughRouter()
#66 D:/laragon-new/laragon/www/hospital-management/public/index.php(55): Illuminate/Foundation/Http/Kernel->handle()
#67 D:/laragon-new/laragon/www/hospital-management/vendor/laravel/framework/src/Illuminate/Foundation/resources/server.php(16): require_once('...')
#68 {main}
"} 
[2026-08-08 16:00:20] local.ERROR: Unclosed '[' on line 66 does not match ')' {"userId":2,"exception":"[object] (ParseError(code: 0): Unclosed '[' on line 66 does not match ')' at D:/laragon-new/laragon/www/hospital-management/app/Http/Controllers/Agent/AgentDoctorBookingController.php:72)
[stacktrace]
#0 D:/laragon-new/laragon/www/hospital-management/vendor/composer/ClassLoader.php(427): {closure:Composer/Autoload/ClassLoader::initializeIncludeClosure():575}()
#1 [internal function]: Composer/Autoload/ClassLoader->loadClass()
#2 D:/laragon-new/laragon/www/hospital-management/vendor/laravel/framework/src/Illuminate/Routing/RouteSignatureParameters.php(46): method_exists()
#3 D:/laragon-new/laragon/www/hospital-management/vendor/laravel/framework/src/Illuminate/Routing/RouteSignatureParameters.php(26): Illuminate/Routing/RouteSignatureParameters::fromClassMethodString()
#4 D:/laragon-new/laragon/www/hospital-management/vendor/laravel/framework/src/Illuminate/Routing/Route.php(537): Illuminate/Routing/RouteSignatureParameters::fromAction()
#5 D:/laragon-new/laragon/www/hospital-management/vendor/tightenco/ziggy/src/Ziggy.php(173): Illuminate/Routing/Route->signatureParameters()
#6 D:/laragon-new/laragon/www/hospital-management/vendor/tightenco/ziggy/src/Ziggy.php(122): Tighten/Ziggy/Ziggy->resolveBindings()
#7 D:/laragon-new/laragon/www/hospital-management/vendor/tightenco/ziggy/src/Ziggy.php(32): Tighten/Ziggy/Ziggy->nameKeyedRoutes()
#8 D:/laragon-new/laragon/www/hospital-management/app/Http/Middleware/HandleInertiaRequests.php(31): Tighten/Ziggy/Ziggy->__construct()
#9 D:/laragon-new/laragon/www/hospital-management/vendor/laravel/framework/src/Illuminate/Container/BoundMethod.php(36): App/Http/Middleware/HandleInertiaRequests->{closure:App/Http/Middleware/HandleInertiaRequests::share():30}()
#10 D:/laragon-new/laragon/www/hospital-management/vendor/laravel/framework/src/Illuminate/Container/Util.php(41): Illuminate/Container/BoundMethod::{closure:Illuminate/Container/BoundMethod::call():35}()
#11 D:/laragon-new/laragon/www/hospital-management/vendor/laravel/framework/src/Illuminate/Container/BoundMethod.php(81): Illuminate/Container/Util::unwrapIfClosure()
#12 D:/laragon-new/laragon/www/hospital-management/vendor/laravel/framework/src/Illuminate/Container/BoundMethod.php(35): Illuminate/Container/BoundMethod::callBoundMethod()
#13 D:/laragon-new/laragon/www/hospital-management/vendor/laravel/framework/src/Illuminate/Container/Container.php(662): Illuminate/Container/BoundMethod::call()
#14 D:/laragon-new/laragon/www/hospital-management/vendor/laravel/framework/src/Illuminate/Support/Facades/Facade.php(355): Illuminate/Container/Container->call()
#15 D:/laragon-new/laragon/www/hospital-management/vendor/inertiajs/inertia-laravel/src/Response.php(120): Illuminate/Support/Facades/Facade::__callStatic()
#16 D:/laragon-new/laragon/www/hospital-management/vendor/inertiajs/inertia-laravel/src/Response.php(97): Inertia/Response->resolvePropertyInstances()
#17 D:/laragon-new/laragon/www/hospital-management/vendor/laravel/framework/src/Illuminate/Routing/Router.php(900): Inertia/Response->toResponse()
#18 D:/laragon-new/laragon/www/hospital-management/vendor/laravel/framework/src/Illuminate/Routing/Router.php(885): Illuminate/Routing/Router::toResponse()
#19 D:/laragon-new/laragon/www/hospital-management/vendor/laravel/framework/src/Illuminate/Routing/Router.php(805): Illuminate/Routing/Router->prepareResponse()
#20 D:/laragon-new/laragon/www/hospital-management/vendor/laravel/framework/src/Illuminate/Pipeline/Pipeline.php(144): Illuminate/Routing/Router->{closure:Illuminate/Routing/Router::runRouteWithinStack():805}()
#21 D:/laragon-new/laragon/www/hospital-management/vendor/laravel/framework/src/Illuminate/Http/Middleware/AddLinkHeadersForPreloadedAssets.php(20): Illuminate/Pipeline/Pipeline->{closure:Illuminate/Pipeline/Pipeline::prepareDestination():142}()
#22 D:/laragon-new/laragon/www/hospital-management/vendor/laravel/framework/src/Illuminate/Pipeline/Pipeline.php(183): Illuminate/Http/Middleware/AddLinkHeadersForPreloadedAssets->handle()
#23 D:/laragon-new/laragon/www/hospital-management/vendor/inertiajs/inertia-laravel/src/Middleware.php(87): Illuminate/Pipeline/Pipeline->{closure:{closure:Illuminate/Pipeline/Pipeline::carry():158}:159}()
#24 D:/laragon-new/laragon/www/hospital-management/vendor/laravel/framework/src/Illuminate/Pipeline/Pipeline.php(183): Inertia/Middleware->handle()
#25 D:/laragon-new/laragon/www/hospital-management/app/Http/Middleware/SetLocale.php(35): Illuminate/Pipeline/Pipeline->{closure:{closure:Illuminate/Pipeline/Pipeline::carry():158}:159}()
#26 D:/laragon-new/laragon/www/hospital-management/vendor/laravel/framework/src/Illuminate/Pipeline/Pipeline.php(183): App/Http/Middleware/SetLocale->handle()
#27 D:/laragon-new/laragon/www/hospital-management/vendor/laravel/framework/src/Illuminate/Routing/Middleware/SubstituteBindings.php(50): Illuminate/Pipeline/Pipeline->{closure:{closure:Illuminate/Pipeline/Pipeline::carry():158}:159}()
#28 D:/laragon-new/laragon/www/hospital-management/vendor/laravel/framework/src/Illuminate/Pipeline/Pipeline.php(183): Illuminate/Routing/Middleware/SubstituteBindings->handle()
#29 D:/laragon-new/laragon/www/hospital-management/vendor/laravel/framework/src/Illuminate/Auth/Middleware/Authenticate.php(57): Illuminate/Pipeline/Pipeline->{closure:{closure:Illuminate/Pipeline/Pipeline::carry():158}:159}()
#30 D:/laragon-new/laragon/www/hospital-management/vendor/laravel/framework/src/Illuminate/Pipeline/Pipeline.php(183): Illuminate/Auth/Middleware/Authenticate->handle()
#31 D:/laragon-new/laragon/www/hospital-management/vendor/laravel/framework/src/Illuminate/Foundation/Http/Middleware/VerifyCsrfToken.php(78): Illuminate/Pipeline/Pipeline->{closure:{closure:Illuminate/Pipeline/Pipeline::carry():158}:159}()
#32 D:/laragon-new/laragon/www/hospital-management/vendor/laravel/framework/src/Illuminate/Pipeline/Pipeline.php(183): Illuminate/Foundation/Http/Middleware/VerifyCsrfToken->handle()
#33 D:/laragon-new/laragon/www/hospital-management/vendor/laravel/framework/src/Illuminate/View/Middleware/ShareErrorsFromSession.php(49): Illuminate/Pipeline/Pipeline->{closure:{closure:Illuminate/Pipeline/Pipeline::carry():158}:159}()
#34 D:/laragon-new/laragon/www/hospital-management/vendor/laravel/framework/src/Illuminate/Pipeline/Pipeline.php(183): Illuminate/View/Middleware/ShareErrorsFromSession->handle()
#35 D:/laragon-new/laragon/www/hospital-management/vendor/laravel/framework/src/Illuminate/Session/Middleware/StartSession.php(121): Illuminate/Pipeline/Pipeline->{closure:{closure:Illuminate/Pipeline/Pipeline::carry():158}:159}()
#36 D:/laragon-new/laragon/www/hospital-management/vendor/laravel/framework/src/Illuminate/Session/Middleware/StartSession.php(64): Illuminate/Session/Middleware/StartSession->handleStatefulRequest()
#37 D:/laragon-new/laragon/www/hospital-management/vendor/laravel/framework/src/Illuminate/Pipeline/Pipeline.php(183): Illuminate/Session/Middleware/StartSession->handle()
#38 D:/laragon-new/laragon/www/hospital-management/vendor/laravel/framework/src/Illuminate/Cookie/Middleware/AddQueuedCookiesToResponse.php(37): Illuminate/Pipeline/Pipeline->{closure:{closure:Illuminate/Pipeline/Pipeline::carry():158}:159}()
#39 D:/laragon-new/laragon/www/hospital-management/vendor/laravel/framework/src/Illuminate/Pipeline/Pipeline.php(183): Illuminate/Cookie/Middleware/AddQueuedCookiesToResponse->handle()
#40 D:/laragon-new/laragon/www/hospital-management/vendor/laravel/framework/src/Illuminate/Cookie/Middleware/EncryptCookies.php(67): Illuminate/Pipeline/Pipeline->{closure:{closure:Illuminate/Pipeline/Pipeline::carry():158}:159}()
#41 D:/laragon-new/laragon/www/hospital-management/vendor/laravel/framework/src/Illuminate/Pipeline/Pipeline.php(183): Illuminate/Cookie/Middleware/EncryptCookies->handle()
#42 D:/laragon-new/laragon/www/hospital-management/vendor/laravel/framework/src/Illuminate/Pipeline/Pipeline.php(119): Illuminate/Pipeline/Pipeline->{closure:{closure:Illuminate/Pipeline/Pipeline::carry():158}:159}()
#43 D:/laragon-new/laragon/www/hospital-management/vendor/laravel/framework/src/Illuminate/Routing/Router.php(805): Illuminate/Pipeline/Pipeline->then()
#44 D:/laragon-new/laragon/www/hospital-management/vendor/laravel/framework/src/Illuminate/Routing/Router.php(784): Illuminate/Routing/Router->runRouteWithinStack()
#45 D:/laragon-new/laragon/www/hospital-management/vendor/laravel/framework/src/Illuminate/Routing/Router.php(748): Illuminate/Routing/Router->runRoute()
#46 D:/laragon-new/laragon/www/hospital-management/vendor/laravel/framework/src/Illuminate/Routing/Router.php(737): Illuminate/Routing/Router->dispatchToRoute()
#47 D:/laragon-new/laragon/www/hospital-management/vendor/laravel/framework/src/Illuminate/Foundation/Http/Kernel.php(200): Illuminate/Routing/Router->dispatch()
#48 D:/laragon-new/laragon/www/hospital-management/vendor/laravel/framework/src/Illuminate/Pipeline/Pipeline.php(144): Illuminate/Foundation/Http/Kernel->{closure:Illuminate/Foundation/Http/Kernel::dispatchToRouter():197}()
#49 D:/laragon-new/laragon/www/hospital-management/vendor/laravel/framework/src/Illuminate/Foundation/Http/Middleware/TransformsRequest.php(21): Illuminate/Pipeline/Pipeline->{closure:Illuminate/Pipeline/Pipeline::prepareDestination():142}()
#50 D:/laragon-new/laragon/www/hospital-management/vendor/laravel/framework/src/Illuminate/Foundation/Http/Middleware/ConvertEmptyStringsToNull.php(31): Illuminate/Foundation/Http/Middleware/TransformsRequest->handle()
#51 D:/laragon-new/laragon/www/hospital-management/vendor/laravel/framework/src/Illuminate/Pipeline/Pipeline.php(183): Illuminate/Foundation/Http/Middleware/ConvertEmptyStringsToNull->handle()
#52 D:/laragon-new/laragon/www/hospital-management/vendor/laravel/framework/src/Illuminate/Foundation/Http/Middleware/TransformsRequest.php(21): Illuminate/Pipeline/Pipeline->{closure:{closure:Illuminate/Pipeline/Pipeline::carry():158}:159}()
#53 D:/laragon-new/laragon/www/hospital-management/vendor/laravel/framework/src/Illuminate/Foundation/Http/Middleware/TrimStrings.php(40): Illuminate/Foundation/Http/Middleware/TransformsRequest->handle()
#54 D:/laragon-new/laragon/www/hospital-management/vendor/laravel/framework/src/Illuminate/Pipeline/Pipeline.php(183): Illuminate/Foundation/Http/Middleware/TrimStrings->handle()
#55 D:/laragon-new/laragon/www/hospital-management/vendor/laravel/framework/src/Illuminate/Foundation/Http/Middleware/ValidatePostSize.php(27): Illuminate/Pipeline/Pipeline->{closure:{closure:Illuminate/Pipeline/Pipeline::carry():158}:159}()
#56 D:/laragon-new/laragon/www/hospital-management/vendor/laravel/framework/src/Illuminate/Pipeline/Pipeline.php(183): Illuminate/Foundation/Http/Middleware/ValidatePostSize->handle()
#57 D:/laragon-new/laragon/www/hospital-management/vendor/laravel/framework/src/Illuminate/Foundation/Http/Middleware/PreventRequestsDuringMaintenance.php(99): Illuminate/Pipeline/Pipeline->{closure:{closure:Illuminate/Pipeline/Pipeline::carry():158}:159}()
#58 D:/laragon-new/laragon/www/hospital-management/vendor/laravel/framework/src/Illuminate/Pipeline/Pipeline.php(183): Illuminate/Foundation/Http/Middleware/PreventRequestsDuringMaintenance->handle()
#59 D:/laragon-new/laragon/www/hospital-management/vendor/laravel/framework/src/Illuminate/Http/Middleware/HandleCors.php(49): Illuminate/Pipeline/Pipeline->{closure:{closure:Illuminate/Pipeline/Pipeline::carry():158}:159}()
#60 D:/laragon-new/laragon/www/hospital-management/vendor/laravel/framework/src/Illuminate/Pipeline/Pipeline.php(183): Illuminate/Http/Middleware/HandleCors->handle()
#61 D:/laragon-new/laragon/www/hospital-management/vendor/laravel/framework/src/Illuminate/Http/Middleware/TrustProxies.php(39): Illuminate/Pipeline/Pipeline->{closure:{closure:Illuminate/Pipeline/Pipeline::carry():158}:159}()
#62 D:/laragon-new/laragon/www/hospital-management/vendor/laravel/framework/src/Illuminate/Pipeline/Pipeline.php(183): Illuminate/Http/Middleware/TrustProxies->handle()
#63 D:/laragon-new/laragon/www/hospital-management/vendor/laravel/framework/src/Illuminate/Pipeline/Pipeline.php(119): Illuminate/Pipeline/Pipeline->{closure:{closure:Illuminate/Pipeline/Pipeline::carry():158}:159}()
#64 D:/laragon-new/laragon/www/hospital-management/vendor/laravel/framework/src/Illuminate/Foundation/Http/Kernel.php(175): Illuminate/Pipeline/Pipeline->then()
#65 D:/laragon-new/laragon/www/hospital-management/vendor/laravel/framework/src/Illuminate/Foundation/Http/Kernel.php(144): Illuminate/Foundation/Http/Kernel->sendRequestThroughRouter()
#66 D:/laragon-new/laragon/www/hospital-management/public/index.php(55): Illuminate/Foundation/Http/Kernel->handle()
#67 D:/laragon-new/laragon/www/hospital-management/vendor/laravel/framework/src/Illuminate/Foundation/resources/server.php(16): require_once('...')
#68 {main}
"} 
[2026-08-08 16:01:00] local.ERROR: Unclosed '[' on line 66 does not match ')' {"userId":2,"exception":"[object] (ParseError(code: 0): Unclosed '[' on line 66 does not match ')' at D:/laragon-new/laragon/www/hospital-management/app/Http/Controllers/Agent/AgentDoctorBookingController.php:72)
[stacktrace]
#0 D:/laragon-new/laragon/www/hospital-management/vendor/composer/ClassLoader.php(427): {closure:Composer/Autoload/ClassLoader::initializeIncludeClosure():575}()
#1 [internal function]: Composer/Autoload/ClassLoader->loadClass()
#2 D:/laragon-new/laragon/www/hospital-management/vendor/laravel/framework/src/Illuminate/Routing/RouteSignatureParameters.php(46): method_exists()
#3 D:/laragon-new/laragon/www/hospital-management/vendor/laravel/framework/src/Illuminate/Routing/RouteSignatureParameters.php(26): Illuminate/Routing/RouteSignatureParameters::fromClassMethodString()
#4 D:/laragon-new/laragon/www/hospital-management/vendor/laravel/framework/src/Illuminate/Routing/Route.php(537): Illuminate/Routing/RouteSignatureParameters::fromAction()
#5 D:/laragon-new/laragon/www/hospital-management/vendor/tightenco/ziggy/src/Ziggy.php(173): Illuminate/Routing/Route->signatureParameters()
#6 D:/laragon-new/laragon/www/hospital-management/vendor/tightenco/ziggy/src/Ziggy.php(122): Tighten/Ziggy/Ziggy->resolveBindings()
#7 D:/laragon-new/laragon/www/hospital-management/vendor/tightenco/ziggy/src/Ziggy.php(32): Tighten/Ziggy/Ziggy->nameKeyedRoutes()
#8 D:/laragon-new/laragon/www/hospital-management/app/Http/Middleware/HandleInertiaRequests.php(31): Tighten/Ziggy/Ziggy->__construct()
#9 D:/laragon-new/laragon/www/hospital-management/vendor/laravel/framework/src/Illuminate/Container/BoundMethod.php(36): App/Http/Middleware/HandleInertiaRequests->{closure:App/Http/Middleware/HandleInertiaRequests::share():30}()
#10 D:/laragon-new/laragon/www/hospital-management/vendor/laravel/framework/src/Illuminate/Container/Util.php(41): Illuminate/Container/BoundMethod::{closure:Illuminate/Container/BoundMethod::call():35}()
#11 D:/laragon-new/laragon/www/hospital-management/vendor/laravel/framework/src/Illuminate/Container/BoundMethod.php(81): Illuminate/Container/Util::unwrapIfClosure()
#12 D:/laragon-new/laragon/www/hospital-management/vendor/laravel/framework/src/Illuminate/Container/BoundMethod.php(35): Illuminate/Container/BoundMethod::callBoundMethod()
#13 D:/laragon-new/laragon/www/hospital-management/vendor/laravel/framework/src/Illuminate/Container/Container.php(662): Illuminate/Container/BoundMethod::call()
#14 D:/laragon-new/laragon/www/hospital-management/vendor/laravel/framework/src/Illuminate/Support/Facades/Facade.php(355): Illuminate/Container/Container->call()
#15 D:/laragon-new/laragon/www/hospital-management/vendor/inertiajs/inertia-laravel/src/Response.php(120): Illuminate/Support/Facades/Facade::__callStatic()
#16 D:/laragon-new/laragon/www/hospital-management/vendor/inertiajs/inertia-laravel/src/Response.php(97): Inertia/Response->resolvePropertyInstances()
#17 D:/laragon-new/laragon/www/hospital-management/vendor/laravel/framework/src/Illuminate/Routing/Router.php(900): Inertia/Response->toResponse()
#18 D:/laragon-new/laragon/www/hospital-management/vendor/laravel/framework/src/Illuminate/Routing/Router.php(885): Illuminate/Routing/Router::toResponse()
#19 D:/laragon-new/laragon/www/hospital-management/vendor/laravel/framework/src/Illuminate/Routing/Router.php(805): Illuminate/Routing/Router->prepareResponse()
#20 D:/laragon-new/laragon/www/hospital-management/vendor/laravel/framework/src/Illuminate/Pipeline/Pipeline.php(144): Illuminate/Routing/Router->{closure:Illuminate/Routing/Router::runRouteWithinStack():805}()
#21 D:/laragon-new/laragon/www/hospital-management/vendor/laravel/framework/src/Illuminate/Http/Middleware/AddLinkHeadersForPreloadedAssets.php(20): Illuminate/Pipeline/Pipeline->{closure:Illuminate/Pipeline/Pipeline::prepareDestination():142}()
#22 D:/laragon-new/laragon/www/hospital-management/vendor/laravel/framework/src/Illuminate/Pipeline/Pipeline.php(183): Illuminate/Http/Middleware/AddLinkHeadersForPreloadedAssets->handle()
#23 D:/laragon-new/laragon/www/hospital-management/vendor/inertiajs/inertia-laravel/src/Middleware.php(87): Illuminate/Pipeline/Pipeline->{closure:{closure:Illuminate/Pipeline/Pipeline::carry():158}:159}()
#24 D:/laragon-new/laragon/www/hospital-management/vendor/laravel/framework/src/Illuminate/Pipeline/Pipeline.php(183): Inertia/Middleware->handle()
#25 D:/laragon-new/laragon/www/hospital-management/app/Http/Middleware/SetLocale.php(35): Illuminate/Pipeline/Pipeline->{closure:{closure:Illuminate/Pipeline/Pipeline::carry():158}:159}()
#26 D:/laragon-new/laragon/www/hospital-management/vendor/laravel/framework/src/Illuminate/Pipeline/Pipeline.php(183): App/Http/Middleware/SetLocale->handle()
#27 D:/laragon-new/laragon/www/hospital-management/vendor/laravel/framework/src/Illuminate/Routing/Middleware/SubstituteBindings.php(50): Illuminate/Pipeline/Pipeline->{closure:{closure:Illuminate/Pipeline/Pipeline::carry():158}:159}()
#28 D:/laragon-new/laragon/www/hospital-management/vendor/laravel/framework/src/Illuminate/Pipeline/Pipeline.php(183): Illuminate/Routing/Middleware/SubstituteBindings->handle()
#29 D:/laragon-new/laragon/www/hospital-management/vendor/laravel/framework/src/Illuminate/Auth/Middleware/Authenticate.php(57): Illuminate/Pipeline/Pipeline->{closure:{closure:Illuminate/Pipeline/Pipeline::carry():158}:159}()
#30 D:/laragon-new/laragon/www/hospital-management/vendor/laravel/framework/src/Illuminate/Pipeline/Pipeline.php(183): Illuminate/Auth/Middleware/Authenticate->handle()
#31 D:/laragon-new/laragon/www/hospital-management/vendor/laravel/framework/src/Illuminate/Foundation/Http/Middleware/VerifyCsrfToken.php(78): Illuminate/Pipeline/Pipeline->{closure:{closure:Illuminate/Pipeline/Pipeline::carry():158}:159}()
#32 D:/laragon-new/laragon/www/hospital-management/vendor/laravel/framework/src/Illuminate/Pipeline/Pipeline.php(183): Illuminate/Foundation/Http/Middleware/VerifyCsrfToken->handle()
#33 D:/laragon-new/laragon/www/hospital-management/vendor/laravel/framework/src/Illuminate/View/Middleware/ShareErrorsFromSession.php(49): Illuminate/Pipeline/Pipeline->{closure:{closure:Illuminate/Pipeline/Pipeline::carry():158}:159}()
#34 D:/laragon-new/laragon/www/hospital-management/vendor/laravel/framework/src/Illuminate/Pipeline/Pipeline.php(183): Illuminate/View/Middleware/ShareErrorsFromSession->handle()
#35 D:/laragon-new/laragon/www/hospital-management/vendor/laravel/framework/src/Illuminate/Session/Middleware/StartSession.php(121): Illuminate/Pipeline/Pipeline->{closure:{closure:Illuminate/Pipeline/Pipeline::carry():158}:159}()
#36 D:/laragon-new/laragon/www/hospital-management/vendor/laravel/framework/src/Illuminate/Session/Middleware/StartSession.php(64): Illuminate/Session/Middleware/StartSession->handleStatefulRequest()
#37 D:/laragon-new/laragon/www/hospital-management/vendor/laravel/framework/src/Illuminate/Pipeline/Pipeline.php(183): Illuminate/Session/Middleware/StartSession->handle()
#38 D:/laragon-new/laragon/www/hospital-management/vendor/laravel/framework/src/Illuminate/Cookie/Middleware/AddQueuedCookiesToResponse.php(37): Illuminate/Pipeline/Pipeline->{closure:{closure:Illuminate/Pipeline/Pipeline::carry():158}:159}()
#39 D:/laragon-new/laragon/www/hospital-management/vendor/laravel/framework/src/Illuminate/Pipeline/Pipeline.php(183): Illuminate/Cookie/Middleware/AddQueuedCookiesToResponse->handle()
#40 D:/laragon-new/laragon/www/hospital-management/vendor/laravel/framework/src/Illuminate/Cookie/Middleware/EncryptCookies.php(67): Illuminate/Pipeline/Pipeline->{closure:{closure:Illuminate/Pipeline/Pipeline::carry():158}:159}()
#41 D:/laragon-new/laragon/www/hospital-management/vendor/laravel/framework/src/Illuminate/Pipeline/Pipeline.php(183): Illuminate/Cookie/Middleware/EncryptCookies->handle()
#42 D:/laragon-new/laragon/www/hospital-management/vendor/laravel/framework/src/Illuminate/Pipeline/Pipeline.php(119): Illuminate/Pipeline/Pipeline->{closure:{closure:Illuminate/Pipeline/Pipeline::carry():158}:159}()
#43 D:/laragon-new/laragon/www/hospital-management/vendor/laravel/framework/src/Illuminate/Routing/Router.php(805): Illuminate/Pipeline/Pipeline->then()
#44 D:/laragon-new/laragon/www/hospital-management/vendor/laravel/framework/src/Illuminate/Routing/Router.php(784): Illuminate/Routing/Router->runRouteWithinStack()
#45 D:/laragon-new/laragon/www/hospital-management/vendor/laravel/framework/src/Illuminate/Routing/Router.php(748): Illuminate/Routing/Router->runRoute()
#46 D:/laragon-new/laragon/www/hospital-management/vendor/laravel/framework/src/Illuminate/Routing/Router.php(737): Illuminate/Routing/Router->dispatchToRoute()
#47 D:/laragon-new/laragon/www/hospital-management/vendor/laravel/framework/src/Illuminate/Foundation/Http/Kernel.php(200): Illuminate/Routing/Router->dispatch()
#48 D:/laragon-new/laragon/www/hospital-management/vendor/laravel/framework/src/Illuminate/Pipeline/Pipeline.php(144): Illuminate/Foundation/Http/Kernel->{closure:Illuminate/Foundation/Http/Kernel::dispatchToRouter():197}()
#49 D:/laragon-new/laragon/www/hospital-management/vendor/laravel/framework/src/Illuminate/Foundation/Http/Middleware/TransformsRequest.php(21): Illuminate/Pipeline/Pipeline->{closure:Illuminate/Pipeline/Pipeline::prepareDestination():142}()
#50 D:/laragon-new/laragon/www/hospital-management/vendor/laravel/framework/src/Illuminate/Foundation/Http/Middleware/ConvertEmptyStringsToNull.php(31): Illuminate/Foundation/Http/Middleware/TransformsRequest->handle()
#51 D:/laragon-new/laragon/www/hospital-management/vendor/laravel/framework/src/Illuminate/Pipeline/Pipeline.php(183): Illuminate/Foundation/Http/Middleware/ConvertEmptyStringsToNull->handle()
#52 D:/laragon-new/laragon/www/hospital-management/vendor/laravel/framework/src/Illuminate/Foundation/Http/Middleware/TransformsRequest.php(21): Illuminate/Pipeline/Pipeline->{closure:{closure:Illuminate/Pipeline/Pipeline::carry():158}:159}()
#53 D:/laragon-new/laragon/www/hospital-management/vendor/laravel/framework/src/Illuminate/Foundation/Http/Middleware/TrimStrings.php(40): Illuminate/Foundation/Http/Middleware/TransformsRequest->handle()
#54 D:/laragon-new/laragon/www/hospital-management/vendor/laravel/framework/src/Illuminate/Pipeline/Pipeline.php(183): Illuminate/Foundation/Http/Middleware/TrimStrings->handle()
#55 D:/laragon-new/laragon/www/hospital-management/vendor/laravel/framework/src/Illuminate/Foundation/Http/Middleware/ValidatePostSize.php(27): Illuminate/Pipeline/Pipeline->{closure:{closure:Illuminate/Pipeline/Pipeline::carry():158}:159}()
#56 D:/laragon-new/laragon/www/hospital-management/vendor/laravel/framework/src/Illuminate/Pipeline/Pipeline.php(183): Illuminate/Foundation/Http/Middleware/ValidatePostSize->handle()
#57 D:/laragon-new/laragon/www/hospital-management/vendor/laravel/framework/src/Illuminate/Foundation/Http/Middleware/PreventRequestsDuringMaintenance.php(99): Illuminate/Pipeline/Pipeline->{closure:{closure:Illuminate/Pipeline/Pipeline::carry():158}:159}()
#58 D:/laragon-new/laragon/www/hospital-management/vendor/laravel/framework/src/Illuminate/Pipeline/Pipeline.php(183): Illuminate/Foundation/Http/Middleware/PreventRequestsDuringMaintenance->handle()
#59 D:/laragon-new/laragon/www/hospital-management/vendor/laravel/framework/src/Illuminate/Http/Middleware/HandleCors.php(49): Illuminate/Pipeline/Pipeline->{closure:{closure:Illuminate/Pipeline/Pipeline::carry():158}:159}()
#60 D:/laragon-new/laragon/www/hospital-management/vendor/laravel/framework/src/Illuminate/Pipeline/Pipeline.php(183): Illuminate/Http/Middleware/HandleCors->handle()
#61 D:/laragon-new/laragon/www/hospital-management/vendor/laravel/framework/src/Illuminate/Http/Middleware/TrustProxies.php(39): Illuminate/Pipeline/Pipeline->{closure:{closure:Illuminate/Pipeline/Pipeline::carry():158}:159}()
#62 D:/laragon-new/laragon/www/hospital-management/vendor/laravel/framework/src/Illuminate/Pipeline/Pipeline.php(183): Illuminate/Http/Middleware/TrustProxies->handle()
#63 D:/laragon-new/laragon/www/hospital-management/vendor/laravel/framework/src/Illuminate/Pipeline/Pipeline.php(119): Illuminate/Pipeline/Pipeline->{closure:{closure:Illuminate/Pipeline/Pipeline::carry():158}:159}()
#64 D:/laragon-new/laragon/www/hospital-management/vendor/laravel/framework/src/Illuminate/Foundation/Http/Kernel.php(175): Illuminate/Pipeline/Pipeline->then()
#65 D:/laragon-new/laragon/www/hospital-management/vendor/laravel/framework/src/Illuminate/Foundation/Http/Kernel.php(144): Illuminate/Foundation/Http/Kernel->sendRequestThroughRouter()
#66 D:/laragon-new/laragon/www/hospital-management/public/index.php(55): Illuminate/Foundation/Http/Kernel->handle()
#67 D:/laragon-new/laragon/www/hospital-management/vendor/laravel/framework/src/Illuminate/Foundation/resources/server.php(16): require_once('...')
#68 {main}
"} 
[2026-08-08 16:01:02] local.ERROR: Unclosed '[' on line 66 does not match ')' {"userId":2,"exception":"[object] (ParseError(code: 0): Unclosed '[' on line 66 does not match ')' at D:/laragon-new/laragon/www/hospital-management/app/Http/Controllers/Agent/AgentDoctorBookingController.php:72)
[stacktrace]
#0 D:/laragon-new/laragon/www/hospital-management/vendor/composer/ClassLoader.php(427): {closure:Composer/Autoload/ClassLoader::initializeIncludeClosure():575}()
#1 [internal function]: Composer/Autoload/ClassLoader->loadClass()
#2 D:/laragon-new/laragon/www/hospital-management/vendor/laravel/framework/src/Illuminate/Routing/RouteSignatureParameters.php(46): method_exists()
#3 D:/laragon-new/laragon/www/hospital-management/vendor/laravel/framework/src/Illuminate/Routing/RouteSignatureParameters.php(26): Illuminate/Routing/RouteSignatureParameters::fromClassMethodString()
#4 D:/laragon-new/laragon/www/hospital-management/vendor/laravel/framework/src/Illuminate/Routing/Route.php(537): Illuminate/Routing/RouteSignatureParameters::fromAction()
#5 D:/laragon-new/laragon/www/hospital-management/vendor/tightenco/ziggy/src/Ziggy.php(173): Illuminate/Routing/Route->signatureParameters()
#6 D:/laragon-new/laragon/www/hospital-management/vendor/tightenco/ziggy/src/Ziggy.php(122): Tighten/Ziggy/Ziggy->resolveBindings()
#7 D:/laragon-new/laragon/www/hospital-management/vendor/tightenco/ziggy/src/Ziggy.php(32): Tighten/Ziggy/Ziggy->nameKeyedRoutes()
#8 D:/laragon-new/laragon/www/hospital-management/app/Http/Middleware/HandleInertiaRequests.php(31): Tighten/Ziggy/Ziggy->__construct()
#9 D:/laragon-new/laragon/www/hospital-management/vendor/laravel/framework/src/Illuminate/Container/BoundMethod.php(36): App/Http/Middleware/HandleInertiaRequests->{closure:App/Http/Middleware/HandleInertiaRequests::share():30}()
#10 D:/laragon-new/laragon/www/hospital-management/vendor/laravel/framework/src/Illuminate/Container/Util.php(41): Illuminate/Container/BoundMethod::{closure:Illuminate/Container/BoundMethod::call():35}()
#11 D:/laragon-new/laragon/www/hospital-management/vendor/laravel/framework/src/Illuminate/Container/BoundMethod.php(81): Illuminate/Container/Util::unwrapIfClosure()
#12 D:/laragon-new/laragon/www/hospital-management/vendor/laravel/framework/src/Illuminate/Container/BoundMethod.php(35): Illuminate/Container/BoundMethod::callBoundMethod()
#13 D:/laragon-new/laragon/www/hospital-management/vendor/laravel/framework/src/Illuminate/Container/Container.php(662): Illuminate/Container/BoundMethod::call()
#14 D:/laragon-new/laragon/www/hospital-management/vendor/laravel/framework/src/Illuminate/Support/Facades/Facade.php(355): Illuminate/Container/Container->call()
#15 D:/laragon-new/laragon/www/hospital-management/vendor/inertiajs/inertia-laravel/src/Response.php(120): Illuminate/Support/Facades/Facade::__callStatic()
#16 D:/laragon-new/laragon/www/hospital-management/vendor/inertiajs/inertia-laravel/src/Response.php(97): Inertia/Response->resolvePropertyInstances()
#17 D:/laragon-new/laragon/www/hospital-management/vendor/laravel/framework/src/Illuminate/Routing/Router.php(900): Inertia/Response->toResponse()
#18 D:/laragon-new/laragon/www/hospital-management/vendor/laravel/framework/src/Illuminate/Routing/Router.php(885): Illuminate/Routing/Router::toResponse()
#19 D:/laragon-new/laragon/www/hospital-management/vendor/laravel/framework/src/Illuminate/Routing/Router.php(805): Illuminate/Routing/Router->prepareResponse()
#20 D:/laragon-new/laragon/www/hospital-management/vendor/laravel/framework/src/Illuminate/Pipeline/Pipeline.php(144): Illuminate/Routing/Router->{closure:Illuminate/Routing/Router::runRouteWithinStack():805}()
#21 D:/laragon-new/laragon/www/hospital-management/vendor/laravel/framework/src/Illuminate/Http/Middleware/AddLinkHeadersForPreloadedAssets.php(20): Illuminate/Pipeline/Pipeline->{closure:Illuminate/Pipeline/Pipeline::prepareDestination():142}()
#22 D:/laragon-new/laragon/www/hospital-management/vendor/laravel/framework/src/Illuminate/Pipeline/Pipeline.php(183): Illuminate/Http/Middleware/AddLinkHeadersForPreloadedAssets->handle()
#23 D:/laragon-new/laragon/www/hospital-management/vendor/inertiajs/inertia-laravel/src/Middleware.php(87): Illuminate/Pipeline/Pipeline->{closure:{closure:Illuminate/Pipeline/Pipeline::carry():158}:159}()
#24 D:/laragon-new/laragon/www/hospital-management/vendor/laravel/framework/src/Illuminate/Pipeline/Pipeline.php(183): Inertia/Middleware->handle()
#25 D:/laragon-new/laragon/www/hospital-management/app/Http/Middleware/SetLocale.php(35): Illuminate/Pipeline/Pipeline->{closure:{closure:Illuminate/Pipeline/Pipeline::carry():158}:159}()
#26 D:/laragon-new/laragon/www/hospital-management/vendor/laravel/framework/src/Illuminate/Pipeline/Pipeline.php(183): App/Http/Middleware/SetLocale->handle()
#27 D:/laragon-new/laragon/www/hospital-management/vendor/laravel/framework/src/Illuminate/Routing/Middleware/SubstituteBindings.php(50): Illuminate/Pipeline/Pipeline->{closure:{closure:Illuminate/Pipeline/Pipeline::carry():158}:159}()
#28 D:/laragon-new/laragon/www/hospital-management/vendor/laravel/framework/src/Illuminate/Pipeline/Pipeline.php(183): Illuminate/Routing/Middleware/SubstituteBindings->handle()
#29 D:/laragon-new/laragon/www/hospital-management/vendor/laravel/framework/src/Illuminate/Auth/Middleware/Authenticate.php(57): Illuminate/Pipeline/Pipeline->{closure:{closure:Illuminate/Pipeline/Pipeline::carry():158}:159}()
#30 D:/laragon-new/laragon/www/hospital-management/vendor/laravel/framework/src/Illuminate/Pipeline/Pipeline.php(183): Illuminate/Auth/Middleware/Authenticate->handle()
#31 D:/laragon-new/laragon/www/hospital-management/vendor/laravel/framework/src/Illuminate/Foundation/Http/Middleware/VerifyCsrfToken.php(78): Illuminate/Pipeline/Pipeline->{closure:{closure:Illuminate/Pipeline/Pipeline::carry():158}:159}()
#32 D:/laragon-new/laragon/www/hospital-management/vendor/laravel/framework/src/Illuminate/Pipeline/Pipeline.php(183): Illuminate/Foundation/Http/Middleware/VerifyCsrfToken->handle()
#33 D:/laragon-new/laragon/www/hospital-management/vendor/laravel/framework/src/Illuminate/View/Middleware/ShareErrorsFromSession.php(49): Illuminate/Pipeline/Pipeline->{closure:{closure:Illuminate/Pipeline/Pipeline::carry():158}:159}()
#34 D:/laragon-new/laragon/www/hospital-management/vendor/laravel/framework/src/Illuminate/Pipeline/Pipeline.php(183): Illuminate/View/Middleware/ShareErrorsFromSession->handle()
#35 D:/laragon-new/laragon/www/hospital-management/vendor/laravel/framework/src/Illuminate/Session/Middleware/StartSession.php(121): Illuminate/Pipeline/Pipeline->{closure:{closure:Illuminate/Pipeline/Pipeline::carry():158}:159}()
#36 D:/laragon-new/laragon/www/hospital-management/vendor/laravel/framework/src/Illuminate/Session/Middleware/StartSession.php(64): Illuminate/Session/Middleware/StartSession->handleStatefulRequest()
#37 D:/laragon-new/laragon/www/hospital-management/vendor/laravel/framework/src/Illuminate/Pipeline/Pipeline.php(183): Illuminate/Session/Middleware/StartSession->handle()
#38 D:/laragon-new/laragon/www/hospital-management/vendor/laravel/framework/src/Illuminate/Cookie/Middleware/AddQueuedCookiesToResponse.php(37): Illuminate/Pipeline/Pipeline->{closure:{closure:Illuminate/Pipeline/Pipeline::carry():158}:159}()
#39 D:/laragon-new/laragon/www/hospital-management/vendor/laravel/framework/src/Illuminate/Pipeline/Pipeline.php(183): Illuminate/Cookie/Middleware/AddQueuedCookiesToResponse->handle()
#40 D:/laragon-new/laragon/www/hospital-management/vendor/laravel/framework/src/Illuminate/Cookie/Middleware/EncryptCookies.php(67): Illuminate/Pipeline/Pipeline->{closure:{closure:Illuminate/Pipeline/Pipeline::carry():158}:159}()
#41 D:/laragon-new/laragon/www/hospital-management/vendor/laravel/framework/src/Illuminate/Pipeline/Pipeline.php(183): Illuminate/Cookie/Middleware/EncryptCookies->handle()
#42 D:/laragon-new/laragon/www/hospital-management/vendor/laravel/framework/src/Illuminate/Pipeline/Pipeline.php(119): Illuminate/Pipeline/Pipeline->{closure:{closure:Illuminate/Pipeline/Pipeline::carry():158}:159}()
#43 D:/laragon-new/laragon/www/hospital-management/vendor/laravel/framework/src/Illuminate/Routing/Router.php(805): Illuminate/Pipeline/Pipeline->then()
#44 D:/laragon-new/laragon/www/hospital-management/vendor/laravel/framework/src/Illuminate/Routing/Router.php(784): Illuminate/Routing/Router->runRouteWithinStack()
#45 D:/laragon-new/laragon/www/hospital-management/vendor/laravel/framework/src/Illuminate/Routing/Router.php(748): Illuminate/Routing/Router->runRoute()
#46 D:/laragon-new/laragon/www/hospital-management/vendor/laravel/framework/src/Illuminate/Routing/Router.php(737): Illuminate/Routing/Router->dispatchToRoute()
#47 D:/laragon-new/laragon/www/hospital-management/vendor/laravel/framework/src/Illuminate/Foundation/Http/Kernel.php(200): Illuminate/Routing/Router->dispatch()
#48 D:/laragon-new/laragon/www/hospital-management/vendor/laravel/framework/src/Illuminate/Pipeline/Pipeline.php(144): Illuminate/Foundation/Http/Kernel->{closure:Illuminate/Foundation/Http/Kernel::dispatchToRouter():197}()
#49 D:/laragon-new/laragon/www/hospital-management/vendor/laravel/framework/src/Illuminate/Foundation/Http/Middleware/TransformsRequest.php(21): Illuminate/Pipeline/Pipeline->{closure:Illuminate/Pipeline/Pipeline::prepareDestination():142}()
#50 D:/laragon-new/laragon/www/hospital-management/vendor/laravel/framework/src/Illuminate/Foundation/Http/Middleware/ConvertEmptyStringsToNull.php(31): Illuminate/Foundation/Http/Middleware/TransformsRequest->handle()
#51 D:/laragon-new/laragon/www/hospital-management/vendor/laravel/framework/src/Illuminate/Pipeline/Pipeline.php(183): Illuminate/Foundation/Http/Middleware/ConvertEmptyStringsToNull->handle()
#52 D:/laragon-new/laragon/www/hospital-management/vendor/laravel/framework/src/Illuminate/Foundation/Http/Middleware/TransformsRequest.php(21): Illuminate/Pipeline/Pipeline->{closure:{closure:Illuminate/Pipeline/Pipeline::carry():158}:159}()
#53 D:/laragon-new/laragon/www/hospital-management/vendor/laravel/framework/src/Illuminate/Foundation/Http/Middleware/TrimStrings.php(40): Illuminate/Foundation/Http/Middleware/TransformsRequest->handle()
#54 D:/laragon-new/laragon/www/hospital-management/vendor/laravel/framework/src/Illuminate/Pipeline/Pipeline.php(183): Illuminate/Foundation/Http/Middleware/TrimStrings->handle()
#55 D:/laragon-new/laragon/www/hospital-management/vendor/laravel/framework/src/Illuminate/Foundation/Http/Middleware/ValidatePostSize.php(27): Illuminate/Pipeline/Pipeline->{closure:{closure:Illuminate/Pipeline/Pipeline::carry():158}:159}()
#56 D:/laragon-new/laragon/www/hospital-management/vendor/laravel/framework/src/Illuminate/Pipeline/Pipeline.php(183): Illuminate/Foundation/Http/Middleware/ValidatePostSize->handle()
#57 D:/laragon-new/laragon/www/hospital-management/vendor/laravel/framework/src/Illuminate/Foundation/Http/Middleware/PreventRequestsDuringMaintenance.php(99): Illuminate/Pipeline/Pipeline->{closure:{closure:Illuminate/Pipeline/Pipeline::carry():158}:159}()
#58 D:/laragon-new/laragon/www/hospital-management/vendor/laravel/framework/src/Illuminate/Pipeline/Pipeline.php(183): Illuminate/Foundation/Http/Middleware/PreventRequestsDuringMaintenance->handle()
#59 D:/laragon-new/laragon/www/hospital-management/vendor/laravel/framework/src/Illuminate/Http/Middleware/HandleCors.php(49): Illuminate/Pipeline/Pipeline->{closure:{closure:Illuminate/Pipeline/Pipeline::carry():158}:159}()
#60 D:/laragon-new/laragon/www/hospital-management/vendor/laravel/framework/src/Illuminate/Pipeline/Pipeline.php(183): Illuminate/Http/Middleware/HandleCors->handle()
#61 D:/laragon-new/laragon/www/hospital-management/vendor/laravel/framework/src/Illuminate/Http/Middleware/TrustProxies.php(39): Illuminate/Pipeline/Pipeline->{closure:{closure:Illuminate/Pipeline/Pipeline::carry():158}:159}()
#62 D:/laragon-new/laragon/www/hospital-management/vendor/laravel/framework/src/Illuminate/Pipeline/Pipeline.php(183): Illuminate/Http/Middleware/TrustProxies->handle()
#63 D:/laragon-new/laragon/www/hospital-management/vendor/laravel/framework/src/Illuminate/Pipeline/Pipeline.php(119): Illuminate/Pipeline/Pipeline->{closure:{closure:Illuminate/Pipeline/Pipeline::carry():158}:159}()
#64 D:/laragon-new/laragon/www/hospital-management/vendor/laravel/framework/src/Illuminate/Foundation/Http/Kernel.php(175): Illuminate/Pipeline/Pipeline->then()
#65 D:/laragon-new/laragon/www/hospital-management/vendor/laravel/framework/src/Illuminate/Foundation/Http/Kernel.php(144): Illuminate/Foundation/Http/Kernel->sendRequestThroughRouter()
#66 D:/laragon-new/laragon/www/hospital-management/public/index.php(55): Illuminate/Foundation/Http/Kernel->handle()
#67 D:/laragon-new/laragon/www/hospital-management/vendor/laravel/framework/src/Illuminate/Foundation/resources/server.php(16): require_once('...')
#68 {main}
"} 
[2026-08-08 16:01:13] local.ERROR: Unclosed '[' on line 66 does not match ')' {"userId":2,"exception":"[object] (ParseError(code: 0): Unclosed '[' on line 66 does not match ')' at D:/laragon-new/laragon/www/hospital-management/app/Http/Controllers/Agent/AgentDoctorBookingController.php:72)
[stacktrace]
#0 D:/laragon-new/laragon/www/hospital-management/vendor/composer/ClassLoader.php(427): {closure:Composer/Autoload/ClassLoader::initializeIncludeClosure():575}()
#1 [internal function]: Composer/Autoload/ClassLoader->loadClass()
#2 D:/laragon-new/laragon/www/hospital-management/vendor/laravel/framework/src/Illuminate/Routing/RouteSignatureParameters.php(46): method_exists()
#3 D:/laragon-new/laragon/www/hospital-management/vendor/laravel/framework/src/Illuminate/Routing/RouteSignatureParameters.php(26): Illuminate/Routing/RouteSignatureParameters::fromClassMethodString()
#4 D:/laragon-new/laragon/www/hospital-management/vendor/laravel/framework/src/Illuminate/Routing/Route.php(537): Illuminate/Routing/RouteSignatureParameters::fromAction()
#5 D:/laragon-new/laragon/www/hospital-management/vendor/tightenco/ziggy/src/Ziggy.php(173): Illuminate/Routing/Route->signatureParameters()
#6 D:/laragon-new/laragon/www/hospital-management/vendor/tightenco/ziggy/src/Ziggy.php(122): Tighten/Ziggy/Ziggy->resolveBindings()
#7 D:/laragon-new/laragon/www/hospital-management/vendor/tightenco/ziggy/src/Ziggy.php(32): Tighten/Ziggy/Ziggy->nameKeyedRoutes()
#8 D:/laragon-new/laragon/www/hospital-management/app/Http/Middleware/HandleInertiaRequests.php(31): Tighten/Ziggy/Ziggy->__construct()
#9 D:/laragon-new/laragon/www/hospital-management/vendor/laravel/framework/src/Illuminate/Container/BoundMethod.php(36): App/Http/Middleware/HandleInertiaRequests->{closure:App/Http/Middleware/HandleInertiaRequests::share():30}()
#10 D:/laragon-new/laragon/www/hospital-management/vendor/laravel/framework/src/Illuminate/Container/Util.php(41): Illuminate/Container/BoundMethod::{closure:Illuminate/Container/BoundMethod::call():35}()
#11 D:/laragon-new/laragon/www/hospital-management/vendor/laravel/framework/src/Illuminate/Container/BoundMethod.php(81): Illuminate/Container/Util::unwrapIfClosure()
#12 D:/laragon-new/laragon/www/hospital-management/vendor/laravel/framework/src/Illuminate/Container/BoundMethod.php(35): Illuminate/Container/BoundMethod::callBoundMethod()
#13 D:/laragon-new/laragon/www/hospital-management/vendor/laravel/framework/src/Illuminate/Container/Container.php(662): Illuminate/Container/BoundMethod::call()
#14 D:/laragon-new/laragon/www/hospital-management/vendor/laravel/framework/src/Illuminate/Support/Facades/Facade.php(355): Illuminate/Container/Container->call()
#15 D:/laragon-new/laragon/www/hospital-management/vendor/inertiajs/inertia-laravel/src/Response.php(120): Illuminate/Support/Facades/Facade::__callStatic()
#16 D:/laragon-new/laragon/www/hospital-management/vendor/inertiajs/inertia-laravel/src/Response.php(97): Inertia/Response->resolvePropertyInstances()
#17 D:/laragon-new/laragon/www/hospital-management/vendor/laravel/framework/src/Illuminate/Routing/Router.php(900): Inertia/Response->toResponse()
#18 D:/laragon-new/laragon/www/hospital-management/vendor/laravel/framework/src/Illuminate/Routing/Router.php(885): Illuminate/Routing/Router::toResponse()
#19 D:/laragon-new/laragon/www/hospital-management/vendor/laravel/framework/src/Illuminate/Routing/Router.php(805): Illuminate/Routing/Router->prepareResponse()
#20 D:/laragon-new/laragon/www/hospital-management/vendor/laravel/framework/src/Illuminate/Pipeline/Pipeline.php(144): Illuminate/Routing/Router->{closure:Illuminate/Routing/Router::runRouteWithinStack():805}()
#21 D:/laragon-new/laragon/www/hospital-management/vendor/laravel/framework/src/Illuminate/Http/Middleware/AddLinkHeadersForPreloadedAssets.php(20): Illuminate/Pipeline/Pipeline->{closure:Illuminate/Pipeline/Pipeline::prepareDestination():142}()
#22 D:/laragon-new/laragon/www/hospital-management/vendor/laravel/framework/src/Illuminate/Pipeline/Pipeline.php(183): Illuminate/Http/Middleware/AddLinkHeadersForPreloadedAssets->handle()
#23 D:/laragon-new/laragon/www/hospital-management/vendor/inertiajs/inertia-laravel/src/Middleware.php(87): Illuminate/Pipeline/Pipeline->{closure:{closure:Illuminate/Pipeline/Pipeline::carry():158}:159}()
#24 D:/laragon-new/laragon/www/hospital-management/vendor/laravel/framework/src/Illuminate/Pipeline/Pipeline.php(183): Inertia/Middleware->handle()
#25 D:/laragon-new/laragon/www/hospital-management/app/Http/Middleware/SetLocale.php(35): Illuminate/Pipeline/Pipeline->{closure:{closure:Illuminate/Pipeline/Pipeline::carry():158}:159}()
#26 D:/laragon-new/laragon/www/hospital-management/vendor/laravel/framework/src/Illuminate/Pipeline/Pipeline.php(183): App/Http/Middleware/SetLocale->handle()
#27 D:/laragon-new/laragon/www/hospital-management/vendor/laravel/framework/src/Illuminate/Routing/Middleware/SubstituteBindings.php(50): Illuminate/Pipeline/Pipeline->{closure:{closure:Illuminate/Pipeline/Pipeline::carry():158}:159}()
#28 D:/laragon-new/laragon/www/hospital-management/vendor/laravel/framework/src/Illuminate/Pipeline/Pipeline.php(183): Illuminate/Routing/Middleware/SubstituteBindings->handle()
#29 D:/laragon-new/laragon/www/hospital-management/vendor/laravel/framework/src/Illuminate/Auth/Middleware/Authenticate.php(57): Illuminate/Pipeline/Pipeline->{closure:{closure:Illuminate/Pipeline/Pipeline::carry():158}:159}()
#30 D:/laragon-new/laragon/www/hospital-management/vendor/laravel/framework/src/Illuminate/Pipeline/Pipeline.php(183): Illuminate/Auth/Middleware/Authenticate->handle()
#31 D:/laragon-new/laragon/www/hospital-management/vendor/laravel/framework/src/Illuminate/Foundation/Http/Middleware/VerifyCsrfToken.php(78): Illuminate/Pipeline/Pipeline->{closure:{closure:Illuminate/Pipeline/Pipeline::carry():158}:159}()
#32 D:/laragon-new/laragon/www/hospital-management/vendor/laravel/framework/src/Illuminate/Pipeline/Pipeline.php(183): Illuminate/Foundation/Http/Middleware/VerifyCsrfToken->handle()
#33 D:/laragon-new/laragon/www/hospital-management/vendor/laravel/framework/src/Illuminate/View/Middleware/ShareErrorsFromSession.php(49): Illuminate/Pipeline/Pipeline->{closure:{closure:Illuminate/Pipeline/Pipeline::carry():158}:159}()
#34 D:/laragon-new/laragon/www/hospital-management/vendor/laravel/framework/src/Illuminate/Pipeline/Pipeline.php(183): Illuminate/View/Middleware/ShareErrorsFromSession->handle()
#35 D:/laragon-new/laragon/www/hospital-management/vendor/laravel/framework/src/Illuminate/Session/Middleware/StartSession.php(121): Illuminate/Pipeline/Pipeline->{closure:{closure:Illuminate/Pipeline/Pipeline::carry():158}:159}()
#36 D:/laragon-new/laragon/www/hospital-management/vendor/laravel/framework/src/Illuminate/Session/Middleware/StartSession.php(64): Illuminate/Session/Middleware/StartSession->handleStatefulRequest()
#37 D:/laragon-new/laragon/www/hospital-management/vendor/laravel/framework/src/Illuminate/Pipeline/Pipeline.php(183): Illuminate/Session/Middleware/StartSession->handle()
#38 D:/laragon-new/laragon/www/hospital-management/vendor/laravel/framework/src/Illuminate/Cookie/Middleware/AddQueuedCookiesToResponse.php(37): Illuminate/Pipeline/Pipeline->{closure:{closure:Illuminate/Pipeline/Pipeline::carry():158}:159}()
#39 D:/laragon-new/laragon/www/hospital-management/vendor/laravel/framework/src/Illuminate/Pipeline/Pipeline.php(183): Illuminate/Cookie/Middleware/AddQueuedCookiesToResponse->handle()
#40 D:/laragon-new/laragon/www/hospital-management/vendor/laravel/framework/src/Illuminate/Cookie/Middleware/EncryptCookies.php(67): Illuminate/Pipeline/Pipeline->{closure:{closure:Illuminate/Pipeline/Pipeline::carry():158}:159}()
#41 D:/laragon-new/laragon/www/hospital-management/vendor/laravel/framework/src/Illuminate/Pipeline/Pipeline.php(183): Illuminate/Cookie/Middleware/EncryptCookies->handle()
#42 D:/laragon-new/laragon/www/hospital-management/vendor/laravel/framework/src/Illuminate/Pipeline/Pipeline.php(119): Illuminate/Pipeline/Pipeline->{closure:{closure:Illuminate/Pipeline/Pipeline::carry():158}:159}()
#43 D:/laragon-new/laragon/www/hospital-management/vendor/laravel/framework/src/Illuminate/Routing/Router.php(805): Illuminate/Pipeline/Pipeline->then()
#44 D:/laragon-new/laragon/www/hospital-management/vendor/laravel/framework/src/Illuminate/Routing/Router.php(784): Illuminate/Routing/Router->runRouteWithinStack()
#45 D:/laragon-new/laragon/www/hospital-management/vendor/laravel/framework/src/Illuminate/Routing/Router.php(748): Illuminate/Routing/Router->runRoute()
#46 D:/laragon-new/laragon/www/hospital-management/vendor/laravel/framework/src/Illuminate/Routing/Router.php(737): Illuminate/Routing/Router->dispatchToRoute()
#47 D:/laragon-new/laragon/www/hospital-management/vendor/laravel/framework/src/Illuminate/Foundation/Http/Kernel.php(200): Illuminate/Routing/Router->dispatch()
#48 D:/laragon-new/laragon/www/hospital-management/vendor/laravel/framework/src/Illuminate/Pipeline/Pipeline.php(144): Illuminate/Foundation/Http/Kernel->{closure:Illuminate/Foundation/Http/Kernel::dispatchToRouter():197}()
#49 D:/laragon-new/laragon/www/hospital-management/vendor/laravel/framework/src/Illuminate/Foundation/Http/Middleware/TransformsRequest.php(21): Illuminate/Pipeline/Pipeline->{closure:Illuminate/Pipeline/Pipeline::prepareDestination():142}()
#50 D:/laragon-new/laragon/www/hospital-management/vendor/laravel/framework/src/Illuminate/Foundation/Http/Middleware/ConvertEmptyStringsToNull.php(31): Illuminate/Foundation/Http/Middleware/TransformsRequest->handle()
#51 D:/laragon-new/laragon/www/hospital-management/vendor/laravel/framework/src/Illuminate/Pipeline/Pipeline.php(183): Illuminate/Foundation/Http/Middleware/ConvertEmptyStringsToNull->handle()
#52 D:/laragon-new/laragon/www/hospital-management/vendor/laravel/framework/src/Illuminate/Foundation/Http/Middleware/TransformsRequest.php(21): Illuminate/Pipeline/Pipeline->{closure:{closure:Illuminate/Pipeline/Pipeline::carry():158}:159}()
#53 D:/laragon-new/laragon/www/hospital-management/vendor/laravel/framework/src/Illuminate/Foundation/Http/Middleware/TrimStrings.php(40): Illuminate/Foundation/Http/Middleware/TransformsRequest->handle()
#54 D:/laragon-new/laragon/www/hospital-management/vendor/laravel/framework/src/Illuminate/Pipeline/Pipeline.php(183): Illuminate/Foundation/Http/Middleware/TrimStrings->handle()
#55 D:/laragon-new/laragon/www/hospital-management/vendor/laravel/framework/src/Illuminate/Foundation/Http/Middleware/ValidatePostSize.php(27): Illuminate/Pipeline/Pipeline->{closure:{closure:Illuminate/Pipeline/Pipeline::carry():158}:159}()
#56 D:/laragon-new/laragon/www/hospital-management/vendor/laravel/framework/src/Illuminate/Pipeline/Pipeline.php(183): Illuminate/Foundation/Http/Middleware/ValidatePostSize->handle()
#57 D:/laragon-new/laragon/www/hospital-management/vendor/laravel/framework/src/Illuminate/Foundation/Http/Middleware/PreventRequestsDuringMaintenance.php(99): Illuminate/Pipeline/Pipeline->{closure:{closure:Illuminate/Pipeline/Pipeline::carry():158}:159}()
#58 D:/laragon-new/laragon/www/hospital-management/vendor/laravel/framework/src/Illuminate/Pipeline/Pipeline.php(183): Illuminate/Foundation/Http/Middleware/PreventRequestsDuringMaintenance->handle()
#59 D:/laragon-new/laragon/www/hospital-management/vendor/laravel/framework/src/Illuminate/Http/Middleware/HandleCors.php(49): Illuminate/Pipeline/Pipeline->{closure:{closure:Illuminate/Pipeline/Pipeline::carry():158}:159}()
#60 D:/laragon-new/laragon/www/hospital-management/vendor/laravel/framework/src/Illuminate/Pipeline/Pipeline.php(183): Illuminate/Http/Middleware/HandleCors->handle()
#61 D:/laragon-new/laragon/www/hospital-management/vendor/laravel/framework/src/Illuminate/Http/Middleware/TrustProxies.php(39): Illuminate/Pipeline/Pipeline->{closure:{closure:Illuminate/Pipeline/Pipeline::carry():158}:159}()
#62 D:/laragon-new/laragon/www/hospital-management/vendor/laravel/framework/src/Illuminate/Pipeline/Pipeline.php(183): Illuminate/Http/Middleware/TrustProxies->handle()
#63 D:/laragon-new/laragon/www/hospital-management/vendor/laravel/framework/src/Illuminate/Pipeline/Pipeline.php(119): Illuminate/Pipeline/Pipeline->{closure:{closure:Illuminate/Pipeline/Pipeline::carry():158}:159}()
#64 D:/laragon-new/laragon/www/hospital-management/vendor/laravel/framework/src/Illuminate/Foundation/Http/Kernel.php(175): Illuminate/Pipeline/Pipeline->then()
#65 D:/laragon-new/laragon/www/hospital-management/vendor/laravel/framework/src/Illuminate/Foundation/Http/Kernel.php(144): Illuminate/Foundation/Http/Kernel->sendRequestThroughRouter()
#66 D:/laragon-new/laragon/www/hospital-management/public/index.php(55): Illuminate/Foundation/Http/Kernel->handle()
#67 D:/laragon-new/laragon/www/hospital-management/vendor/laravel/framework/src/Illuminate/Foundation/resources/server.php(16): require_once('...')
#68 {main}
"} 
[2026-08-08 16:22:51] local.ERROR: PHP Parse error: Syntax error, unexpected T_NS_SEPARATOR on line 1 {"exception":"[object] (Psy\\Exception\\ParseErrorException(code: 0): PHP Parse error: Syntax error, unexpected T_NS_SEPARATOR on line 1 at D:/laragon-new/laragon/www/hospital-management/vendor/psy/psysh/src/Exception/ParseErrorException.php:44)
[stacktrace]
#0 D:/laragon-new/laragon/www/hospital-management/vendor/psy/psysh/src/CodeCleaner.php(657): Psy/Exception/ParseErrorException::fromParseError()
#1 D:/laragon-new/laragon/www/hospital-management/vendor/psy/psysh/src/CodeCleaner.php(273): Psy/CodeCleaner->parse()
#2 D:/laragon-new/laragon/www/hospital-management/vendor/psy/psysh/src/Shell.php(1364): Psy/CodeCleaner->clean()
#3 D:/laragon-new/laragon/www/hospital-management/vendor/psy/psysh/src/Shell.php(1471): Psy/Shell->appendCode()
#4 D:/laragon-new/laragon/www/hospital-management/vendor/psy/psysh/src/Shell.php(2180): Psy/Shell->setCode()
#5 D:/laragon-new/laragon/www/hospital-management/vendor/laravel/tinker/src/Console/TinkerCommand.php(77): Psy/Shell->execute()
#6 D:/laragon-new/laragon/www/hospital-management/vendor/laravel/framework/src/Illuminate/Container/BoundMethod.php(36): Laravel/Tinker/Console/TinkerCommand->handle()
#7 D:/laragon-new/laragon/www/hospital-management/vendor/laravel/framework/src/Illuminate/Container/Util.php(41): Illuminate/Container/BoundMethod::{closure:Illuminate/Container/BoundMethod::call():35}()
#8 D:/laragon-new/laragon/www/hospital-management/vendor/laravel/framework/src/Illuminate/Container/BoundMethod.php(93): Illuminate/Container/Util::unwrapIfClosure()
#9 D:/laragon-new/laragon/www/hospital-management/vendor/laravel/framework/src/Illuminate/Container/BoundMethod.php(35): Illuminate/Container/BoundMethod::callBoundMethod()
#10 D:/laragon-new/laragon/www/hospital-management/vendor/laravel/framework/src/Illuminate/Container/Container.php(662): Illuminate/Container/BoundMethod::call()
#11 D:/laragon-new/laragon/www/hospital-management/vendor/laravel/framework/src/Illuminate/Console/Command.php(211): Illuminate/Container/Container->call()
#12 D:/laragon-new/laragon/www/hospital-management/vendor/symfony/console/Command/Command.php(326): Illuminate/Console/Command->execute()
#13 D:/laragon-new/laragon/www/hospital-management/vendor/laravel/framework/src/Illuminate/Console/Command.php(180): Symfony/Component/Console/Command/Command->run()
#14 D:/laragon-new/laragon/www/hospital-management/vendor/symfony/console/Application.php(1121): Illuminate/Console/Command->run()
#15 D:/laragon-new/laragon/www/hospital-management/vendor/symfony/console/Application.php(324): Symfony/Component/Console/Application->doRunCommand()
#16 D:/laragon-new/laragon/www/hospital-management/vendor/symfony/console/Application.php(175): Symfony/Component/Console/Application->doRun()
#17 D:/laragon-new/laragon/www/hospital-management/vendor/laravel/framework/src/Illuminate/Foundation/Console/Kernel.php(201): Symfony/Component/Console/Application->run()
#18 D:/laragon-new/laragon/www/hospital-management/artisan(35): Illuminate/Foundation/Console/Kernel->handle()
#19 {main}
"} 
[2026-08-12 17:46:01] local.ERROR: Attempt to read property "id" on array {"view":{"view":"D:\\laragon-new\\laragon\\www\\hospital-management\\resources\\views\\components\\frontend\\book-appointment.blade.php","data":[]},"exception":"[object] (Spatie\\LaravelIgnition\\Exceptions\\ViewException(code: 0): Attempt to read property \"id\" on array at D:/laragon-new/laragon/www/hospital-management/resources/views/components/frontend/book-appointment.blade.php:141)
[stacktrace]
#0 D:/laragon-new/laragon/www/hospital-management/vendor/laravel/framework/src/Illuminate/Filesystem/Filesystem.php(123): require('...')
#1 D:/laragon-new/laragon/www/hospital-management/vendor/laravel/framework/src/Illuminate/Filesystem/Filesystem.php(124): Illuminate/Filesystem/Filesystem::{closure:Illuminate/Filesystem/Filesystem::getRequire():120}()
#2 D:/laragon-new/laragon/www/hospital-management/vendor/laravel/framework/src/Illuminate/View/Engines/PhpEngine.php(58): Illuminate/Filesystem/Filesystem->getRequire()
#3 D:/laragon-new/laragon/www/hospital-management/vendor/laravel/framework/src/Illuminate/View/Engines/CompilerEngine.php(72): Illuminate/View/Engines/PhpEngine->evaluatePath()
#4 D:/laragon-new/laragon/www/hospital-management/vendor/laravel/framework/src/Illuminate/View/View.php(207): Illuminate/View/Engines/CompilerEngine->get()
#5 D:/laragon-new/laragon/www/hospital-management/vendor/laravel/framework/src/Illuminate/View/View.php(190): Illuminate/View/View->getContents()
#6 D:/laragon-new/laragon/www/hospital-management/vendor/laravel/framework/src/Illuminate/View/View.php(159): Illuminate/View/View->renderContents()
#7 D:/laragon-new/laragon/www/hospital-management/vendor/laravel/framework/src/Illuminate/View/Concerns/ManagesComponents.php(103): Illuminate/View/View->render()
#8 D:/laragon-new/laragon/www/hospital-management/resources/views/frontend/home.blade.php(808): Illuminate/View/Factory->renderComponent()
#9 D:/laragon-new/laragon/www/hospital-management/vendor/laravel/framework/src/Illuminate/Filesystem/Filesystem.php(123): require('...')
#10 D:/laragon-new/laragon/www/hospital-management/vendor/laravel/framework/src/Illuminate/Filesystem/Filesystem.php(124): Illuminate/Filesystem/Filesystem::{closure:Illuminate/Filesystem/Filesystem::getRequire():120}()
#11 D:/laragon-new/laragon/www/hospital-management/vendor/laravel/framework/src/Illuminate/View/Engines/PhpEngine.php(58): Illuminate/Filesystem/Filesystem->getRequire()
#12 D:/laragon-new/laragon/www/hospital-management/vendor/laravel/framework/src/Illuminate/View/Engines/CompilerEngine.php(72): Illuminate/View/Engines/PhpEngine->evaluatePath()
#13 D:/laragon-new/laragon/www/hospital-management/vendor/laravel/framework/src/Illuminate/View/View.php(207): Illuminate/View/Engines/CompilerEngine->get()
#14 D:/laragon-new/laragon/www/hospital-management/vendor/laravel/framework/src/Illuminate/View/View.php(190): Illuminate/View/View->getContents()
#15 D:/laragon-new/laragon/www/hospital-management/vendor/laravel/framework/src/Illuminate/View/View.php(159): Illuminate/View/View->renderContents()
#16 D:/laragon-new/laragon/www/hospital-management/vendor/laravel/framework/src/Illuminate/Http/Response.php(69): Illuminate/View/View->render()
#17 D:/laragon-new/laragon/www/hospital-management/vendor/laravel/framework/src/Illuminate/Http/Response.php(35): Illuminate/Http/Response->setContent()
#18 D:/laragon-new/laragon/www/hospital-management/vendor/laravel/framework/src/Illuminate/Routing/Router.php(918): Illuminate/Http/Response->__construct()
#19 D:/laragon-new/laragon/www/hospital-management/vendor/laravel/framework/src/Illuminate/Routing/Router.php(885): Illuminate/Routing/Router::toResponse()
#20 D:/laragon-new/laragon/www/hospital-management/vendor/laravel/framework/src/Illuminate/Routing/Router.php(805): Illuminate/Routing/Router->prepareResponse()
#21 D:/laragon-new/laragon/www/hospital-management/vendor/laravel/framework/src/Illuminate/Pipeline/Pipeline.php(144): Illuminate/Routing/Router->{closure:Illuminate/Routing/Router::runRouteWithinStack():805}()
#22 D:/laragon-new/laragon/www/hospital-management/vendor/laravel/framework/src/Illuminate/Http/Middleware/AddLinkHeadersForPreloadedAssets.php(20): Illuminate/Pipeline/Pipeline->{closure:Illuminate/Pipeline/Pipeline::prepareDestination():142}()
#23 D:/laragon-new/laragon/www/hospital-management/vendor/laravel/framework/src/Illuminate/Pipeline/Pipeline.php(183): Illuminate/Http/Middleware/AddLinkHeadersForPreloadedAssets->handle()
#24 D:/laragon-new/laragon/www/hospital-management/vendor/inertiajs/inertia-laravel/src/Middleware.php(87): Illuminate/Pipeline/Pipeline->{closure:{closure:Illuminate/Pipeline/Pipeline::carry():158}:159}()
#25 D:/laragon-new/laragon/www/hospital-management/vendor/laravel/framework/src/Illuminate/Pipeline/Pipeline.php(183): Inertia/Middleware->handle()
#26 D:/laragon-new/laragon/www/hospital-management/app/Http/Middleware/SetLocale.php(35): Illuminate/Pipeline/Pipeline->{closure:{closure:Illuminate/Pipeline/Pipeline::carry():158}:159}()
#27 D:/laragon-new/laragon/www/hospital-management/vendor/laravel/framework/src/Illuminate/Pipeline/Pipeline.php(183): App/Http/Middleware/SetLocale->handle()
#28 D:/laragon-new/laragon/www/hospital-management/vendor/laravel/framework/src/Illuminate/Routing/Middleware/SubstituteBindings.php(50): Illuminate/Pipeline/Pipeline->{closure:{closure:Illuminate/Pipeline/Pipeline::carry():158}:159}()
#29 D:/laragon-new/laragon/www/hospital-management/vendor/laravel/framework/src/Illuminate/Pipeline/Pipeline.php(183): Illuminate/Routing/Middleware/SubstituteBindings->handle()
#30 D:/laragon-new/laragon/www/hospital-management/vendor/laravel/framework/src/Illuminate/Foundation/Http/Middleware/VerifyCsrfToken.php(78): Illuminate/Pipeline/Pipeline->{closure:{closure:Illuminate/Pipeline/Pipeline::carry():158}:159}()
#31 D:/laragon-new/laragon/www/hospital-management/vendor/laravel/framework/src/Illuminate/Pipeline/Pipeline.php(183): Illuminate/Foundation/Http/Middleware/VerifyCsrfToken->handle()
#32 D:/laragon-new/laragon/www/hospital-management/vendor/laravel/framework/src/Illuminate/View/Middleware/ShareErrorsFromSession.php(49): Illuminate/Pipeline/Pipeline->{closure:{closure:Illuminate/Pipeline/Pipeline::carry():158}:159}()
#33 D:/laragon-new/laragon/www/hospital-management/vendor/laravel/framework/src/Illuminate/Pipeline/Pipeline.php(183): Illuminate/View/Middleware/ShareErrorsFromSession->handle()
#34 D:/laragon-new/laragon/www/hospital-management/vendor/laravel/framework/src/Illuminate/Session/Middleware/StartSession.php(121): Illuminate/Pipeline/Pipeline->{closure:{closure:Illuminate/Pipeline/Pipeline::carry():158}:159}()
#35 D:/laragon-new/laragon/www/hospital-management/vendor/laravel/framework/src/Illuminate/Session/Middleware/StartSession.php(64): Illuminate/Session/Middleware/StartSession->handleStatefulRequest()
#36 D:/laragon-new/laragon/www/hospital-management/vendor/laravel/framework/src/Illuminate/Pipeline/Pipeline.php(183): Illuminate/Session/Middleware/StartSession->handle()
#37 D:/laragon-new/laragon/www/hospital-management/vendor/laravel/framework/src/Illuminate/Cookie/Middleware/AddQueuedCookiesToResponse.php(37): Illuminate/Pipeline/Pipeline->{closure:{closure:Illuminate/Pipeline/Pipeline::carry():158}:159}()
#38 D:/laragon-new/laragon/www/hospital-management/vendor/laravel/framework/src/Illuminate/Pipeline/Pipeline.php(183): Illuminate/Cookie/Middleware/AddQueuedCookiesToResponse->handle()
#39 D:/laragon-new/laragon/www/hospital-management/vendor/laravel/framework/src/Illuminate/Cookie/Middleware/EncryptCookies.php(67): Illuminate/Pipeline/Pipeline->{closure:{closure:Illuminate/Pipeline/Pipeline::carry():158}:159}()
#40 D:/laragon-new/laragon/www/hospital-management/vendor/laravel/framework/src/Illuminate/Pipeline/Pipeline.php(183): Illuminate/Cookie/Middleware/EncryptCookies->handle()
#41 D:/laragon-new/laragon/www/hospital-management/vendor/laravel/framework/src/Illuminate/Pipeline/Pipeline.php(119): Illuminate/Pipeline/Pipeline->{closure:{closure:Illuminate/Pipeline/Pipeline::carry():158}:159}()
#42 D:/laragon-new/laragon/www/hospital-management/vendor/laravel/framework/src/Illuminate/Routing/Router.php(805): Illuminate/Pipeline/Pipeline->then()
#43 D:/laragon-new/laragon/www/hospital-management/vendor/laravel/framework/src/Illuminate/Routing/Router.php(784): Illuminate/Routing/Router->runRouteWithinStack()
#44 D:/laragon-new/laragon/www/hospital-management/vendor/laravel/framework/src/Illuminate/Routing/Router.php(748): Illuminate/Routing/Router->runRoute()
#45 D:/laragon-new/laragon/www/hospital-management/vendor/laravel/framework/src/Illuminate/Routing/Router.php(737): Illuminate/Routing/Router->dispatchToRoute()
#46 D:/laragon-new/laragon/www/hospital-management/vendor/laravel/framework/src/Illuminate/Foundation/Http/Kernel.php(200): Illuminate/Routing/Router->dispatch()
#47 D:/laragon-new/laragon/www/hospital-management/vendor/laravel/framework/src/Illuminate/Pipeline/Pipeline.php(144): Illuminate/Foundation/Http/Kernel->{closure:Illuminate/Foundation/Http/Kernel::dispatchToRouter():197}()
#48 D:/laragon-new/laragon/www/hospital-management/vendor/laravel/framework/src/Illuminate/Foundation/Http/Middleware/TransformsRequest.php(21): Illuminate/Pipeline/Pipeline->{closure:Illuminate/Pipeline/Pipeline::prepareDestination():142}()
#49 D:/laragon-new/laragon/www/hospital-management/vendor/laravel/framework/src/Illuminate/Foundation/Http/Middleware/ConvertEmptyStringsToNull.php(31): Illuminate/Foundation/Http/Middleware/TransformsRequest->handle()
#50 D:/laragon-new/laragon/www/hospital-management/vendor/laravel/framework/src/Illuminate/Pipeline/Pipeline.php(183): Illuminate/Foundation/Http/Middleware/ConvertEmptyStringsToNull->handle()
#51 D:/laragon-new/laragon/www/hospital-management/vendor/laravel/framework/src/Illuminate/Foundation/Http/Middleware/TransformsRequest.php(21): Illuminate/Pipeline/Pipeline->{closure:{closure:Illuminate/Pipeline/Pipeline::carry():158}:159}()
#52 D:/laragon-new/laragon/www/hospital-management/vendor/laravel/framework/src/Illuminate/Foundation/Http/Middleware/TrimStrings.php(40): Illuminate/Foundation/Http/Middleware/TransformsRequest->handle()
#53 D:/laragon-new/laragon/www/hospital-management/vendor/laravel/framework/src/Illuminate/Pipeline/Pipeline.php(183): Illuminate/Foundation/Http/Middleware/TrimStrings->handle()
#54 D:/laragon-new/laragon/www/hospital-management/vendor/laravel/framework/src/Illuminate/Foundation/Http/Middleware/ValidatePostSize.php(27): Illuminate/Pipeline/Pipeline->{closure:{closure:Illuminate/Pipeline/Pipeline::carry():158}:159}()
#55 D:/laragon-new/laragon/www/hospital-management/vendor/laravel/framework/src/Illuminate/Pipeline/Pipeline.php(183): Illuminate/Foundation/Http/Middleware/ValidatePostSize->handle()
#56 D:/laragon-new/laragon/www/hospital-management/vendor/laravel/framework/src/Illuminate/Foundation/Http/Middleware/PreventRequestsDuringMaintenance.php(99): Illuminate/Pipeline/Pipeline->{closure:{closure:Illuminate/Pipeline/Pipeline::carry():158}:159}()
#57 D:/laragon-new/laragon/www/hospital-management/vendor/laravel/framework/src/Illuminate/Pipeline/Pipeline.php(183): Illuminate/Foundation/Http/Middleware/PreventRequestsDuringMaintenance->handle()
#58 D:/laragon-new/laragon/www/hospital-management/vendor/laravel/framework/src/Illuminate/Http/Middleware/HandleCors.php(49): Illuminate/Pipeline/Pipeline->{closure:{closure:Illuminate/Pipeline/Pipeline::carry():158}:159}()
#59 D:/laragon-new/laragon/www/hospital-management/vendor/laravel/framework/src/Illuminate/Pipeline/Pipeline.php(183): Illuminate/Http/Middleware/HandleCors->handle()
#60 D:/laragon-new/laragon/www/hospital-management/vendor/laravel/framework/src/Illuminate/Http/Middleware/TrustProxies.php(39): Illuminate/Pipeline/Pipeline->{closure:{closure:Illuminate/Pipeline/Pipeline::carry():158}:159}()
#61 D:/laragon-new/laragon/www/hospital-management/vendor/laravel/framework/src/Illuminate/Pipeline/Pipeline.php(183): Illuminate/Http/Middleware/TrustProxies->handle()
#62 D:/laragon-new/laragon/www/hospital-management/vendor/laravel/framework/src/Illuminate/Pipeline/Pipeline.php(119): Illuminate/Pipeline/Pipeline->{closure:{closure:Illuminate/Pipeline/Pipeline::carry():158}:159}()
#63 D:/laragon-new/laragon/www/hospital-management/vendor/laravel/framework/src/Illuminate/Foundation/Http/Kernel.php(175): Illuminate/Pipeline/Pipeline->then()
#64 D:/laragon-new/laragon/www/hospital-management/vendor/laravel/framework/src/Illuminate/Foundation/Http/Kernel.php(144): Illuminate/Foundation/Http/Kernel->sendRequestThroughRouter()
#65 D:/laragon-new/laragon/www/hospital-management/public/index.php(55): Illuminate/Foundation/Http/Kernel->handle()
#66 D:/laragon-new/laragon/www/hospital-management/vendor/laravel/framework/src/Illuminate/Foundation/resources/server.php(16): require_once('...')
#67 {main}

[previous exception] [object] (ErrorException(code: 0): Attempt to read property \"id\" on array at D:/laragon-new/laragon/www/hospital-management/storage/framework/views/cdcea4de2a6a0efb0887f9a37d19adcb.php:163)
[stacktrace]
#0 D:/laragon-new/laragon/www/hospital-management/vendor/laravel/framework/src/Illuminate/Foundation/Bootstrap/HandleExceptions.php(255): Illuminate/Foundation/Bootstrap/HandleExceptions->handleError()
#1 D:/laragon-new/laragon/www/hospital-management/storage/framework/views/cdcea4de2a6a0efb0887f9a37d19adcb.php(163): Illuminate/Foundation/Bootstrap/HandleExceptions->{closure:Illuminate/Foundation/Bootstrap/HandleExceptions::forwardsTo():254}()
#2 D:/laragon-new/laragon/www/hospital-management/vendor/laravel/framework/src/Illuminate/Filesystem/Filesystem.php(123): require('...')
#3 D:/laragon-new/laragon/www/hospital-management/vendor/laravel/framework/src/Illuminate/Filesystem/Filesystem.php(124): Illuminate/Filesystem/Filesystem::{closure:Illuminate/Filesystem/Filesystem::getRequire():120}()
#4 D:/laragon-new/laragon/www/hospital-management/vendor/laravel/framework/src/Illuminate/View/Engines/PhpEngine.php(58): Illuminate/Filesystem/Filesystem->getRequire()
#5 D:/laragon-new/laragon/www/hospital-management/vendor/laravel/framework/src/Illuminate/View/Engines/CompilerEngine.php(72): Illuminate/View/Engines/PhpEngine->evaluatePath()
#6 D:/laragon-new/laragon/www/hospital-management/vendor/laravel/framework/src/Illuminate/View/View.php(207): Illuminate/View/Engines/CompilerEngine->get()
#7 D:/laragon-new/laragon/www/hospital-management/vendor/laravel/framework/src/Illuminate/View/View.php(190): Illuminate/View/View->getContents()
#8 D:/laragon-new/laragon/www/hospital-management/vendor/laravel/framework/src/Illuminate/View/View.php(159): Illuminate/View/View->renderContents()
#9 D:/laragon-new/laragon/www/hospital-management/vendor/laravel/framework/src/Illuminate/View/Concerns/ManagesComponents.php(103): Illuminate/View/View->render()
#10 D:/laragon-new/laragon/www/hospital-management/storage/framework/views/cd26cf55e8f5bf8923f22432e065a0b8.php(856): Illuminate/View/Factory->renderComponent()
#11 D:/laragon-new/laragon/www/hospital-management/vendor/laravel/framework/src/Illuminate/Filesystem/Filesystem.php(123): require('...')
#12 D:/laragon-new/laragon/www/hospital-management/vendor/laravel/framework/src/Illuminate/Filesystem/Filesystem.php(124): Illuminate/Filesystem/Filesystem::{closure:Illuminate/Filesystem/Filesystem::getRequire():120}()
#13 D:/laragon-new/laragon/www/hospital-management/vendor/laravel/framework/src/Illuminate/View/Engines/PhpEngine.php(58): Illuminate/Filesystem/Filesystem->getRequire()
#14 D:/laragon-new/laragon/www/hospital-management/vendor/laravel/framework/src/Illuminate/View/Engines/CompilerEngine.php(72): Illuminate/View/Engines/PhpEngine->evaluatePath()
#15 D:/laragon-new/laragon/www/hospital-management/vendor/laravel/framework/src/Illuminate/View/View.php(207): Illuminate/View/Engines/CompilerEngine->get()
#16 D:/laragon-new/laragon/www/hospital-management/vendor/laravel/framework/src/Illuminate/View/View.php(190): Illuminate/View/View->getContents()
#17 D:/laragon-new/laragon/www/hospital-management/vendor/laravel/framework/src/Illuminate/View/View.php(159): Illuminate/View/View->renderContents()
#18 D:/laragon-new/laragon/www/hospital-management/vendor/laravel/framework/src/Illuminate/Http/Response.php(69): Illuminate/View/View->render()
#19 D:/laragon-new/laragon/www/hospital-management/vendor/laravel/framework/src/Illuminate/Http/Response.php(35): Illuminate/Http/Response->setContent()
#20 D:/laragon-new/laragon/www/hospital-management/vendor/laravel/framework/src/Illuminate/Routing/Router.php(918): Illuminate/Http/Response->__construct()
#21 D:/laragon-new/laragon/www/hospital-management/vendor/laravel/framework/src/Illuminate/Routing/Router.php(885): Illuminate/Routing/Router::toResponse()
#22 D:/laragon-new/laragon/www/hospital-management/vendor/laravel/framework/src/Illuminate/Routing/Router.php(805): Illuminate/Routing/Router->prepareResponse()
#23 D:/laragon-new/laragon/www/hospital-management/vendor/laravel/framework/src/Illuminate/Pipeline/Pipeline.php(144): Illuminate/Routing/Router->{closure:Illuminate/Routing/Router::runRouteWithinStack():805}()
#24 D:/laragon-new/laragon/www/hospital-management/vendor/laravel/framework/src/Illuminate/Http/Middleware/AddLinkHeadersForPreloadedAssets.php(20): Illuminate/Pipeline/Pipeline->{closure:Illuminate/Pipeline/Pipeline::prepareDestination():142}()
#25 D:/laragon-new/laragon/www/hospital-management/vendor/laravel/framework/src/Illuminate/Pipeline/Pipeline.php(183): Illuminate/Http/Middleware/AddLinkHeadersForPreloadedAssets->handle()
#26 D:/laragon-new/laragon/www/hospital-management/vendor/inertiajs/inertia-laravel/src/Middleware.php(87): Illuminate/Pipeline/Pipeline->{closure:{closure:Illuminate/Pipeline/Pipeline::carry():158}:159}()
#27 D:/laragon-new/laragon/www/hospital-management/vendor/laravel/framework/src/Illuminate/Pipeline/Pipeline.php(183): Inertia/Middleware->handle()
#28 D:/laragon-new/laragon/www/hospital-management/app/Http/Middleware/SetLocale.php(35): Illuminate/Pipeline/Pipeline->{closure:{closure:Illuminate/Pipeline/Pipeline::carry():158}:159}()
#29 D:/laragon-new/laragon/www/hospital-management/vendor/laravel/framework/src/Illuminate/Pipeline/Pipeline.php(183): App/Http/Middleware/SetLocale->handle()
#30 D:/laragon-new/laragon/www/hospital-management/vendor/laravel/framework/src/Illuminate/Routing/Middleware/SubstituteBindings.php(50): Illuminate/Pipeline/Pipeline->{closure:{closure:Illuminate/Pipeline/Pipeline::carry():158}:159}()
#31 D:/laragon-new/laragon/www/hospital-management/vendor/laravel/framework/src/Illuminate/Pipeline/Pipeline.php(183): Illuminate/Routing/Middleware/SubstituteBindings->handle()
#32 D:/laragon-new/laragon/www/hospital-management/vendor/laravel/framework/src/Illuminate/Foundation/Http/Middleware/VerifyCsrfToken.php(78): Illuminate/Pipeline/Pipeline->{closure:{closure:Illuminate/Pipeline/Pipeline::carry():158}:159}()
#33 D:/laragon-new/laragon/www/hospital-management/vendor/laravel/framework/src/Illuminate/Pipeline/Pipeline.php(183): Illuminate/Foundation/Http/Middleware/VerifyCsrfToken->handle()
#34 D:/laragon-new/laragon/www/hospital-management/vendor/laravel/framework/src/Illuminate/View/Middleware/ShareErrorsFromSession.php(49): Illuminate/Pipeline/Pipeline->{closure:{closure:Illuminate/Pipeline/Pipeline::carry():158}:159}()
#35 D:/laragon-new/laragon/www/hospital-management/vendor/laravel/framework/src/Illuminate/Pipeline/Pipeline.php(183): Illuminate/View/Middleware/ShareErrorsFromSession->handle()
#36 D:/laragon-new/laragon/www/hospital-management/vendor/laravel/framework/src/Illuminate/Session/Middleware/StartSession.php(121): Illuminate/Pipeline/Pipeline->{closure:{closure:Illuminate/Pipeline/Pipeline::carry():158}:159}()
#37 D:/laragon-new/laragon/www/hospital-management/vendor/laravel/framework/src/Illuminate/Session/Middleware/StartSession.php(64): Illuminate/Session/Middleware/StartSession->handleStatefulRequest()
#38 D:/laragon-new/laragon/www/hospital-management/vendor/laravel/framework/src/Illuminate/Pipeline/Pipeline.php(183): Illuminate/Session/Middleware/StartSession->handle()
#39 D:/laragon-new/laragon/www/hospital-management/vendor/laravel/framework/src/Illuminate/Cookie/Middleware/AddQueuedCookiesToResponse.php(37): Illuminate/Pipeline/Pipeline->{closure:{closure:Illuminate/Pipeline/Pipeline::carry():158}:159}()
#40 D:/laragon-new/laragon/www/hospital-management/vendor/laravel/framework/src/Illuminate/Pipeline/Pipeline.php(183): Illuminate/Cookie/Middleware/AddQueuedCookiesToResponse->handle()
#41 D:/laragon-new/laragon/www/hospital-management/vendor/laravel/framework/src/Illuminate/Cookie/Middleware/EncryptCookies.php(67): Illuminate/Pipeline/Pipeline->{closure:{closure:Illuminate/Pipeline/Pipeline::carry():158}:159}()
#42 D:/laragon-new/laragon/www/hospital-management/vendor/laravel/framework/src/Illuminate/Pipeline/Pipeline.php(183): Illuminate/Cookie/Middleware/EncryptCookies->handle()
#43 D:/laragon-new/laragon/www/hospital-management/vendor/laravel/framework/src/Illuminate/Pipeline/Pipeline.php(119): Illuminate/Pipeline/Pipeline->{closure:{closure:Illuminate/Pipeline/Pipeline::carry():158}:159}()
#44 D:/laragon-new/laragon/www/hospital-management/vendor/laravel/framework/src/Illuminate/Routing/Router.php(805): Illuminate/Pipeline/Pipeline->then()
#45 D:/laragon-new/laragon/www/hospital-management/vendor/laravel/framework/src/Illuminate/Routing/Router.php(784): Illuminate/Routing/Router->runRouteWithinStack()
#46 D:/laragon-new/laragon/www/hospital-management/vendor/laravel/framework/src/Illuminate/Routing/Router.php(748): Illuminate/Routing/Router->runRoute()
#47 D:/laragon-new/laragon/www/hospital-management/vendor/laravel/framework/src/Illuminate/Routing/Router.php(737): Illuminate/Routing/Router->dispatchToRoute()
#48 D:/laragon-new/laragon/www/hospital-management/vendor/laravel/framework/src/Illuminate/Foundation/Http/Kernel.php(200): Illuminate/Routing/Router->dispatch()
#49 D:/laragon-new/laragon/www/hospital-management/vendor/laravel/framework/src/Illuminate/Pipeline/Pipeline.php(144): Illuminate/Foundation/Http/Kernel->{closure:Illuminate/Foundation/Http/Kernel::dispatchToRouter():197}()
#50 D:/laragon-new/laragon/www/hospital-management/vendor/laravel/framework/src/Illuminate/Foundation/Http/Middleware/TransformsRequest.php(21): Illuminate/Pipeline/Pipeline->{closure:Illuminate/Pipeline/Pipeline::prepareDestination():142}()
#51 D:/laragon-new/laragon/www/hospital-management/vendor/laravel/framework/src/Illuminate/Foundation/Http/Middleware/ConvertEmptyStringsToNull.php(31): Illuminate/Foundation/Http/Middleware/TransformsRequest->handle()
#52 D:/laragon-new/laragon/www/hospital-management/vendor/laravel/framework/src/Illuminate/Pipeline/Pipeline.php(183): Illuminate/Foundation/Http/Middleware/ConvertEmptyStringsToNull->handle()
#53 D:/laragon-new/laragon/www/hospital-management/vendor/laravel/framework/src/Illuminate/Foundation/Http/Middleware/TransformsRequest.php(21): Illuminate/Pipeline/Pipeline->{closure:{closure:Illuminate/Pipeline/Pipeline::carry():158}:159}()
#54 D:/laragon-new/laragon/www/hospital-management/vendor/laravel/framework/src/Illuminate/Foundation/Http/Middleware/TrimStrings.php(40): Illuminate/Foundation/Http/Middleware/TransformsRequest->handle()
#55 D:/laragon-new/laragon/www/hospital-management/vendor/laravel/framework/src/Illuminate/Pipeline/Pipeline.php(183): Illuminate/Foundation/Http/Middleware/TrimStrings->handle()
#56 D:/laragon-new/laragon/www/hospital-management/vendor/laravel/framework/src/Illuminate/Foundation/Http/Middleware/ValidatePostSize.php(27): Illuminate/Pipeline/Pipeline->{closure:{closure:Illuminate/Pipeline/Pipeline::carry():158}:159}()
#57 D:/laragon-new/laragon/www/hospital-management/vendor/laravel/framework/src/Illuminate/Pipeline/Pipeline.php(183): Illuminate/Foundation/Http/Middleware/ValidatePostSize->handle()
#58 D:/laragon-new/laragon/www/hospital-management/vendor/laravel/framework/src/Illuminate/Foundation/Http/Middleware/PreventRequestsDuringMaintenance.php(99): Illuminate/Pipeline/Pipeline->{closure:{closure:Illuminate/Pipeline/Pipeline::carry():158}:159}()
#59 D:/laragon-new/laragon/www/hospital-management/vendor/laravel/framework/src/Illuminate/Pipeline/Pipeline.php(183): Illuminate/Foundation/Http/Middleware/PreventRequestsDuringMaintenance->handle()
#60 D:/laragon-new/laragon/www/hospital-management/vendor/laravel/framework/src/Illuminate/Http/Middleware/HandleCors.php(49): Illuminate/Pipeline/Pipeline->{closure:{closure:Illuminate/Pipeline/Pipeline::carry():158}:159}()
#61 D:/laragon-new/laragon/www/hospital-management/vendor/laravel/framework/src/Illuminate/Pipeline/Pipeline.php(183): Illuminate/Http/Middleware/HandleCors->handle()
#62 D:/laragon-new/laragon/www/hospital-management/vendor/laravel/framework/src/Illuminate/Http/Middleware/TrustProxies.php(39): Illuminate/Pipeline/Pipeline->{closure:{closure:Illuminate/Pipeline/Pipeline::carry():158}:159}()
#63 D:/laragon-new/laragon/www/hospital-management/vendor/laravel/framework/src/Illuminate/Pipeline/Pipeline.php(183): Illuminate/Http/Middleware/TrustProxies->handle()
#64 D:/laragon-new/laragon/www/hospital-management/vendor/laravel/framework/src/Illuminate/Pipeline/Pipeline.php(119): Illuminate/Pipeline/Pipeline->{closure:{closure:Illuminate/Pipeline/Pipeline::carry():158}:159}()
#65 D:/laragon-new/laragon/www/hospital-management/vendor/laravel/framework/src/Illuminate/Foundation/Http/Kernel.php(175): Illuminate/Pipeline/Pipeline->then()
#66 D:/laragon-new/laragon/www/hospital-management/vendor/laravel/framework/src/Illuminate/Foundation/Http/Kernel.php(144): Illuminate/Foundation/Http/Kernel->sendRequestThroughRouter()
#67 D:/laragon-new/laragon/www/hospital-management/public/index.php(55): Illuminate/Foundation/Http/Kernel->handle()
#68 D:/laragon-new/laragon/www/hospital-management/vendor/laravel/framework/src/Illuminate/Foundation/resources/server.php(16): require_once('...')
#69 {main}
"} 
[2026-08-12 17:46:09] local.ERROR: Attempt to read property "id" on array {"view":{"view":"D:\\laragon-new\\laragon\\www\\hospital-management\\resources\\views\\components\\frontend\\book-appointment.blade.php","data":[]},"exception":"[object] (Spatie\\LaravelIgnition\\Exceptions\\ViewException(code: 0): Attempt to read property \"id\" on array at D:/laragon-new/laragon/www/hospital-management/resources/views/components/frontend/book-appointment.blade.php:141)
[stacktrace]
#0 D:/laragon-new/laragon/www/hospital-management/vendor/laravel/framework/src/Illuminate/Filesystem/Filesystem.php(123): require('...')
#1 D:/laragon-new/laragon/www/hospital-management/vendor/laravel/framework/src/Illuminate/Filesystem/Filesystem.php(124): Illuminate/Filesystem/Filesystem::{closure:Illuminate/Filesystem/Filesystem::getRequire():120}()
#2 D:/laragon-new/laragon/www/hospital-management/vendor/laravel/framework/src/Illuminate/View/Engines/PhpEngine.php(58): Illuminate/Filesystem/Filesystem->getRequire()
#3 D:/laragon-new/laragon/www/hospital-management/vendor/laravel/framework/src/Illuminate/View/Engines/CompilerEngine.php(72): Illuminate/View/Engines/PhpEngine->evaluatePath()
#4 D:/laragon-new/laragon/www/hospital-management/vendor/laravel/framework/src/Illuminate/View/View.php(207): Illuminate/View/Engines/CompilerEngine->get()
#5 D:/laragon-new/laragon/www/hospital-management/vendor/laravel/framework/src/Illuminate/View/View.php(190): Illuminate/View/View->getContents()
#6 D:/laragon-new/laragon/www/hospital-management/vendor/laravel/framework/src/Illuminate/View/View.php(159): Illuminate/View/View->renderContents()
#7 D:/laragon-new/laragon/www/hospital-management/vendor/laravel/framework/src/Illuminate/View/Concerns/ManagesComponents.php(103): Illuminate/View/View->render()
#8 D:/laragon-new/laragon/www/hospital-management/resources/views/frontend/home.blade.php(808): Illuminate/View/Factory->renderComponent()
#9 D:/laragon-new/laragon/www/hospital-management/vendor/laravel/framework/src/Illuminate/Filesystem/Filesystem.php(123): require('...')
#10 D:/laragon-new/laragon/www/hospital-management/vendor/laravel/framework/src/Illuminate/Filesystem/Filesystem.php(124): Illuminate/Filesystem/Filesystem::{closure:Illuminate/Filesystem/Filesystem::getRequire():120}()
#11 D:/laragon-new/laragon/www/hospital-management/vendor/laravel/framework/src/Illuminate/View/Engines/PhpEngine.php(58): Illuminate/Filesystem/Filesystem->getRequire()
#12 D:/laragon-new/laragon/www/hospital-management/vendor/laravel/framework/src/Illuminate/View/Engines/CompilerEngine.php(72): Illuminate/View/Engines/PhpEngine->evaluatePath()
#13 D:/laragon-new/laragon/www/hospital-management/vendor/laravel/framework/src/Illuminate/View/View.php(207): Illuminate/View/Engines/CompilerEngine->get()
#14 D:/laragon-new/laragon/www/hospital-management/vendor/laravel/framework/src/Illuminate/View/View.php(190): Illuminate/View/View->getContents()
#15 D:/laragon-new/laragon/www/hospital-management/vendor/laravel/framework/src/Illuminate/View/View.php(159): Illuminate/View/View->renderContents()
#16 D:/laragon-new/laragon/www/hospital-management/vendor/laravel/framework/src/Illuminate/Http/Response.php(69): Illuminate/View/View->render()
#17 D:/laragon-new/laragon/www/hospital-management/vendor/laravel/framework/src/Illuminate/Http/Response.php(35): Illuminate/Http/Response->setContent()
#18 D:/laragon-new/laragon/www/hospital-management/vendor/laravel/framework/src/Illuminate/Routing/Router.php(918): Illuminate/Http/Response->__construct()
#19 D:/laragon-new/laragon/www/hospital-management/vendor/laravel/framework/src/Illuminate/Routing/Router.php(885): Illuminate/Routing/Router::toResponse()
#20 D:/laragon-new/laragon/www/hospital-management/vendor/laravel/framework/src/Illuminate/Routing/Router.php(805): Illuminate/Routing/Router->prepareResponse()
#21 D:/laragon-new/laragon/www/hospital-management/vendor/laravel/framework/src/Illuminate/Pipeline/Pipeline.php(144): Illuminate/Routing/Router->{closure:Illuminate/Routing/Router::runRouteWithinStack():805}()
#22 D:/laragon-new/laragon/www/hospital-management/vendor/laravel/framework/src/Illuminate/Http/Middleware/AddLinkHeadersForPreloadedAssets.php(20): Illuminate/Pipeline/Pipeline->{closure:Illuminate/Pipeline/Pipeline::prepareDestination():142}()
#23 D:/laragon-new/laragon/www/hospital-management/vendor/laravel/framework/src/Illuminate/Pipeline/Pipeline.php(183): Illuminate/Http/Middleware/AddLinkHeadersForPreloadedAssets->handle()
#24 D:/laragon-new/laragon/www/hospital-management/vendor/inertiajs/inertia-laravel/src/Middleware.php(87): Illuminate/Pipeline/Pipeline->{closure:{closure:Illuminate/Pipeline/Pipeline::carry():158}:159}()
#25 D:/laragon-new/laragon/www/hospital-management/vendor/laravel/framework/src/Illuminate/Pipeline/Pipeline.php(183): Inertia/Middleware->handle()
#26 D:/laragon-new/laragon/www/hospital-management/app/Http/Middleware/SetLocale.php(35): Illuminate/Pipeline/Pipeline->{closure:{closure:Illuminate/Pipeline/Pipeline::carry():158}:159}()
#27 D:/laragon-new/laragon/www/hospital-management/vendor/laravel/framework/src/Illuminate/Pipeline/Pipeline.php(183): App/Http/Middleware/SetLocale->handle()
#28 D:/laragon-new/laragon/www/hospital-management/vendor/laravel/framework/src/Illuminate/Routing/Middleware/SubstituteBindings.php(50): Illuminate/Pipeline/Pipeline->{closure:{closure:Illuminate/Pipeline/Pipeline::carry():158}:159}()
#29 D:/laragon-new/laragon/www/hospital-management/vendor/laravel/framework/src/Illuminate/Pipeline/Pipeline.php(183): Illuminate/Routing/Middleware/SubstituteBindings->handle()
#30 D:/laragon-new/laragon/www/hospital-management/vendor/laravel/framework/src/Illuminate/Foundation/Http/Middleware/VerifyCsrfToken.php(78): Illuminate/Pipeline/Pipeline->{closure:{closure:Illuminate/Pipeline/Pipeline::carry():158}:159}()
#31 D:/laragon-new/laragon/www/hospital-management/vendor/laravel/framework/src/Illuminate/Pipeline/Pipeline.php(183): Illuminate/Foundation/Http/Middleware/VerifyCsrfToken->handle()
#32 D:/laragon-new/laragon/www/hospital-management/vendor/laravel/framework/src/Illuminate/View/Middleware/ShareErrorsFromSession.php(49): Illuminate/Pipeline/Pipeline->{closure:{closure:Illuminate/Pipeline/Pipeline::carry():158}:159}()
#33 D:/laragon-new/laragon/www/hospital-management/vendor/laravel/framework/src/Illuminate/Pipeline/Pipeline.php(183): Illuminate/View/Middleware/ShareErrorsFromSession->handle()
#34 D:/laragon-new/laragon/www/hospital-management/vendor/laravel/framework/src/Illuminate/Session/Middleware/StartSession.php(121): Illuminate/Pipeline/Pipeline->{closure:{closure:Illuminate/Pipeline/Pipeline::carry():158}:159}()
#35 D:/laragon-new/laragon/www/hospital-management/vendor/laravel/framework/src/Illuminate/Session/Middleware/StartSession.php(64): Illuminate/Session/Middleware/StartSession->handleStatefulRequest()
#36 D:/laragon-new/laragon/www/hospital-management/vendor/laravel/framework/src/Illuminate/Pipeline/Pipeline.php(183): Illuminate/Session/Middleware/StartSession->handle()
#37 D:/laragon-new/laragon/www/hospital-management/vendor/laravel/framework/src/Illuminate/Cookie/Middleware/AddQueuedCookiesToResponse.php(37): Illuminate/Pipeline/Pipeline->{closure:{closure:Illuminate/Pipeline/Pipeline::carry():158}:159}()
#38 D:/laragon-new/laragon/www/hospital-management/vendor/laravel/framework/src/Illuminate/Pipeline/Pipeline.php(183): Illuminate/Cookie/Middleware/AddQueuedCookiesToResponse->handle()
#39 D:/laragon-new/laragon/www/hospital-management/vendor/laravel/framework/src/Illuminate/Cookie/Middleware/EncryptCookies.php(67): Illuminate/Pipeline/Pipeline->{closure:{closure:Illuminate/Pipeline/Pipeline::carry():158}:159}()
#40 D:/laragon-new/laragon/www/hospital-management/vendor/laravel/framework/src/Illuminate/Pipeline/Pipeline.php(183): Illuminate/Cookie/Middleware/EncryptCookies->handle()
#41 D:/laragon-new/laragon/www/hospital-management/vendor/laravel/framework/src/Illuminate/Pipeline/Pipeline.php(119): Illuminate/Pipeline/Pipeline->{closure:{closure:Illuminate/Pipeline/Pipeline::carry():158}:159}()
#42 D:/laragon-new/laragon/www/hospital-management/vendor/laravel/framework/src/Illuminate/Routing/Router.php(805): Illuminate/Pipeline/Pipeline->then()
#43 D:/laragon-new/laragon/www/hospital-management/vendor/laravel/framework/src/Illuminate/Routing/Router.php(784): Illuminate/Routing/Router->runRouteWithinStack()
#44 D:/laragon-new/laragon/www/hospital-management/vendor/laravel/framework/src/Illuminate/Routing/Router.php(748): Illuminate/Routing/Router->runRoute()
#45 D:/laragon-new/laragon/www/hospital-management/vendor/laravel/framework/src/Illuminate/Routing/Router.php(737): Illuminate/Routing/Router->dispatchToRoute()
#46 D:/laragon-new/laragon/www/hospital-management/vendor/laravel/framework/src/Illuminate/Foundation/Http/Kernel.php(200): Illuminate/Routing/Router->dispatch()
#47 D:/laragon-new/laragon/www/hospital-management/vendor/laravel/framework/src/Illuminate/Pipeline/Pipeline.php(144): Illuminate/Foundation/Http/Kernel->{closure:Illuminate/Foundation/Http/Kernel::dispatchToRouter():197}()
#48 D:/laragon-new/laragon/www/hospital-management/vendor/laravel/framework/src/Illuminate/Foundation/Http/Middleware/TransformsRequest.php(21): Illuminate/Pipeline/Pipeline->{closure:Illuminate/Pipeline/Pipeline::prepareDestination():142}()
#49 D:/laragon-new/laragon/www/hospital-management/vendor/laravel/framework/src/Illuminate/Foundation/Http/Middleware/ConvertEmptyStringsToNull.php(31): Illuminate/Foundation/Http/Middleware/TransformsRequest->handle()
#50 D:/laragon-new/laragon/www/hospital-management/vendor/laravel/framework/src/Illuminate/Pipeline/Pipeline.php(183): Illuminate/Foundation/Http/Middleware/ConvertEmptyStringsToNull->handle()
#51 D:/laragon-new/laragon/www/hospital-management/vendor/laravel/framework/src/Illuminate/Foundation/Http/Middleware/TransformsRequest.php(21): Illuminate/Pipeline/Pipeline->{closure:{closure:Illuminate/Pipeline/Pipeline::carry():158}:159}()
#52 D:/laragon-new/laragon/www/hospital-management/vendor/laravel/framework/src/Illuminate/Foundation/Http/Middleware/TrimStrings.php(40): Illuminate/Foundation/Http/Middleware/TransformsRequest->handle()
#53 D:/laragon-new/laragon/www/hospital-management/vendor/laravel/framework/src/Illuminate/Pipeline/Pipeline.php(183): Illuminate/Foundation/Http/Middleware/TrimStrings->handle()
#54 D:/laragon-new/laragon/www/hospital-management/vendor/laravel/framework/src/Illuminate/Foundation/Http/Middleware/ValidatePostSize.php(27): Illuminate/Pipeline/Pipeline->{closure:{closure:Illuminate/Pipeline/Pipeline::carry():158}:159}()
#55 D:/laragon-new/laragon/www/hospital-management/vendor/laravel/framework/src/Illuminate/Pipeline/Pipeline.php(183): Illuminate/Foundation/Http/Middleware/ValidatePostSize->handle()
#56 D:/laragon-new/laragon/www/hospital-management/vendor/laravel/framework/src/Illuminate/Foundation/Http/Middleware/PreventRequestsDuringMaintenance.php(99): Illuminate/Pipeline/Pipeline->{closure:{closure:Illuminate/Pipeline/Pipeline::carry():158}:159}()
#57 D:/laragon-new/laragon/www/hospital-management/vendor/laravel/framework/src/Illuminate/Pipeline/Pipeline.php(183): Illuminate/Foundation/Http/Middleware/PreventRequestsDuringMaintenance->handle()
#58 D:/laragon-new/laragon/www/hospital-management/vendor/laravel/framework/src/Illuminate/Http/Middleware/HandleCors.php(49): Illuminate/Pipeline/Pipeline->{closure:{closure:Illuminate/Pipeline/Pipeline::carry():158}:159}()
#59 D:/laragon-new/laragon/www/hospital-management/vendor/laravel/framework/src/Illuminate/Pipeline/Pipeline.php(183): Illuminate/Http/Middleware/HandleCors->handle()
#60 D:/laragon-new/laragon/www/hospital-management/vendor/laravel/framework/src/Illuminate/Http/Middleware/TrustProxies.php(39): Illuminate/Pipeline/Pipeline->{closure:{closure:Illuminate/Pipeline/Pipeline::carry():158}:159}()
#61 D:/laragon-new/laragon/www/hospital-management/vendor/laravel/framework/src/Illuminate/Pipeline/Pipeline.php(183): Illuminate/Http/Middleware/TrustProxies->handle()
#62 D:/laragon-new/laragon/www/hospital-management/vendor/laravel/framework/src/Illuminate/Pipeline/Pipeline.php(119): Illuminate/Pipeline/Pipeline->{closure:{closure:Illuminate/Pipeline/Pipeline::carry():158}:159}()
#63 D:/laragon-new/laragon/www/hospital-management/vendor/laravel/framework/src/Illuminate/Foundation/Http/Kernel.php(175): Illuminate/Pipeline/Pipeline->then()
#64 D:/laragon-new/laragon/www/hospital-management/vendor/laravel/framework/src/Illuminate/Foundation/Http/Kernel.php(144): Illuminate/Foundation/Http/Kernel->sendRequestThroughRouter()
#65 D:/laragon-new/laragon/www/hospital-management/public/index.php(55): Illuminate/Foundation/Http/Kernel->handle()
#66 D:/laragon-new/laragon/www/hospital-management/vendor/laravel/framework/src/Illuminate/Foundation/resources/server.php(16): require_once('...')
#67 {main}

[previous exception] [object] (ErrorException(code: 0): Attempt to read property \"id\" on array at D:/laragon-new/laragon/www/hospital-management/storage/framework/views/cdcea4de2a6a0efb0887f9a37d19adcb.php:163)
[stacktrace]
#0 D:/laragon-new/laragon/www/hospital-management/vendor/laravel/framework/src/Illuminate/Foundation/Bootstrap/HandleExceptions.php(255): Illuminate/Foundation/Bootstrap/HandleExceptions->handleError()
#1 D:/laragon-new/laragon/www/hospital-management/storage/framework/views/cdcea4de2a6a0efb0887f9a37d19adcb.php(163): Illuminate/Foundation/Bootstrap/HandleExceptions->{closure:Illuminate/Foundation/Bootstrap/HandleExceptions::forwardsTo():254}()
#2 D:/laragon-new/laragon/www/hospital-management/vendor/laravel/framework/src/Illuminate/Filesystem/Filesystem.php(123): require('...')
#3 D:/laragon-new/laragon/www/hospital-management/vendor/laravel/framework/src/Illuminate/Filesystem/Filesystem.php(124): Illuminate/Filesystem/Filesystem::{closure:Illuminate/Filesystem/Filesystem::getRequire():120}()
#4 D:/laragon-new/laragon/www/hospital-management/vendor/laravel/framework/src/Illuminate/View/Engines/PhpEngine.php(58): Illuminate/Filesystem/Filesystem->getRequire()
#5 D:/laragon-new/laragon/www/hospital-management/vendor/laravel/framework/src/Illuminate/View/Engines/CompilerEngine.php(72): Illuminate/View/Engines/PhpEngine->evaluatePath()
#6 D:/laragon-new/laragon/www/hospital-management/vendor/laravel/framework/src/Illuminate/View/View.php(207): Illuminate/View/Engines/CompilerEngine->get()
#7 D:/laragon-new/laragon/www/hospital-management/vendor/laravel/framework/src/Illuminate/View/View.php(190): Illuminate/View/View->getContents()
#8 D:/laragon-new/laragon/www/hospital-management/vendor/laravel/framework/src/Illuminate/View/View.php(159): Illuminate/View/View->renderContents()
#9 D:/laragon-new/laragon/www/hospital-management/vendor/laravel/framework/src/Illuminate/View/Concerns/ManagesComponents.php(103): Illuminate/View/View->render()
#10 D:/laragon-new/laragon/www/hospital-management/storage/framework/views/cd26cf55e8f5bf8923f22432e065a0b8.php(856): Illuminate/View/Factory->renderComponent()
#11 D:/laragon-new/laragon/www/hospital-management/vendor/laravel/framework/src/Illuminate/Filesystem/Filesystem.php(123): require('...')
#12 D:/laragon-new/laragon/www/hospital-management/vendor/laravel/framework/src/Illuminate/Filesystem/Filesystem.php(124): Illuminate/Filesystem/Filesystem::{closure:Illuminate/Filesystem/Filesystem::getRequire():120}()
#13 D:/laragon-new/laragon/www/hospital-management/vendor/laravel/framework/src/Illuminate/View/Engines/PhpEngine.php(58): Illuminate/Filesystem/Filesystem->getRequire()
#14 D:/laragon-new/laragon/www/hospital-management/vendor/laravel/framework/src/Illuminate/View/Engines/CompilerEngine.php(72): Illuminate/View/Engines/PhpEngine->evaluatePath()
#15 D:/laragon-new/laragon/www/hospital-management/vendor/laravel/framework/src/Illuminate/View/View.php(207): Illuminate/View/Engines/CompilerEngine->get()
#16 D:/laragon-new/laragon/www/hospital-management/vendor/laravel/framework/src/Illuminate/View/View.php(190): Illuminate/View/View->getContents()
#17 D:/laragon-new/laragon/www/hospital-management/vendor/laravel/framework/src/Illuminate/View/View.php(159): Illuminate/View/View->renderContents()
#18 D:/laragon-new/laragon/www/hospital-management/vendor/laravel/framework/src/Illuminate/Http/Response.php(69): Illuminate/View/View->render()
#19 D:/laragon-new/laragon/www/hospital-management/vendor/laravel/framework/src/Illuminate/Http/Response.php(35): Illuminate/Http/Response->setContent()
#20 D:/laragon-new/laragon/www/hospital-management/vendor/laravel/framework/src/Illuminate/Routing/Router.php(918): Illuminate/Http/Response->__construct()
#21 D:/laragon-new/laragon/www/hospital-management/vendor/laravel/framework/src/Illuminate/Routing/Router.php(885): Illuminate/Routing/Router::toResponse()
#22 D:/laragon-new/laragon/www/hospital-management/vendor/laravel/framework/src/Illuminate/Routing/Router.php(805): Illuminate/Routing/Router->prepareResponse()
#23 D:/laragon-new/laragon/www/hospital-management/vendor/laravel/framework/src/Illuminate/Pipeline/Pipeline.php(144): Illuminate/Routing/Router->{closure:Illuminate/Routing/Router::runRouteWithinStack():805}()
#24 D:/laragon-new/laragon/www/hospital-management/vendor/laravel/framework/src/Illuminate/Http/Middleware/AddLinkHeadersForPreloadedAssets.php(20): Illuminate/Pipeline/Pipeline->{closure:Illuminate/Pipeline/Pipeline::prepareDestination():142}()
#25 D:/laragon-new/laragon/www/hospital-management/vendor/laravel/framework/src/Illuminate/Pipeline/Pipeline.php(183): Illuminate/Http/Middleware/AddLinkHeadersForPreloadedAssets->handle()
#26 D:/laragon-new/laragon/www/hospital-management/vendor/inertiajs/inertia-laravel/src/Middleware.php(87): Illuminate/Pipeline/Pipeline->{closure:{closure:Illuminate/Pipeline/Pipeline::carry():158}:159}()
#27 D:/laragon-new/laragon/www/hospital-management/vendor/laravel/framework/src/Illuminate/Pipeline/Pipeline.php(183): Inertia/Middleware->handle()
#28 D:/laragon-new/laragon/www/hospital-management/app/Http/Middleware/SetLocale.php(35): Illuminate/Pipeline/Pipeline->{closure:{closure:Illuminate/Pipeline/Pipeline::carry():158}:159}()
#29 D:/laragon-new/laragon/www/hospital-management/vendor/laravel/framework/src/Illuminate/Pipeline/Pipeline.php(183): App/Http/Middleware/SetLocale->handle()
#30 D:/laragon-new/laragon/www/hospital-management/vendor/laravel/framework/src/Illuminate/Routing/Middleware/SubstituteBindings.php(50): Illuminate/Pipeline/Pipeline->{closure:{closure:Illuminate/Pipeline/Pipeline::carry():158}:159}()
#31 D:/laragon-new/laragon/www/hospital-management/vendor/laravel/framework/src/Illuminate/Pipeline/Pipeline.php(183): Illuminate/Routing/Middleware/SubstituteBindings->handle()
#32 D:/laragon-new/laragon/www/hospital-management/vendor/laravel/framework/src/Illuminate/Foundation/Http/Middleware/VerifyCsrfToken.php(78): Illuminate/Pipeline/Pipeline->{closure:{closure:Illuminate/Pipeline/Pipeline::carry():158}:159}()
#33 D:/laragon-new/laragon/www/hospital-management/vendor/laravel/framework/src/Illuminate/Pipeline/Pipeline.php(183): Illuminate/Foundation/Http/Middleware/VerifyCsrfToken->handle()
#34 D:/laragon-new/laragon/www/hospital-management/vendor/laravel/framework/src/Illuminate/View/Middleware/ShareErrorsFromSession.php(49): Illuminate/Pipeline/Pipeline->{closure:{closure:Illuminate/Pipeline/Pipeline::carry():158}:159}()
#35 D:/laragon-new/laragon/www/hospital-management/vendor/laravel/framework/src/Illuminate/Pipeline/Pipeline.php(183): Illuminate/View/Middleware/ShareErrorsFromSession->handle()
#36 D:/laragon-new/laragon/www/hospital-management/vendor/laravel/framework/src/Illuminate/Session/Middleware/StartSession.php(121): Illuminate/Pipeline/Pipeline->{closure:{closure:Illuminate/Pipeline/Pipeline::carry():158}:159}()
#37 D:/laragon-new/laragon/www/hospital-management/vendor/laravel/framework/src/Illuminate/Session/Middleware/StartSession.php(64): Illuminate/Session/Middleware/StartSession->handleStatefulRequest()
#38 D:/laragon-new/laragon/www/hospital-management/vendor/laravel/framework/src/Illuminate/Pipeline/Pipeline.php(183): Illuminate/Session/Middleware/StartSession->handle()
#39 D:/laragon-new/laragon/www/hospital-management/vendor/laravel/framework/src/Illuminate/Cookie/Middleware/AddQueuedCookiesToResponse.php(37): Illuminate/Pipeline/Pipeline->{closure:{closure:Illuminate/Pipeline/Pipeline::carry():158}:159}()
#40 D:/laragon-new/laragon/www/hospital-management/vendor/laravel/framework/src/Illuminate/Pipeline/Pipeline.php(183): Illuminate/Cookie/Middleware/AddQueuedCookiesToResponse->handle()
#41 D:/laragon-new/laragon/www/hospital-management/vendor/laravel/framework/src/Illuminate/Cookie/Middleware/EncryptCookies.php(67): Illuminate/Pipeline/Pipeline->{closure:{closure:Illuminate/Pipeline/Pipeline::carry():158}:159}()
#42 D:/laragon-new/laragon/www/hospital-management/vendor/laravel/framework/src/Illuminate/Pipeline/Pipeline.php(183): Illuminate/Cookie/Middleware/EncryptCookies->handle()
#43 D:/laragon-new/laragon/www/hospital-management/vendor/laravel/framework/src/Illuminate/Pipeline/Pipeline.php(119): Illuminate/Pipeline/Pipeline->{closure:{closure:Illuminate/Pipeline/Pipeline::carry():158}:159}()
#44 D:/laragon-new/laragon/www/hospital-management/vendor/laravel/framework/src/Illuminate/Routing/Router.php(805): Illuminate/Pipeline/Pipeline->then()
#45 D:/laragon-new/laragon/www/hospital-management/vendor/laravel/framework/src/Illuminate/Routing/Router.php(784): Illuminate/Routing/Router->runRouteWithinStack()
#46 D:/laragon-new/laragon/www/hospital-management/vendor/laravel/framework/src/Illuminate/Routing/Router.php(748): Illuminate/Routing/Router->runRoute()
#47 D:/laragon-new/laragon/www/hospital-management/vendor/laravel/framework/src/Illuminate/Routing/Router.php(737): Illuminate/Routing/Router->dispatchToRoute()
#48 D:/laragon-new/laragon/www/hospital-management/vendor/laravel/framework/src/Illuminate/Foundation/Http/Kernel.php(200): Illuminate/Routing/Router->dispatch()
#49 D:/laragon-new/laragon/www/hospital-management/vendor/laravel/framework/src/Illuminate/Pipeline/Pipeline.php(144): Illuminate/Foundation/Http/Kernel->{closure:Illuminate/Foundation/Http/Kernel::dispatchToRouter():197}()
#50 D:/laragon-new/laragon/www/hospital-management/vendor/laravel/framework/src/Illuminate/Foundation/Http/Middleware/TransformsRequest.php(21): Illuminate/Pipeline/Pipeline->{closure:Illuminate/Pipeline/Pipeline::prepareDestination():142}()
#51 D:/laragon-new/laragon/www/hospital-management/vendor/laravel/framework/src/Illuminate/Foundation/Http/Middleware/ConvertEmptyStringsToNull.php(31): Illuminate/Foundation/Http/Middleware/TransformsRequest->handle()
#52 D:/laragon-new/laragon/www/hospital-management/vendor/laravel/framework/src/Illuminate/Pipeline/Pipeline.php(183): Illuminate/Foundation/Http/Middleware/ConvertEmptyStringsToNull->handle()
#53 D:/laragon-new/laragon/www/hospital-management/vendor/laravel/framework/src/Illuminate/Foundation/Http/Middleware/TransformsRequest.php(21): Illuminate/Pipeline/Pipeline->{closure:{closure:Illuminate/Pipeline/Pipeline::carry():158}:159}()
#54 D:/laragon-new/laragon/www/hospital-management/vendor/laravel/framework/src/Illuminate/Foundation/Http/Middleware/TrimStrings.php(40): Illuminate/Foundation/Http/Middleware/TransformsRequest->handle()
#55 D:/laragon-new/laragon/www/hospital-management/vendor/laravel/framework/src/Illuminate/Pipeline/Pipeline.php(183): Illuminate/Foundation/Http/Middleware/TrimStrings->handle()
#56 D:/laragon-new/laragon/www/hospital-management/vendor/laravel/framework/src/Illuminate/Foundation/Http/Middleware/ValidatePostSize.php(27): Illuminate/Pipeline/Pipeline->{closure:{closure:Illuminate/Pipeline/Pipeline::carry():158}:159}()
#57 D:/laragon-new/laragon/www/hospital-management/vendor/laravel/framework/src/Illuminate/Pipeline/Pipeline.php(183): Illuminate/Foundation/Http/Middleware/ValidatePostSize->handle()
#58 D:/laragon-new/laragon/www/hospital-management/vendor/laravel/framework/src/Illuminate/Foundation/Http/Middleware/PreventRequestsDuringMaintenance.php(99): Illuminate/Pipeline/Pipeline->{closure:{closure:Illuminate/Pipeline/Pipeline::carry():158}:159}()
#59 D:/laragon-new/laragon/www/hospital-management/vendor/laravel/framework/src/Illuminate/Pipeline/Pipeline.php(183): Illuminate/Foundation/Http/Middleware/PreventRequestsDuringMaintenance->handle()
#60 D:/laragon-new/laragon/www/hospital-management/vendor/laravel/framework/src/Illuminate/Http/Middleware/HandleCors.php(49): Illuminate/Pipeline/Pipeline->{closure:{closure:Illuminate/Pipeline/Pipeline::carry():158}:159}()
#61 D:/laragon-new/laragon/www/hospital-management/vendor/laravel/framework/src/Illuminate/Pipeline/Pipeline.php(183): Illuminate/Http/Middleware/HandleCors->handle()
#62 D:/laragon-new/laragon/www/hospital-management/vendor/laravel/framework/src/Illuminate/Http/Middleware/TrustProxies.php(39): Illuminate/Pipeline/Pipeline->{closure:{closure:Illuminate/Pipeline/Pipeline::carry():158}:159}()
#63 D:/laragon-new/laragon/www/hospital-management/vendor/laravel/framework/src/Illuminate/Pipeline/Pipeline.php(183): Illuminate/Http/Middleware/TrustProxies->handle()
#64 D:/laragon-new/laragon/www/hospital-management/vendor/laravel/framework/src/Illuminate/Pipeline/Pipeline.php(119): Illuminate/Pipeline/Pipeline->{closure:{closure:Illuminate/Pipeline/Pipeline::carry():158}:159}()
#65 D:/laragon-new/laragon/www/hospital-management/vendor/laravel/framework/src/Illuminate/Foundation/Http/Kernel.php(175): Illuminate/Pipeline/Pipeline->then()
#66 D:/laragon-new/laragon/www/hospital-management/vendor/laravel/framework/src/Illuminate/Foundation/Http/Kernel.php(144): Illuminate/Foundation/Http/Kernel->sendRequestThroughRouter()
#67 D:/laragon-new/laragon/www/hospital-management/public/index.php(55): Illuminate/Foundation/Http/Kernel->handle()
#68 D:/laragon-new/laragon/www/hospital-management/vendor/laravel/framework/src/Illuminate/Foundation/resources/server.php(16): require_once('...')
#69 {main}
"} 
[2026-08-12 17:47:24] local.ERROR: Attempt to read property "id" on array {"view":{"view":"D:\\laragon-new\\laragon\\www\\hospital-management\\resources\\views\\components\\frontend\\book-appointment.blade.php","data":[]},"exception":"[object] (Spatie\\LaravelIgnition\\Exceptions\\ViewException(code: 0): Attempt to read property \"id\" on array at D:/laragon-new/laragon/www/hospital-management/resources/views/components/frontend/book-appointment.blade.php:141)
[stacktrace]
#0 D:/laragon-new/laragon/www/hospital-management/vendor/laravel/framework/src/Illuminate/Filesystem/Filesystem.php(123): require('...')
#1 D:/laragon-new/laragon/www/hospital-management/vendor/laravel/framework/src/Illuminate/Filesystem/Filesystem.php(124): Illuminate/Filesystem/Filesystem::{closure:Illuminate/Filesystem/Filesystem::getRequire():120}()
#2 D:/laragon-new/laragon/www/hospital-management/vendor/laravel/framework/src/Illuminate/View/Engines/PhpEngine.php(58): Illuminate/Filesystem/Filesystem->getRequire()
#3 D:/laragon-new/laragon/www/hospital-management/vendor/laravel/framework/src/Illuminate/View/Engines/CompilerEngine.php(72): Illuminate/View/Engines/PhpEngine->evaluatePath()
#4 D:/laragon-new/laragon/www/hospital-management/vendor/laravel/framework/src/Illuminate/View/View.php(207): Illuminate/View/Engines/CompilerEngine->get()
#5 D:/laragon-new/laragon/www/hospital-management/vendor/laravel/framework/src/Illuminate/View/View.php(190): Illuminate/View/View->getContents()
#6 D:/laragon-new/laragon/www/hospital-management/vendor/laravel/framework/src/Illuminate/View/View.php(159): Illuminate/View/View->renderContents()
#7 D:/laragon-new/laragon/www/hospital-management/vendor/laravel/framework/src/Illuminate/View/Concerns/ManagesComponents.php(103): Illuminate/View/View->render()
#8 D:/laragon-new/laragon/www/hospital-management/resources/views/frontend/home.blade.php(808): Illuminate/View/Factory->renderComponent()
#9 D:/laragon-new/laragon/www/hospital-management/vendor/laravel/framework/src/Illuminate/Filesystem/Filesystem.php(123): require('...')
#10 D:/laragon-new/laragon/www/hospital-management/vendor/laravel/framework/src/Illuminate/Filesystem/Filesystem.php(124): Illuminate/Filesystem/Filesystem::{closure:Illuminate/Filesystem/Filesystem::getRequire():120}()
#11 D:/laragon-new/laragon/www/hospital-management/vendor/laravel/framework/src/Illuminate/View/Engines/PhpEngine.php(58): Illuminate/Filesystem/Filesystem->getRequire()
#12 D:/laragon-new/laragon/www/hospital-management/vendor/laravel/framework/src/Illuminate/View/Engines/CompilerEngine.php(72): Illuminate/View/Engines/PhpEngine->evaluatePath()
#13 D:/laragon-new/laragon/www/hospital-management/vendor/laravel/framework/src/Illuminate/View/View.php(207): Illuminate/View/Engines/CompilerEngine->get()
#14 D:/laragon-new/laragon/www/hospital-management/vendor/laravel/framework/src/Illuminate/View/View.php(190): Illuminate/View/View->getContents()
#15 D:/laragon-new/laragon/www/hospital-management/vendor/laravel/framework/src/Illuminate/View/View.php(159): Illuminate/View/View->renderContents()
#16 D:/laragon-new/laragon/www/hospital-management/vendor/laravel/framework/src/Illuminate/Http/Response.php(69): Illuminate/View/View->render()
#17 D:/laragon-new/laragon/www/hospital-management/vendor/laravel/framework/src/Illuminate/Http/Response.php(35): Illuminate/Http/Response->setContent()
#18 D:/laragon-new/laragon/www/hospital-management/vendor/laravel/framework/src/Illuminate/Routing/Router.php(918): Illuminate/Http/Response->__construct()
#19 D:/laragon-new/laragon/www/hospital-management/vendor/laravel/framework/src/Illuminate/Routing/Router.php(885): Illuminate/Routing/Router::toResponse()
#20 D:/laragon-new/laragon/www/hospital-management/vendor/laravel/framework/src/Illuminate/Routing/Router.php(805): Illuminate/Routing/Router->prepareResponse()
#21 D:/laragon-new/laragon/www/hospital-management/vendor/laravel/framework/src/Illuminate/Pipeline/Pipeline.php(144): Illuminate/Routing/Router->{closure:Illuminate/Routing/Router::runRouteWithinStack():805}()
#22 D:/laragon-new/laragon/www/hospital-management/vendor/laravel/framework/src/Illuminate/Http/Middleware/AddLinkHeadersForPreloadedAssets.php(20): Illuminate/Pipeline/Pipeline->{closure:Illuminate/Pipeline/Pipeline::prepareDestination():142}()
#23 D:/laragon-new/laragon/www/hospital-management/vendor/laravel/framework/src/Illuminate/Pipeline/Pipeline.php(183): Illuminate/Http/Middleware/AddLinkHeadersForPreloadedAssets->handle()
#24 D:/laragon-new/laragon/www/hospital-management/vendor/inertiajs/inertia-laravel/src/Middleware.php(87): Illuminate/Pipeline/Pipeline->{closure:{closure:Illuminate/Pipeline/Pipeline::carry():158}:159}()
#25 D:/laragon-new/laragon/www/hospital-management/vendor/laravel/framework/src/Illuminate/Pipeline/Pipeline.php(183): Inertia/Middleware->handle()
#26 D:/laragon-new/laragon/www/hospital-management/app/Http/Middleware/SetLocale.php(35): Illuminate/Pipeline/Pipeline->{closure:{closure:Illuminate/Pipeline/Pipeline::carry():158}:159}()
#27 D:/laragon-new/laragon/www/hospital-management/vendor/laravel/framework/src/Illuminate/Pipeline/Pipeline.php(183): App/Http/Middleware/SetLocale->handle()
#28 D:/laragon-new/laragon/www/hospital-management/vendor/laravel/framework/src/Illuminate/Routing/Middleware/SubstituteBindings.php(50): Illuminate/Pipeline/Pipeline->{closure:{closure:Illuminate/Pipeline/Pipeline::carry():158}:159}()
#29 D:/laragon-new/laragon/www/hospital-management/vendor/laravel/framework/src/Illuminate/Pipeline/Pipeline.php(183): Illuminate/Routing/Middleware/SubstituteBindings->handle()
#30 D:/laragon-new/laragon/www/hospital-management/vendor/laravel/framework/src/Illuminate/Foundation/Http/Middleware/VerifyCsrfToken.php(78): Illuminate/Pipeline/Pipeline->{closure:{closure:Illuminate/Pipeline/Pipeline::carry():158}:159}()
#31 D:/laragon-new/laragon/www/hospital-management/vendor/laravel/framework/src/Illuminate/Pipeline/Pipeline.php(183): Illuminate/Foundation/Http/Middleware/VerifyCsrfToken->handle()
#32 D:/laragon-new/laragon/www/hospital-management/vendor/laravel/framework/src/Illuminate/View/Middleware/ShareErrorsFromSession.php(49): Illuminate/Pipeline/Pipeline->{closure:{closure:Illuminate/Pipeline/Pipeline::carry():158}:159}()
#33 D:/laragon-new/laragon/www/hospital-management/vendor/laravel/framework/src/Illuminate/Pipeline/Pipeline.php(183): Illuminate/View/Middleware/ShareErrorsFromSession->handle()
#34 D:/laragon-new/laragon/www/hospital-management/vendor/laravel/framework/src/Illuminate/Session/Middleware/StartSession.php(121): Illuminate/Pipeline/Pipeline->{closure:{closure:Illuminate/Pipeline/Pipeline::carry():158}:159}()
#35 D:/laragon-new/laragon/www/hospital-management/vendor/laravel/framework/src/Illuminate/Session/Middleware/StartSession.php(64): Illuminate/Session/Middleware/StartSession->handleStatefulRequest()
#36 D:/laragon-new/laragon/www/hospital-management/vendor/laravel/framework/src/Illuminate/Pipeline/Pipeline.php(183): Illuminate/Session/Middleware/StartSession->handle()
#37 D:/laragon-new/laragon/www/hospital-management/vendor/laravel/framework/src/Illuminate/Cookie/Middleware/AddQueuedCookiesToResponse.php(37): Illuminate/Pipeline/Pipeline->{closure:{closure:Illuminate/Pipeline/Pipeline::carry():158}:159}()
#38 D:/laragon-new/laragon/www/hospital-management/vendor/laravel/framework/src/Illuminate/Pipeline/Pipeline.php(183): Illuminate/Cookie/Middleware/AddQueuedCookiesToResponse->handle()
#39 D:/laragon-new/laragon/www/hospital-management/vendor/laravel/framework/src/Illuminate/Cookie/Middleware/EncryptCookies.php(67): Illuminate/Pipeline/Pipeline->{closure:{closure:Illuminate/Pipeline/Pipeline::carry():158}:159}()
#40 D:/laragon-new/laragon/www/hospital-management/vendor/laravel/framework/src/Illuminate/Pipeline/Pipeline.php(183): Illuminate/Cookie/Middleware/EncryptCookies->handle()
#41 D:/laragon-new/laragon/www/hospital-management/vendor/laravel/framework/src/Illuminate/Pipeline/Pipeline.php(119): Illuminate/Pipeline/Pipeline->{closure:{closure:Illuminate/Pipeline/Pipeline::carry():158}:159}()
#42 D:/laragon-new/laragon/www/hospital-management/vendor/laravel/framework/src/Illuminate/Routing/Router.php(805): Illuminate/Pipeline/Pipeline->then()
#43 D:/laragon-new/laragon/www/hospital-management/vendor/laravel/framework/src/Illuminate/Routing/Router.php(784): Illuminate/Routing/Router->runRouteWithinStack()
#44 D:/laragon-new/laragon/www/hospital-management/vendor/laravel/framework/src/Illuminate/Routing/Router.php(748): Illuminate/Routing/Router->runRoute()
#45 D:/laragon-new/laragon/www/hospital-management/vendor/laravel/framework/src/Illuminate/Routing/Router.php(737): Illuminate/Routing/Router->dispatchToRoute()
#46 D:/laragon-new/laragon/www/hospital-management/vendor/laravel/framework/src/Illuminate/Foundation/Http/Kernel.php(200): Illuminate/Routing/Router->dispatch()
#47 D:/laragon-new/laragon/www/hospital-management/vendor/laravel/framework/src/Illuminate/Pipeline/Pipeline.php(144): Illuminate/Foundation/Http/Kernel->{closure:Illuminate/Foundation/Http/Kernel::dispatchToRouter():197}()
#48 D:/laragon-new/laragon/www/hospital-management/vendor/laravel/framework/src/Illuminate/Foundation/Http/Middleware/TransformsRequest.php(21): Illuminate/Pipeline/Pipeline->{closure:Illuminate/Pipeline/Pipeline::prepareDestination():142}()
#49 D:/laragon-new/laragon/www/hospital-management/vendor/laravel/framework/src/Illuminate/Foundation/Http/Middleware/ConvertEmptyStringsToNull.php(31): Illuminate/Foundation/Http/Middleware/TransformsRequest->handle()
#50 D:/laragon-new/laragon/www/hospital-management/vendor/laravel/framework/src/Illuminate/Pipeline/Pipeline.php(183): Illuminate/Foundation/Http/Middleware/ConvertEmptyStringsToNull->handle()
#51 D:/laragon-new/laragon/www/hospital-management/vendor/laravel/framework/src/Illuminate/Foundation/Http/Middleware/TransformsRequest.php(21): Illuminate/Pipeline/Pipeline->{closure:{closure:Illuminate/Pipeline/Pipeline::carry():158}:159}()
#52 D:/laragon-new/laragon/www/hospital-management/vendor/laravel/framework/src/Illuminate/Foundation/Http/Middleware/TrimStrings.php(40): Illuminate/Foundation/Http/Middleware/TransformsRequest->handle()
#53 D:/laragon-new/laragon/www/hospital-management/vendor/laravel/framework/src/Illuminate/Pipeline/Pipeline.php(183): Illuminate/Foundation/Http/Middleware/TrimStrings->handle()
#54 D:/laragon-new/laragon/www/hospital-management/vendor/laravel/framework/src/Illuminate/Foundation/Http/Middleware/ValidatePostSize.php(27): Illuminate/Pipeline/Pipeline->{closure:{closure:Illuminate/Pipeline/Pipeline::carry():158}:159}()
#55 D:/laragon-new/laragon/www/hospital-management/vendor/laravel/framework/src/Illuminate/Pipeline/Pipeline.php(183): Illuminate/Foundation/Http/Middleware/ValidatePostSize->handle()
#56 D:/laragon-new/laragon/www/hospital-management/vendor/laravel/framework/src/Illuminate/Foundation/Http/Middleware/PreventRequestsDuringMaintenance.php(99): Illuminate/Pipeline/Pipeline->{closure:{closure:Illuminate/Pipeline/Pipeline::carry():158}:159}()
#57 D:/laragon-new/laragon/www/hospital-management/vendor/laravel/framework/src/Illuminate/Pipeline/Pipeline.php(183): Illuminate/Foundation/Http/Middleware/PreventRequestsDuringMaintenance->handle()
#58 D:/laragon-new/laragon/www/hospital-management/vendor/laravel/framework/src/Illuminate/Http/Middleware/HandleCors.php(49): Illuminate/Pipeline/Pipeline->{closure:{closure:Illuminate/Pipeline/Pipeline::carry():158}:159}()
#59 D:/laragon-new/laragon/www/hospital-management/vendor/laravel/framework/src/Illuminate/Pipeline/Pipeline.php(183): Illuminate/Http/Middleware/HandleCors->handle()
#60 D:/laragon-new/laragon/www/hospital-management/vendor/laravel/framework/src/Illuminate/Http/Middleware/TrustProxies.php(39): Illuminate/Pipeline/Pipeline->{closure:{closure:Illuminate/Pipeline/Pipeline::carry():158}:159}()
#61 D:/laragon-new/laragon/www/hospital-management/vendor/laravel/framework/src/Illuminate/Pipeline/Pipeline.php(183): Illuminate/Http/Middleware/TrustProxies->handle()
#62 D:/laragon-new/laragon/www/hospital-management/vendor/laravel/framework/src/Illuminate/Pipeline/Pipeline.php(119): Illuminate/Pipeline/Pipeline->{closure:{closure:Illuminate/Pipeline/Pipeline::carry():158}:159}()
#63 D:/laragon-new/laragon/www/hospital-management/vendor/laravel/framework/src/Illuminate/Foundation/Http/Kernel.php(175): Illuminate/Pipeline/Pipeline->then()
#64 D:/laragon-new/laragon/www/hospital-management/vendor/laravel/framework/src/Illuminate/Foundation/Http/Kernel.php(144): Illuminate/Foundation/Http/Kernel->sendRequestThroughRouter()
#65 D:/laragon-new/laragon/www/hospital-management/public/index.php(55): Illuminate/Foundation/Http/Kernel->handle()
#66 D:/laragon-new/laragon/www/hospital-management/vendor/laravel/framework/src/Illuminate/Foundation/resources/server.php(16): require_once('...')
#67 {main}

[previous exception] [object] (ErrorException(code: 0): Attempt to read property \"id\" on array at D:/laragon-new/laragon/www/hospital-management/storage/framework/views/cdcea4de2a6a0efb0887f9a37d19adcb.php:163)
[stacktrace]
#0 D:/laragon-new/laragon/www/hospital-management/vendor/laravel/framework/src/Illuminate/Foundation/Bootstrap/HandleExceptions.php(255): Illuminate/Foundation/Bootstrap/HandleExceptions->handleError()
#1 D:/laragon-new/laragon/www/hospital-management/storage/framework/views/cdcea4de2a6a0efb0887f9a37d19adcb.php(163): Illuminate/Foundation/Bootstrap/HandleExceptions->{closure:Illuminate/Foundation/Bootstrap/HandleExceptions::forwardsTo():254}()
#2 D:/laragon-new/laragon/www/hospital-management/vendor/laravel/framework/src/Illuminate/Filesystem/Filesystem.php(123): require('...')
#3 D:/laragon-new/laragon/www/hospital-management/vendor/laravel/framework/src/Illuminate/Filesystem/Filesystem.php(124): Illuminate/Filesystem/Filesystem::{closure:Illuminate/Filesystem/Filesystem::getRequire():120}()
#4 D:/laragon-new/laragon/www/hospital-management/vendor/laravel/framework/src/Illuminate/View/Engines/PhpEngine.php(58): Illuminate/Filesystem/Filesystem->getRequire()
#5 D:/laragon-new/laragon/www/hospital-management/vendor/laravel/framework/src/Illuminate/View/Engines/CompilerEngine.php(72): Illuminate/View/Engines/PhpEngine->evaluatePath()
#6 D:/laragon-new/laragon/www/hospital-management/vendor/laravel/framework/src/Illuminate/View/View.php(207): Illuminate/View/Engines/CompilerEngine->get()
#7 D:/laragon-new/laragon/www/hospital-management/vendor/laravel/framework/src/Illuminate/View/View.php(190): Illuminate/View/View->getContents()
#8 D:/laragon-new/laragon/www/hospital-management/vendor/laravel/framework/src/Illuminate/View/View.php(159): Illuminate/View/View->renderContents()
#9 D:/laragon-new/laragon/www/hospital-management/vendor/laravel/framework/src/Illuminate/View/Concerns/ManagesComponents.php(103): Illuminate/View/View->render()
#10 D:/laragon-new/laragon/www/hospital-management/storage/framework/views/cd26cf55e8f5bf8923f22432e065a0b8.php(856): Illuminate/View/Factory->renderComponent()
#11 D:/laragon-new/laragon/www/hospital-management/vendor/laravel/framework/src/Illuminate/Filesystem/Filesystem.php(123): require('...')
#12 D:/laragon-new/laragon/www/hospital-management/vendor/laravel/framework/src/Illuminate/Filesystem/Filesystem.php(124): Illuminate/Filesystem/Filesystem::{closure:Illuminate/Filesystem/Filesystem::getRequire():120}()
#13 D:/laragon-new/laragon/www/hospital-management/vendor/laravel/framework/src/Illuminate/View/Engines/PhpEngine.php(58): Illuminate/Filesystem/Filesystem->getRequire()
#14 D:/laragon-new/laragon/www/hospital-management/vendor/laravel/framework/src/Illuminate/View/Engines/CompilerEngine.php(72): Illuminate/View/Engines/PhpEngine->evaluatePath()
#15 D:/laragon-new/laragon/www/hospital-management/vendor/laravel/framework/src/Illuminate/View/View.php(207): Illuminate/View/Engines/CompilerEngine->get()
#16 D:/laragon-new/laragon/www/hospital-management/vendor/laravel/framework/src/Illuminate/View/View.php(190): Illuminate/View/View->getContents()
#17 D:/laragon-new/laragon/www/hospital-management/vendor/laravel/framework/src/Illuminate/View/View.php(159): Illuminate/View/View->renderContents()
#18 D:/laragon-new/laragon/www/hospital-management/vendor/laravel/framework/src/Illuminate/Http/Response.php(69): Illuminate/View/View->render()
#19 D:/laragon-new/laragon/www/hospital-management/vendor/laravel/framework/src/Illuminate/Http/Response.php(35): Illuminate/Http/Response->setContent()
#20 D:/laragon-new/laragon/www/hospital-management/vendor/laravel/framework/src/Illuminate/Routing/Router.php(918): Illuminate/Http/Response->__construct()
#21 D:/laragon-new/laragon/www/hospital-management/vendor/laravel/framework/src/Illuminate/Routing/Router.php(885): Illuminate/Routing/Router::toResponse()
#22 D:/laragon-new/laragon/www/hospital-management/vendor/laravel/framework/src/Illuminate/Routing/Router.php(805): Illuminate/Routing/Router->prepareResponse()
#23 D:/laragon-new/laragon/www/hospital-management/vendor/laravel/framework/src/Illuminate/Pipeline/Pipeline.php(144): Illuminate/Routing/Router->{closure:Illuminate/Routing/Router::runRouteWithinStack():805}()
#24 D:/laragon-new/laragon/www/hospital-management/vendor/laravel/framework/src/Illuminate/Http/Middleware/AddLinkHeadersForPreloadedAssets.php(20): Illuminate/Pipeline/Pipeline->{closure:Illuminate/Pipeline/Pipeline::prepareDestination():142}()
#25 D:/laragon-new/laragon/www/hospital-management/vendor/laravel/framework/src/Illuminate/Pipeline/Pipeline.php(183): Illuminate/Http/Middleware/AddLinkHeadersForPreloadedAssets->handle()
#26 D:/laragon-new/laragon/www/hospital-management/vendor/inertiajs/inertia-laravel/src/Middleware.php(87): Illuminate/Pipeline/Pipeline->{closure:{closure:Illuminate/Pipeline/Pipeline::carry():158}:159}()
#27 D:/laragon-new/laragon/www/hospital-management/vendor/laravel/framework/src/Illuminate/Pipeline/Pipeline.php(183): Inertia/Middleware->handle()
#28 D:/laragon-new/laragon/www/hospital-management/app/Http/Middleware/SetLocale.php(35): Illuminate/Pipeline/Pipeline->{closure:{closure:Illuminate/Pipeline/Pipeline::carry():158}:159}()
#29 D:/laragon-new/laragon/www/hospital-management/vendor/laravel/framework/src/Illuminate/Pipeline/Pipeline.php(183): App/Http/Middleware/SetLocale->handle()
#30 D:/laragon-new/laragon/www/hospital-management/vendor/laravel/framework/src/Illuminate/Routing/Middleware/SubstituteBindings.php(50): Illuminate/Pipeline/Pipeline->{closure:{closure:Illuminate/Pipeline/Pipeline::carry():158}:159}()
#31 D:/laragon-new/laragon/www/hospital-management/vendor/laravel/framework/src/Illuminate/Pipeline/Pipeline.php(183): Illuminate/Routing/Middleware/SubstituteBindings->handle()
#32 D:/laragon-new/laragon/www/hospital-management/vendor/laravel/framework/src/Illuminate/Foundation/Http/Middleware/VerifyCsrfToken.php(78): Illuminate/Pipeline/Pipeline->{closure:{closure:Illuminate/Pipeline/Pipeline::carry():158}:159}()
#33 D:/laragon-new/laragon/www/hospital-management/vendor/laravel/framework/src/Illuminate/Pipeline/Pipeline.php(183): Illuminate/Foundation/Http/Middleware/VerifyCsrfToken->handle()
#34 D:/laragon-new/laragon/www/hospital-management/vendor/laravel/framework/src/Illuminate/View/Middleware/ShareErrorsFromSession.php(49): Illuminate/Pipeline/Pipeline->{closure:{closure:Illuminate/Pipeline/Pipeline::carry():158}:159}()
#35 D:/laragon-new/laragon/www/hospital-management/vendor/laravel/framework/src/Illuminate/Pipeline/Pipeline.php(183): Illuminate/View/Middleware/ShareErrorsFromSession->handle()
#36 D:/laragon-new/laragon/www/hospital-management/vendor/laravel/framework/src/Illuminate/Session/Middleware/StartSession.php(121): Illuminate/Pipeline/Pipeline->{closure:{closure:Illuminate/Pipeline/Pipeline::carry():158}:159}()
#37 D:/laragon-new/laragon/www/hospital-management/vendor/laravel/framework/src/Illuminate/Session/Middleware/StartSession.php(64): Illuminate/Session/Middleware/StartSession->handleStatefulRequest()
#38 D:/laragon-new/laragon/www/hospital-management/vendor/laravel/framework/src/Illuminate/Pipeline/Pipeline.php(183): Illuminate/Session/Middleware/StartSession->handle()
#39 D:/laragon-new/laragon/www/hospital-management/vendor/laravel/framework/src/Illuminate/Cookie/Middleware/AddQueuedCookiesToResponse.php(37): Illuminate/Pipeline/Pipeline->{closure:{closure:Illuminate/Pipeline/Pipeline::carry():158}:159}()
#40 D:/laragon-new/laragon/www/hospital-management/vendor/laravel/framework/src/Illuminate/Pipeline/Pipeline.php(183): Illuminate/Cookie/Middleware/AddQueuedCookiesToResponse->handle()
#41 D:/laragon-new/laragon/www/hospital-management/vendor/laravel/framework/src/Illuminate/Cookie/Middleware/EncryptCookies.php(67): Illuminate/Pipeline/Pipeline->{closure:{closure:Illuminate/Pipeline/Pipeline::carry():158}:159}()
#42 D:/laragon-new/laragon/www/hospital-management/vendor/laravel/framework/src/Illuminate/Pipeline/Pipeline.php(183): Illuminate/Cookie/Middleware/EncryptCookies->handle()
#43 D:/laragon-new/laragon/www/hospital-management/vendor/laravel/framework/src/Illuminate/Pipeline/Pipeline.php(119): Illuminate/Pipeline/Pipeline->{closure:{closure:Illuminate/Pipeline/Pipeline::carry():158}:159}()
#44 D:/laragon-new/laragon/www/hospital-management/vendor/laravel/framework/src/Illuminate/Routing/Router.php(805): Illuminate/Pipeline/Pipeline->then()
#45 D:/laragon-new/laragon/www/hospital-management/vendor/laravel/framework/src/Illuminate/Routing/Router.php(784): Illuminate/Routing/Router->runRouteWithinStack()
#46 D:/laragon-new/laragon/www/hospital-management/vendor/laravel/framework/src/Illuminate/Routing/Router.php(748): Illuminate/Routing/Router->runRoute()
#47 D:/laragon-new/laragon/www/hospital-management/vendor/laravel/framework/src/Illuminate/Routing/Router.php(737): Illuminate/Routing/Router->dispatchToRoute()
#48 D:/laragon-new/laragon/www/hospital-management/vendor/laravel/framework/src/Illuminate/Foundation/Http/Kernel.php(200): Illuminate/Routing/Router->dispatch()
#49 D:/laragon-new/laragon/www/hospital-management/vendor/laravel/framework/src/Illuminate/Pipeline/Pipeline.php(144): Illuminate/Foundation/Http/Kernel->{closure:Illuminate/Foundation/Http/Kernel::dispatchToRouter():197}()
#50 D:/laragon-new/laragon/www/hospital-management/vendor/laravel/framework/src/Illuminate/Foundation/Http/Middleware/TransformsRequest.php(21): Illuminate/Pipeline/Pipeline->{closure:Illuminate/Pipeline/Pipeline::prepareDestination():142}()
#51 D:/laragon-new/laragon/www/hospital-management/vendor/laravel/framework/src/Illuminate/Foundation/Http/Middleware/ConvertEmptyStringsToNull.php(31): Illuminate/Foundation/Http/Middleware/TransformsRequest->handle()
#52 D:/laragon-new/laragon/www/hospital-management/vendor/laravel/framework/src/Illuminate/Pipeline/Pipeline.php(183): Illuminate/Foundation/Http/Middleware/ConvertEmptyStringsToNull->handle()
#53 D:/laragon-new/laragon/www/hospital-management/vendor/laravel/framework/src/Illuminate/Foundation/Http/Middleware/TransformsRequest.php(21): Illuminate/Pipeline/Pipeline->{closure:{closure:Illuminate/Pipeline/Pipeline::carry():158}:159}()
#54 D:/laragon-new/laragon/www/hospital-management/vendor/laravel/framework/src/Illuminate/Foundation/Http/Middleware/TrimStrings.php(40): Illuminate/Foundation/Http/Middleware/TransformsRequest->handle()
#55 D:/laragon-new/laragon/www/hospital-management/vendor/laravel/framework/src/Illuminate/Pipeline/Pipeline.php(183): Illuminate/Foundation/Http/Middleware/TrimStrings->handle()
#56 D:/laragon-new/laragon/www/hospital-management/vendor/laravel/framework/src/Illuminate/Foundation/Http/Middleware/ValidatePostSize.php(27): Illuminate/Pipeline/Pipeline->{closure:{closure:Illuminate/Pipeline/Pipeline::carry():158}:159}()
#57 D:/laragon-new/laragon/www/hospital-management/vendor/laravel/framework/src/Illuminate/Pipeline/Pipeline.php(183): Illuminate/Foundation/Http/Middleware/ValidatePostSize->handle()
#58 D:/laragon-new/laragon/www/hospital-management/vendor/laravel/framework/src/Illuminate/Foundation/Http/Middleware/PreventRequestsDuringMaintenance.php(99): Illuminate/Pipeline/Pipeline->{closure:{closure:Illuminate/Pipeline/Pipeline::carry():158}:159}()
#59 D:/laragon-new/laragon/www/hospital-management/vendor/laravel/framework/src/Illuminate/Pipeline/Pipeline.php(183): Illuminate/Foundation/Http/Middleware/PreventRequestsDuringMaintenance->handle()
#60 D:/laragon-new/laragon/www/hospital-management/vendor/laravel/framework/src/Illuminate/Http/Middleware/HandleCors.php(49): Illuminate/Pipeline/Pipeline->{closure:{closure:Illuminate/Pipeline/Pipeline::carry():158}:159}()
#61 D:/laragon-new/laragon/www/hospital-management/vendor/laravel/framework/src/Illuminate/Pipeline/Pipeline.php(183): Illuminate/Http/Middleware/HandleCors->handle()
#62 D:/laragon-new/laragon/www/hospital-management/vendor/laravel/framework/src/Illuminate/Http/Middleware/TrustProxies.php(39): Illuminate/Pipeline/Pipeline->{closure:{closure:Illuminate/Pipeline/Pipeline::carry():158}:159}()
#63 D:/laragon-new/laragon/www/hospital-management/vendor/laravel/framework/src/Illuminate/Pipeline/Pipeline.php(183): Illuminate/Http/Middleware/TrustProxies->handle()
#64 D:/laragon-new/laragon/www/hospital-management/vendor/laravel/framework/src/Illuminate/Pipeline/Pipeline.php(119): Illuminate/Pipeline/Pipeline->{closure:{closure:Illuminate/Pipeline/Pipeline::carry():158}:159}()
#65 D:/laragon-new/laragon/www/hospital-management/vendor/laravel/framework/src/Illuminate/Foundation/Http/Kernel.php(175): Illuminate/Pipeline/Pipeline->then()
#66 D:/laragon-new/laragon/www/hospital-management/vendor/laravel/framework/src/Illuminate/Foundation/Http/Kernel.php(144): Illuminate/Foundation/Http/Kernel->sendRequestThroughRouter()
#67 D:/laragon-new/laragon/www/hospital-management/public/index.php(55): Illuminate/Foundation/Http/Kernel->handle()
#68 D:/laragon-new/laragon/www/hospital-management/vendor/laravel/framework/src/Illuminate/Foundation/resources/server.php(16): require_once('...')
#69 {main}
"} 
[2026-08-12 17:49:26] local.ERROR: Attempt to read property "id" on array {"view":{"view":"D:\\laragon-new\\laragon\\www\\hospital-management\\resources\\views\\components\\frontend\\book-appointment.blade.php","data":[]},"exception":"[object] (Spatie\\LaravelIgnition\\Exceptions\\ViewException(code: 0): Attempt to read property \"id\" on array at D:/laragon-new/laragon/www/hospital-management/resources/views/components/frontend/book-appointment.blade.php:141)
[stacktrace]
#0 D:/laragon-new/laragon/www/hospital-management/vendor/laravel/framework/src/Illuminate/Filesystem/Filesystem.php(123): require('...')
#1 D:/laragon-new/laragon/www/hospital-management/vendor/laravel/framework/src/Illuminate/Filesystem/Filesystem.php(124): Illuminate/Filesystem/Filesystem::{closure:Illuminate/Filesystem/Filesystem::getRequire():120}()
#2 D:/laragon-new/laragon/www/hospital-management/vendor/laravel/framework/src/Illuminate/View/Engines/PhpEngine.php(58): Illuminate/Filesystem/Filesystem->getRequire()
#3 D:/laragon-new/laragon/www/hospital-management/vendor/laravel/framework/src/Illuminate/View/Engines/CompilerEngine.php(72): Illuminate/View/Engines/PhpEngine->evaluatePath()
#4 D:/laragon-new/laragon/www/hospital-management/vendor/laravel/framework/src/Illuminate/View/View.php(207): Illuminate/View/Engines/CompilerEngine->get()
#5 D:/laragon-new/laragon/www/hospital-management/vendor/laravel/framework/src/Illuminate/View/View.php(190): Illuminate/View/View->getContents()
#6 D:/laragon-new/laragon/www/hospital-management/vendor/laravel/framework/src/Illuminate/View/View.php(159): Illuminate/View/View->renderContents()
#7 D:/laragon-new/laragon/www/hospital-management/vendor/laravel/framework/src/Illuminate/View/Concerns/ManagesComponents.php(103): Illuminate/View/View->render()
#8 D:/laragon-new/laragon/www/hospital-management/resources/views/frontend/home.blade.php(808): Illuminate/View/Factory->renderComponent()
#9 D:/laragon-new/laragon/www/hospital-management/vendor/laravel/framework/src/Illuminate/Filesystem/Filesystem.php(123): require('...')
#10 D:/laragon-new/laragon/www/hospital-management/vendor/laravel/framework/src/Illuminate/Filesystem/Filesystem.php(124): Illuminate/Filesystem/Filesystem::{closure:Illuminate/Filesystem/Filesystem::getRequire():120}()
#11 D:/laragon-new/laragon/www/hospital-management/vendor/laravel/framework/src/Illuminate/View/Engines/PhpEngine.php(58): Illuminate/Filesystem/Filesystem->getRequire()
#12 D:/laragon-new/laragon/www/hospital-management/vendor/laravel/framework/src/Illuminate/View/Engines/CompilerEngine.php(72): Illuminate/View/Engines/PhpEngine->evaluatePath()
#13 D:/laragon-new/laragon/www/hospital-management/vendor/laravel/framework/src/Illuminate/View/View.php(207): Illuminate/View/Engines/CompilerEngine->get()
#14 D:/laragon-new/laragon/www/hospital-management/vendor/laravel/framework/src/Illuminate/View/View.php(190): Illuminate/View/View->getContents()
#15 D:/laragon-new/laragon/www/hospital-management/vendor/laravel/framework/src/Illuminate/View/View.php(159): Illuminate/View/View->renderContents()
#16 D:/laragon-new/laragon/www/hospital-management/vendor/laravel/framework/src/Illuminate/Http/Response.php(69): Illuminate/View/View->render()
#17 D:/laragon-new/laragon/www/hospital-management/vendor/laravel/framework/src/Illuminate/Http/Response.php(35): Illuminate/Http/Response->setContent()
#18 D:/laragon-new/laragon/www/hospital-management/vendor/laravel/framework/src/Illuminate/Routing/Router.php(918): Illuminate/Http/Response->__construct()
#19 D:/laragon-new/laragon/www/hospital-management/vendor/laravel/framework/src/Illuminate/Routing/Router.php(885): Illuminate/Routing/Router::toResponse()
#20 D:/laragon-new/laragon/www/hospital-management/vendor/laravel/framework/src/Illuminate/Routing/Router.php(805): Illuminate/Routing/Router->prepareResponse()
#21 D:/laragon-new/laragon/www/hospital-management/vendor/laravel/framework/src/Illuminate/Pipeline/Pipeline.php(144): Illuminate/Routing/Router->{closure:Illuminate/Routing/Router::runRouteWithinStack():805}()
#22 D:/laragon-new/laragon/www/hospital-management/vendor/laravel/framework/src/Illuminate/Http/Middleware/AddLinkHeadersForPreloadedAssets.php(20): Illuminate/Pipeline/Pipeline->{closure:Illuminate/Pipeline/Pipeline::prepareDestination():142}()
#23 D:/laragon-new/laragon/www/hospital-management/vendor/laravel/framework/src/Illuminate/Pipeline/Pipeline.php(183): Illuminate/Http/Middleware/AddLinkHeadersForPreloadedAssets->handle()
#24 D:/laragon-new/laragon/www/hospital-management/vendor/inertiajs/inertia-laravel/src/Middleware.php(87): Illuminate/Pipeline/Pipeline->{closure:{closure:Illuminate/Pipeline/Pipeline::carry():158}:159}()
#25 D:/laragon-new/laragon/www/hospital-management/vendor/laravel/framework/src/Illuminate/Pipeline/Pipeline.php(183): Inertia/Middleware->handle()
#26 D:/laragon-new/laragon/www/hospital-management/app/Http/Middleware/SetLocale.php(35): Illuminate/Pipeline/Pipeline->{closure:{closure:Illuminate/Pipeline/Pipeline::carry():158}:159}()
#27 D:/laragon-new/laragon/www/hospital-management/vendor/laravel/framework/src/Illuminate/Pipeline/Pipeline.php(183): App/Http/Middleware/SetLocale->handle()
#28 D:/laragon-new/laragon/www/hospital-management/vendor/laravel/framework/src/Illuminate/Routing/Middleware/SubstituteBindings.php(50): Illuminate/Pipeline/Pipeline->{closure:{closure:Illuminate/Pipeline/Pipeline::carry():158}:159}()
#29 D:/laragon-new/laragon/www/hospital-management/vendor/laravel/framework/src/Illuminate/Pipeline/Pipeline.php(183): Illuminate/Routing/Middleware/SubstituteBindings->handle()
#30 D:/laragon-new/laragon/www/hospital-management/vendor/laravel/framework/src/Illuminate/Foundation/Http/Middleware/VerifyCsrfToken.php(78): Illuminate/Pipeline/Pipeline->{closure:{closure:Illuminate/Pipeline/Pipeline::carry():158}:159}()
#31 D:/laragon-new/laragon/www/hospital-management/vendor/laravel/framework/src/Illuminate/Pipeline/Pipeline.php(183): Illuminate/Foundation/Http/Middleware/VerifyCsrfToken->handle()
#32 D:/laragon-new/laragon/www/hospital-management/vendor/laravel/framework/src/Illuminate/View/Middleware/ShareErrorsFromSession.php(49): Illuminate/Pipeline/Pipeline->{closure:{closure:Illuminate/Pipeline/Pipeline::carry():158}:159}()
#33 D:/laragon-new/laragon/www/hospital-management/vendor/laravel/framework/src/Illuminate/Pipeline/Pipeline.php(183): Illuminate/View/Middleware/ShareErrorsFromSession->handle()
#34 D:/laragon-new/laragon/www/hospital-management/vendor/laravel/framework/src/Illuminate/Session/Middleware/StartSession.php(121): Illuminate/Pipeline/Pipeline->{closure:{closure:Illuminate/Pipeline/Pipeline::carry():158}:159}()
#35 D:/laragon-new/laragon/www/hospital-management/vendor/laravel/framework/src/Illuminate/Session/Middleware/StartSession.php(64): Illuminate/Session/Middleware/StartSession->handleStatefulRequest()
#36 D:/laragon-new/laragon/www/hospital-management/vendor/laravel/framework/src/Illuminate/Pipeline/Pipeline.php(183): Illuminate/Session/Middleware/StartSession->handle()
#37 D:/laragon-new/laragon/www/hospital-management/vendor/laravel/framework/src/Illuminate/Cookie/Middleware/AddQueuedCookiesToResponse.php(37): Illuminate/Pipeline/Pipeline->{closure:{closure:Illuminate/Pipeline/Pipeline::carry():158}:159}()
#38 D:/laragon-new/laragon/www/hospital-management/vendor/laravel/framework/src/Illuminate/Pipeline/Pipeline.php(183): Illuminate/Cookie/Middleware/AddQueuedCookiesToResponse->handle()
#39 D:/laragon-new/laragon/www/hospital-management/vendor/laravel/framework/src/Illuminate/Cookie/Middleware/EncryptCookies.php(67): Illuminate/Pipeline/Pipeline->{closure:{closure:Illuminate/Pipeline/Pipeline::carry():158}:159}()
#40 D:/laragon-new/laragon/www/hospital-management/vendor/laravel/framework/src/Illuminate/Pipeline/Pipeline.php(183): Illuminate/Cookie/Middleware/EncryptCookies->handle()
#41 D:/laragon-new/laragon/www/hospital-management/vendor/laravel/framework/src/Illuminate/Pipeline/Pipeline.php(119): Illuminate/Pipeline/Pipeline->{closure:{closure:Illuminate/Pipeline/Pipeline::carry():158}:159}()
#42 D:/laragon-new/laragon/www/hospital-management/vendor/laravel/framework/src/Illuminate/Routing/Router.php(805): Illuminate/Pipeline/Pipeline->then()
#43 D:/laragon-new/laragon/www/hospital-management/vendor/laravel/framework/src/Illuminate/Routing/Router.php(784): Illuminate/Routing/Router->runRouteWithinStack()
#44 D:/laragon-new/laragon/www/hospital-management/vendor/laravel/framework/src/Illuminate/Routing/Router.php(748): Illuminate/Routing/Router->runRoute()
#45 D:/laragon-new/laragon/www/hospital-management/vendor/laravel/framework/src/Illuminate/Routing/Router.php(737): Illuminate/Routing/Router->dispatchToRoute()
#46 D:/laragon-new/laragon/www/hospital-management/vendor/laravel/framework/src/Illuminate/Foundation/Http/Kernel.php(200): Illuminate/Routing/Router->dispatch()
#47 D:/laragon-new/laragon/www/hospital-management/vendor/laravel/framework/src/Illuminate/Pipeline/Pipeline.php(144): Illuminate/Foundation/Http/Kernel->{closure:Illuminate/Foundation/Http/Kernel::dispatchToRouter():197}()
#48 D:/laragon-new/laragon/www/hospital-management/vendor/laravel/framework/src/Illuminate/Foundation/Http/Middleware/TransformsRequest.php(21): Illuminate/Pipeline/Pipeline->{closure:Illuminate/Pipeline/Pipeline::prepareDestination():142}()
#49 D:/laragon-new/laragon/www/hospital-management/vendor/laravel/framework/src/Illuminate/Foundation/Http/Middleware/ConvertEmptyStringsToNull.php(31): Illuminate/Foundation/Http/Middleware/TransformsRequest->handle()
#50 D:/laragon-new/laragon/www/hospital-management/vendor/laravel/framework/src/Illuminate/Pipeline/Pipeline.php(183): Illuminate/Foundation/Http/Middleware/ConvertEmptyStringsToNull->handle()
#51 D:/laragon-new/laragon/www/hospital-management/vendor/laravel/framework/src/Illuminate/Foundation/Http/Middleware/TransformsRequest.php(21): Illuminate/Pipeline/Pipeline->{closure:{closure:Illuminate/Pipeline/Pipeline::carry():158}:159}()
#52 D:/laragon-new/laragon/www/hospital-management/vendor/laravel/framework/src/Illuminate/Foundation/Http/Middleware/TrimStrings.php(40): Illuminate/Foundation/Http/Middleware/TransformsRequest->handle()
#53 D:/laragon-new/laragon/www/hospital-management/vendor/laravel/framework/src/Illuminate/Pipeline/Pipeline.php(183): Illuminate/Foundation/Http/Middleware/TrimStrings->handle()
#54 D:/laragon-new/laragon/www/hospital-management/vendor/laravel/framework/src/Illuminate/Foundation/Http/Middleware/ValidatePostSize.php(27): Illuminate/Pipeline/Pipeline->{closure:{closure:Illuminate/Pipeline/Pipeline::carry():158}:159}()
#55 D:/laragon-new/laragon/www/hospital-management/vendor/laravel/framework/src/Illuminate/Pipeline/Pipeline.php(183): Illuminate/Foundation/Http/Middleware/ValidatePostSize->handle()
#56 D:/laragon-new/laragon/www/hospital-management/vendor/laravel/framework/src/Illuminate/Foundation/Http/Middleware/PreventRequestsDuringMaintenance.php(99): Illuminate/Pipeline/Pipeline->{closure:{closure:Illuminate/Pipeline/Pipeline::carry():158}:159}()
#57 D:/laragon-new/laragon/www/hospital-management/vendor/laravel/framework/src/Illuminate/Pipeline/Pipeline.php(183): Illuminate/Foundation/Http/Middleware/PreventRequestsDuringMaintenance->handle()
#58 D:/laragon-new/laragon/www/hospital-management/vendor/laravel/framework/src/Illuminate/Http/Middleware/HandleCors.php(49): Illuminate/Pipeline/Pipeline->{closure:{closure:Illuminate/Pipeline/Pipeline::carry():158}:159}()
#59 D:/laragon-new/laragon/www/hospital-management/vendor/laravel/framework/src/Illuminate/Pipeline/Pipeline.php(183): Illuminate/Http/Middleware/HandleCors->handle()
#60 D:/laragon-new/laragon/www/hospital-management/vendor/laravel/framework/src/Illuminate/Http/Middleware/TrustProxies.php(39): Illuminate/Pipeline/Pipeline->{closure:{closure:Illuminate/Pipeline/Pipeline::carry():158}:159}()
#61 D:/laragon-new/laragon/www/hospital-management/vendor/laravel/framework/src/Illuminate/Pipeline/Pipeline.php(183): Illuminate/Http/Middleware/TrustProxies->handle()
#62 D:/laragon-new/laragon/www/hospital-management/vendor/laravel/framework/src/Illuminate/Pipeline/Pipeline.php(119): Illuminate/Pipeline/Pipeline->{closure:{closure:Illuminate/Pipeline/Pipeline::carry():158}:159}()
#63 D:/laragon-new/laragon/www/hospital-management/vendor/laravel/framework/src/Illuminate/Foundation/Http/Kernel.php(175): Illuminate/Pipeline/Pipeline->then()
#64 D:/laragon-new/laragon/www/hospital-management/vendor/laravel/framework/src/Illuminate/Foundation/Http/Kernel.php(144): Illuminate/Foundation/Http/Kernel->sendRequestThroughRouter()
#65 D:/laragon-new/laragon/www/hospital-management/public/index.php(55): Illuminate/Foundation/Http/Kernel->handle()
#66 D:/laragon-new/laragon/www/hospital-management/vendor/laravel/framework/src/Illuminate/Foundation/resources/server.php(16): require_once('...')
#67 {main}

[previous exception] [object] (ErrorException(code: 0): Attempt to read property \"id\" on array at D:/laragon-new/laragon/www/hospital-management/storage/framework/views/cdcea4de2a6a0efb0887f9a37d19adcb.php:163)
[stacktrace]
#0 D:/laragon-new/laragon/www/hospital-management/vendor/laravel/framework/src/Illuminate/Foundation/Bootstrap/HandleExceptions.php(255): Illuminate/Foundation/Bootstrap/HandleExceptions->handleError()
#1 D:/laragon-new/laragon/www/hospital-management/storage/framework/views/cdcea4de2a6a0efb0887f9a37d19adcb.php(163): Illuminate/Foundation/Bootstrap/HandleExceptions->{closure:Illuminate/Foundation/Bootstrap/HandleExceptions::forwardsTo():254}()
#2 D:/laragon-new/laragon/www/hospital-management/vendor/laravel/framework/src/Illuminate/Filesystem/Filesystem.php(123): require('...')
#3 D:/laragon-new/laragon/www/hospital-management/vendor/laravel/framework/src/Illuminate/Filesystem/Filesystem.php(124): Illuminate/Filesystem/Filesystem::{closure:Illuminate/Filesystem/Filesystem::getRequire():120}()
#4 D:/laragon-new/laragon/www/hospital-management/vendor/laravel/framework/src/Illuminate/View/Engines/PhpEngine.php(58): Illuminate/Filesystem/Filesystem->getRequire()
#5 D:/laragon-new/laragon/www/hospital-management/vendor/laravel/framework/src/Illuminate/View/Engines/CompilerEngine.php(72): Illuminate/View/Engines/PhpEngine->evaluatePath()
#6 D:/laragon-new/laragon/www/hospital-management/vendor/laravel/framework/src/Illuminate/View/View.php(207): Illuminate/View/Engines/CompilerEngine->get()
#7 D:/laragon-new/laragon/www/hospital-management/vendor/laravel/framework/src/Illuminate/View/View.php(190): Illuminate/View/View->getContents()
#8 D:/laragon-new/laragon/www/hospital-management/vendor/laravel/framework/src/Illuminate/View/View.php(159): Illuminate/View/View->renderContents()
#9 D:/laragon-new/laragon/www/hospital-management/vendor/laravel/framework/src/Illuminate/View/Concerns/ManagesComponents.php(103): Illuminate/View/View->render()
#10 D:/laragon-new/laragon/www/hospital-management/storage/framework/views/cd26cf55e8f5bf8923f22432e065a0b8.php(856): Illuminate/View/Factory->renderComponent()
#11 D:/laragon-new/laragon/www/hospital-management/vendor/laravel/framework/src/Illuminate/Filesystem/Filesystem.php(123): require('...')
#12 D:/laragon-new/laragon/www/hospital-management/vendor/laravel/framework/src/Illuminate/Filesystem/Filesystem.php(124): Illuminate/Filesystem/Filesystem::{closure:Illuminate/Filesystem/Filesystem::getRequire():120}()
#13 D:/laragon-new/laragon/www/hospital-management/vendor/laravel/framework/src/Illuminate/View/Engines/PhpEngine.php(58): Illuminate/Filesystem/Filesystem->getRequire()
#14 D:/laragon-new/laragon/www/hospital-management/vendor/laravel/framework/src/Illuminate/View/Engines/CompilerEngine.php(72): Illuminate/View/Engines/PhpEngine->evaluatePath()
#15 D:/laragon-new/laragon/www/hospital-management/vendor/laravel/framework/src/Illuminate/View/View.php(207): Illuminate/View/Engines/CompilerEngine->get()
#16 D:/laragon-new/laragon/www/hospital-management/vendor/laravel/framework/src/Illuminate/View/View.php(190): Illuminate/View/View->getContents()
#17 D:/laragon-new/laragon/www/hospital-management/vendor/laravel/framework/src/Illuminate/View/View.php(159): Illuminate/View/View->renderContents()
#18 D:/laragon-new/laragon/www/hospital-management/vendor/laravel/framework/src/Illuminate/Http/Response.php(69): Illuminate/View/View->render()
#19 D:/laragon-new/laragon/www/hospital-management/vendor/laravel/framework/src/Illuminate/Http/Response.php(35): Illuminate/Http/Response->setContent()
#20 D:/laragon-new/laragon/www/hospital-management/vendor/laravel/framework/src/Illuminate/Routing/Router.php(918): Illuminate/Http/Response->__construct()
#21 D:/laragon-new/laragon/www/hospital-management/vendor/laravel/framework/src/Illuminate/Routing/Router.php(885): Illuminate/Routing/Router::toResponse()
#22 D:/laragon-new/laragon/www/hospital-management/vendor/laravel/framework/src/Illuminate/Routing/Router.php(805): Illuminate/Routing/Router->prepareResponse()
#23 D:/laragon-new/laragon/www/hospital-management/vendor/laravel/framework/src/Illuminate/Pipeline/Pipeline.php(144): Illuminate/Routing/Router->{closure:Illuminate/Routing/Router::runRouteWithinStack():805}()
#24 D:/laragon-new/laragon/www/hospital-management/vendor/laravel/framework/src/Illuminate/Http/Middleware/AddLinkHeadersForPreloadedAssets.php(20): Illuminate/Pipeline/Pipeline->{closure:Illuminate/Pipeline/Pipeline::prepareDestination():142}()
#25 D:/laragon-new/laragon/www/hospital-management/vendor/laravel/framework/src/Illuminate/Pipeline/Pipeline.php(183): Illuminate/Http/Middleware/AddLinkHeadersForPreloadedAssets->handle()
#26 D:/laragon-new/laragon/www/hospital-management/vendor/inertiajs/inertia-laravel/src/Middleware.php(87): Illuminate/Pipeline/Pipeline->{closure:{closure:Illuminate/Pipeline/Pipeline::carry():158}:159}()
#27 D:/laragon-new/laragon/www/hospital-management/vendor/laravel/framework/src/Illuminate/Pipeline/Pipeline.php(183): Inertia/Middleware->handle()
#28 D:/laragon-new/laragon/www/hospital-management/app/Http/Middleware/SetLocale.php(35): Illuminate/Pipeline/Pipeline->{closure:{closure:Illuminate/Pipeline/Pipeline::carry():158}:159}()
#29 D:/laragon-new/laragon/www/hospital-management/vendor/laravel/framework/src/Illuminate/Pipeline/Pipeline.php(183): App/Http/Middleware/SetLocale->handle()
#30 D:/laragon-new/laragon/www/hospital-management/vendor/laravel/framework/src/Illuminate/Routing/Middleware/SubstituteBindings.php(50): Illuminate/Pipeline/Pipeline->{closure:{closure:Illuminate/Pipeline/Pipeline::carry():158}:159}()
#31 D:/laragon-new/laragon/www/hospital-management/vendor/laravel/framework/src/Illuminate/Pipeline/Pipeline.php(183): Illuminate/Routing/Middleware/SubstituteBindings->handle()
#32 D:/laragon-new/laragon/www/hospital-management/vendor/laravel/framework/src/Illuminate/Foundation/Http/Middleware/VerifyCsrfToken.php(78): Illuminate/Pipeline/Pipeline->{closure:{closure:Illuminate/Pipeline/Pipeline::carry():158}:159}()
#33 D:/laragon-new/laragon/www/hospital-management/vendor/laravel/framework/src/Illuminate/Pipeline/Pipeline.php(183): Illuminate/Foundation/Http/Middleware/VerifyCsrfToken->handle()
#34 D:/laragon-new/laragon/www/hospital-management/vendor/laravel/framework/src/Illuminate/View/Middleware/ShareErrorsFromSession.php(49): Illuminate/Pipeline/Pipeline->{closure:{closure:Illuminate/Pipeline/Pipeline::carry():158}:159}()
#35 D:/laragon-new/laragon/www/hospital-management/vendor/laravel/framework/src/Illuminate/Pipeline/Pipeline.php(183): Illuminate/View/Middleware/ShareErrorsFromSession->handle()
#36 D:/laragon-new/laragon/www/hospital-management/vendor/laravel/framework/src/Illuminate/Session/Middleware/StartSession.php(121): Illuminate/Pipeline/Pipeline->{closure:{closure:Illuminate/Pipeline/Pipeline::carry():158}:159}()
#37 D:/laragon-new/laragon/www/hospital-management/vendor/laravel/framework/src/Illuminate/Session/Middleware/StartSession.php(64): Illuminate/Session/Middleware/StartSession->handleStatefulRequest()
#38 D:/laragon-new/laragon/www/hospital-management/vendor/laravel/framework/src/Illuminate/Pipeline/Pipeline.php(183): Illuminate/Session/Middleware/StartSession->handle()
#39 D:/laragon-new/laragon/www/hospital-management/vendor/laravel/framework/src/Illuminate/Cookie/Middleware/AddQueuedCookiesToResponse.php(37): Illuminate/Pipeline/Pipeline->{closure:{closure:Illuminate/Pipeline/Pipeline::carry():158}:159}()
#40 D:/laragon-new/laragon/www/hospital-management/vendor/laravel/framework/src/Illuminate/Pipeline/Pipeline.php(183): Illuminate/Cookie/Middleware/AddQueuedCookiesToResponse->handle()
#41 D:/laragon-new/laragon/www/hospital-management/vendor/laravel/framework/src/Illuminate/Cookie/Middleware/EncryptCookies.php(67): Illuminate/Pipeline/Pipeline->{closure:{closure:Illuminate/Pipeline/Pipeline::carry():158}:159}()
#42 D:/laragon-new/laragon/www/hospital-management/vendor/laravel/framework/src/Illuminate/Pipeline/Pipeline.php(183): Illuminate/Cookie/Middleware/EncryptCookies->handle()
#43 D:/laragon-new/laragon/www/hospital-management/vendor/laravel/framework/src/Illuminate/Pipeline/Pipeline.php(119): Illuminate/Pipeline/Pipeline->{closure:{closure:Illuminate/Pipeline/Pipeline::carry():158}:159}()
#44 D:/laragon-new/laragon/www/hospital-management/vendor/laravel/framework/src/Illuminate/Routing/Router.php(805): Illuminate/Pipeline/Pipeline->then()
#45 D:/laragon-new/laragon/www/hospital-management/vendor/laravel/framework/src/Illuminate/Routing/Router.php(784): Illuminate/Routing/Router->runRouteWithinStack()
#46 D:/laragon-new/laragon/www/hospital-management/vendor/laravel/framework/src/Illuminate/Routing/Router.php(748): Illuminate/Routing/Router->runRoute()
#47 D:/laragon-new/laragon/www/hospital-management/vendor/laravel/framework/src/Illuminate/Routing/Router.php(737): Illuminate/Routing/Router->dispatchToRoute()
#48 D:/laragon-new/laragon/www/hospital-management/vendor/laravel/framework/src/Illuminate/Foundation/Http/Kernel.php(200): Illuminate/Routing/Router->dispatch()
#49 D:/laragon-new/laragon/www/hospital-management/vendor/laravel/framework/src/Illuminate/Pipeline/Pipeline.php(144): Illuminate/Foundation/Http/Kernel->{closure:Illuminate/Foundation/Http/Kernel::dispatchToRouter():197}()
#50 D:/laragon-new/laragon/www/hospital-management/vendor/laravel/framework/src/Illuminate/Foundation/Http/Middleware/TransformsRequest.php(21): Illuminate/Pipeline/Pipeline->{closure:Illuminate/Pipeline/Pipeline::prepareDestination():142}()
#51 D:/laragon-new/laragon/www/hospital-management/vendor/laravel/framework/src/Illuminate/Foundation/Http/Middleware/ConvertEmptyStringsToNull.php(31): Illuminate/Foundation/Http/Middleware/TransformsRequest->handle()
#52 D:/laragon-new/laragon/www/hospital-management/vendor/laravel/framework/src/Illuminate/Pipeline/Pipeline.php(183): Illuminate/Foundation/Http/Middleware/ConvertEmptyStringsToNull->handle()
#53 D:/laragon-new/laragon/www/hospital-management/vendor/laravel/framework/src/Illuminate/Foundation/Http/Middleware/TransformsRequest.php(21): Illuminate/Pipeline/Pipeline->{closure:{closure:Illuminate/Pipeline/Pipeline::carry():158}:159}()
#54 D:/laragon-new/laragon/www/hospital-management/vendor/laravel/framework/src/Illuminate/Foundation/Http/Middleware/TrimStrings.php(40): Illuminate/Foundation/Http/Middleware/TransformsRequest->handle()
#55 D:/laragon-new/laragon/www/hospital-management/vendor/laravel/framework/src/Illuminate/Pipeline/Pipeline.php(183): Illuminate/Foundation/Http/Middleware/TrimStrings->handle()
#56 D:/laragon-new/laragon/www/hospital-management/vendor/laravel/framework/src/Illuminate/Foundation/Http/Middleware/ValidatePostSize.php(27): Illuminate/Pipeline/Pipeline->{closure:{closure:Illuminate/Pipeline/Pipeline::carry():158}:159}()
#57 D:/laragon-new/laragon/www/hospital-management/vendor/laravel/framework/src/Illuminate/Pipeline/Pipeline.php(183): Illuminate/Foundation/Http/Middleware/ValidatePostSize->handle()
#58 D:/laragon-new/laragon/www/hospital-management/vendor/laravel/framework/src/Illuminate/Foundation/Http/Middleware/PreventRequestsDuringMaintenance.php(99): Illuminate/Pipeline/Pipeline->{closure:{closure:Illuminate/Pipeline/Pipeline::carry():158}:159}()
#59 D:/laragon-new/laragon/www/hospital-management/vendor/laravel/framework/src/Illuminate/Pipeline/Pipeline.php(183): Illuminate/Foundation/Http/Middleware/PreventRequestsDuringMaintenance->handle()
#60 D:/laragon-new/laragon/www/hospital-management/vendor/laravel/framework/src/Illuminate/Http/Middleware/HandleCors.php(49): Illuminate/Pipeline/Pipeline->{closure:{closure:Illuminate/Pipeline/Pipeline::carry():158}:159}()
#61 D:/laragon-new/laragon/www/hospital-management/vendor/laravel/framework/src/Illuminate/Pipeline/Pipeline.php(183): Illuminate/Http/Middleware/HandleCors->handle()
#62 D:/laragon-new/laragon/www/hospital-management/vendor/laravel/framework/src/Illuminate/Http/Middleware/TrustProxies.php(39): Illuminate/Pipeline/Pipeline->{closure:{closure:Illuminate/Pipeline/Pipeline::carry():158}:159}()
#63 D:/laragon-new/laragon/www/hospital-management/vendor/laravel/framework/src/Illuminate/Pipeline/Pipeline.php(183): Illuminate/Http/Middleware/TrustProxies->handle()
#64 D:/laragon-new/laragon/www/hospital-management/vendor/laravel/framework/src/Illuminate/Pipeline/Pipeline.php(119): Illuminate/Pipeline/Pipeline->{closure:{closure:Illuminate/Pipeline/Pipeline::carry():158}:159}()
#65 D:/laragon-new/laragon/www/hospital-management/vendor/laravel/framework/src/Illuminate/Foundation/Http/Kernel.php(175): Illuminate/Pipeline/Pipeline->then()
#66 D:/laragon-new/laragon/www/hospital-management/vendor/laravel/framework/src/Illuminate/Foundation/Http/Kernel.php(144): Illuminate/Foundation/Http/Kernel->sendRequestThroughRouter()
#67 D:/laragon-new/laragon/www/hospital-management/public/index.php(55): Illuminate/Foundation/Http/Kernel->handle()
#68 D:/laragon-new/laragon/www/hospital-management/vendor/laravel/framework/src/Illuminate/Foundation/resources/server.php(16): require_once('...')
#69 {main}
"} 
[2026-08-12 17:49:29] local.ERROR: Attempt to read property "id" on array {"view":{"view":"D:\\laragon-new\\laragon\\www\\hospital-management\\resources\\views\\components\\frontend\\book-appointment.blade.php","data":[]},"exception":"[object] (Spatie\\LaravelIgnition\\Exceptions\\ViewException(code: 0): Attempt to read property \"id\" on array at D:/laragon-new/laragon/www/hospital-management/resources/views/components/frontend/book-appointment.blade.php:141)
[stacktrace]
#0 D:/laragon-new/laragon/www/hospital-management/vendor/laravel/framework/src/Illuminate/Filesystem/Filesystem.php(123): require('...')
#1 D:/laragon-new/laragon/www/hospital-management/vendor/laravel/framework/src/Illuminate/Filesystem/Filesystem.php(124): Illuminate/Filesystem/Filesystem::{closure:Illuminate/Filesystem/Filesystem::getRequire():120}()
#2 D:/laragon-new/laragon/www/hospital-management/vendor/laravel/framework/src/Illuminate/View/Engines/PhpEngine.php(58): Illuminate/Filesystem/Filesystem->getRequire()
#3 D:/laragon-new/laragon/www/hospital-management/vendor/laravel/framework/src/Illuminate/View/Engines/CompilerEngine.php(72): Illuminate/View/Engines/PhpEngine->evaluatePath()
#4 D:/laragon-new/laragon/www/hospital-management/vendor/laravel/framework/src/Illuminate/View/View.php(207): Illuminate/View/Engines/CompilerEngine->get()
#5 D:/laragon-new/laragon/www/hospital-management/vendor/laravel/framework/src/Illuminate/View/View.php(190): Illuminate/View/View->getContents()
#6 D:/laragon-new/laragon/www/hospital-management/vendor/laravel/framework/src/Illuminate/View/View.php(159): Illuminate/View/View->renderContents()
#7 D:/laragon-new/laragon/www/hospital-management/vendor/laravel/framework/src/Illuminate/View/Concerns/ManagesComponents.php(103): Illuminate/View/View->render()
#8 D:/laragon-new/laragon/www/hospital-management/resources/views/frontend/home.blade.php(808): Illuminate/View/Factory->renderComponent()
#9 D:/laragon-new/laragon/www/hospital-management/vendor/laravel/framework/src/Illuminate/Filesystem/Filesystem.php(123): require('...')
#10 D:/laragon-new/laragon/www/hospital-management/vendor/laravel/framework/src/Illuminate/Filesystem/Filesystem.php(124): Illuminate/Filesystem/Filesystem::{closure:Illuminate/Filesystem/Filesystem::getRequire():120}()
#11 D:/laragon-new/laragon/www/hospital-management/vendor/laravel/framework/src/Illuminate/View/Engines/PhpEngine.php(58): Illuminate/Filesystem/Filesystem->getRequire()
#12 D:/laragon-new/laragon/www/hospital-management/vendor/laravel/framework/src/Illuminate/View/Engines/CompilerEngine.php(72): Illuminate/View/Engines/PhpEngine->evaluatePath()
#13 D:/laragon-new/laragon/www/hospital-management/vendor/laravel/framework/src/Illuminate/View/View.php(207): Illuminate/View/Engines/CompilerEngine->get()
#14 D:/laragon-new/laragon/www/hospital-management/vendor/laravel/framework/src/Illuminate/View/View.php(190): Illuminate/View/View->getContents()
#15 D:/laragon-new/laragon/www/hospital-management/vendor/laravel/framework/src/Illuminate/View/View.php(159): Illuminate/View/View->renderContents()
#16 D:/laragon-new/laragon/www/hospital-management/vendor/laravel/framework/src/Illuminate/Http/Response.php(69): Illuminate/View/View->render()
#17 D:/laragon-new/laragon/www/hospital-management/vendor/laravel/framework/src/Illuminate/Http/Response.php(35): Illuminate/Http/Response->setContent()
#18 D:/laragon-new/laragon/www/hospital-management/vendor/laravel/framework/src/Illuminate/Routing/Router.php(918): Illuminate/Http/Response->__construct()
#19 D:/laragon-new/laragon/www/hospital-management/vendor/laravel/framework/src/Illuminate/Routing/Router.php(885): Illuminate/Routing/Router::toResponse()
#20 D:/laragon-new/laragon/www/hospital-management/vendor/laravel/framework/src/Illuminate/Routing/Router.php(805): Illuminate/Routing/Router->prepareResponse()
#21 D:/laragon-new/laragon/www/hospital-management/vendor/laravel/framework/src/Illuminate/Pipeline/Pipeline.php(144): Illuminate/Routing/Router->{closure:Illuminate/Routing/Router::runRouteWithinStack():805}()
#22 D:/laragon-new/laragon/www/hospital-management/vendor/laravel/framework/src/Illuminate/Http/Middleware/AddLinkHeadersForPreloadedAssets.php(20): Illuminate/Pipeline/Pipeline->{closure:Illuminate/Pipeline/Pipeline::prepareDestination():142}()
#23 D:/laragon-new/laragon/www/hospital-management/vendor/laravel/framework/src/Illuminate/Pipeline/Pipeline.php(183): Illuminate/Http/Middleware/AddLinkHeadersForPreloadedAssets->handle()
#24 D:/laragon-new/laragon/www/hospital-management/vendor/inertiajs/inertia-laravel/src/Middleware.php(87): Illuminate/Pipeline/Pipeline->{closure:{closure:Illuminate/Pipeline/Pipeline::carry():158}:159}()
#25 D:/laragon-new/laragon/www/hospital-management/vendor/laravel/framework/src/Illuminate/Pipeline/Pipeline.php(183): Inertia/Middleware->handle()
#26 D:/laragon-new/laragon/www/hospital-management/app/Http/Middleware/SetLocale.php(35): Illuminate/Pipeline/Pipeline->{closure:{closure:Illuminate/Pipeline/Pipeline::carry():158}:159}()
#27 D:/laragon-new/laragon/www/hospital-management/vendor/laravel/framework/src/Illuminate/Pipeline/Pipeline.php(183): App/Http/Middleware/SetLocale->handle()
#28 D:/laragon-new/laragon/www/hospital-management/vendor/laravel/framework/src/Illuminate/Routing/Middleware/SubstituteBindings.php(50): Illuminate/Pipeline/Pipeline->{closure:{closure:Illuminate/Pipeline/Pipeline::carry():158}:159}()
#29 D:/laragon-new/laragon/www/hospital-management/vendor/laravel/framework/src/Illuminate/Pipeline/Pipeline.php(183): Illuminate/Routing/Middleware/SubstituteBindings->handle()
#30 D:/laragon-new/laragon/www/hospital-management/vendor/laravel/framework/src/Illuminate/Foundation/Http/Middleware/VerifyCsrfToken.php(78): Illuminate/Pipeline/Pipeline->{closure:{closure:Illuminate/Pipeline/Pipeline::carry():158}:159}()
#31 D:/laragon-new/laragon/www/hospital-management/vendor/laravel/framework/src/Illuminate/Pipeline/Pipeline.php(183): Illuminate/Foundation/Http/Middleware/VerifyCsrfToken->handle()
#32 D:/laragon-new/laragon/www/hospital-management/vendor/laravel/framework/src/Illuminate/View/Middleware/ShareErrorsFromSession.php(49): Illuminate/Pipeline/Pipeline->{closure:{closure:Illuminate/Pipeline/Pipeline::carry():158}:159}()
#33 D:/laragon-new/laragon/www/hospital-management/vendor/laravel/framework/src/Illuminate/Pipeline/Pipeline.php(183): Illuminate/View/Middleware/ShareErrorsFromSession->handle()
#34 D:/laragon-new/laragon/www/hospital-management/vendor/laravel/framework/src/Illuminate/Session/Middleware/StartSession.php(121): Illuminate/Pipeline/Pipeline->{closure:{closure:Illuminate/Pipeline/Pipeline::carry():158}:159}()
#35 D:/laragon-new/laragon/www/hospital-management/vendor/laravel/framework/src/Illuminate/Session/Middleware/StartSession.php(64): Illuminate/Session/Middleware/StartSession->handleStatefulRequest()
#36 D:/laragon-new/laragon/www/hospital-management/vendor/laravel/framework/src/Illuminate/Pipeline/Pipeline.php(183): Illuminate/Session/Middleware/StartSession->handle()
#37 D:/laragon-new/laragon/www/hospital-management/vendor/laravel/framework/src/Illuminate/Cookie/Middleware/AddQueuedCookiesToResponse.php(37): Illuminate/Pipeline/Pipeline->{closure:{closure:Illuminate/Pipeline/Pipeline::carry():158}:159}()
#38 D:/laragon-new/laragon/www/hospital-management/vendor/laravel/framework/src/Illuminate/Pipeline/Pipeline.php(183): Illuminate/Cookie/Middleware/AddQueuedCookiesToResponse->handle()
#39 D:/laragon-new/laragon/www/hospital-management/vendor/laravel/framework/src/Illuminate/Cookie/Middleware/EncryptCookies.php(67): Illuminate/Pipeline/Pipeline->{closure:{closure:Illuminate/Pipeline/Pipeline::carry():158}:159}()
#40 D:/laragon-new/laragon/www/hospital-management/vendor/laravel/framework/src/Illuminate/Pipeline/Pipeline.php(183): Illuminate/Cookie/Middleware/EncryptCookies->handle()
#41 D:/laragon-new/laragon/www/hospital-management/vendor/laravel/framework/src/Illuminate/Pipeline/Pipeline.php(119): Illuminate/Pipeline/Pipeline->{closure:{closure:Illuminate/Pipeline/Pipeline::carry():158}:159}()
#42 D:/laragon-new/laragon/www/hospital-management/vendor/laravel/framework/src/Illuminate/Routing/Router.php(805): Illuminate/Pipeline/Pipeline->then()
#43 D:/laragon-new/laragon/www/hospital-management/vendor/laravel/framework/src/Illuminate/Routing/Router.php(784): Illuminate/Routing/Router->runRouteWithinStack()
#44 D:/laragon-new/laragon/www/hospital-management/vendor/laravel/framework/src/Illuminate/Routing/Router.php(748): Illuminate/Routing/Router->runRoute()
#45 D:/laragon-new/laragon/www/hospital-management/vendor/laravel/framework/src/Illuminate/Routing/Router.php(737): Illuminate/Routing/Router->dispatchToRoute()
#46 D:/laragon-new/laragon/www/hospital-management/vendor/laravel/framework/src/Illuminate/Foundation/Http/Kernel.php(200): Illuminate/Routing/Router->dispatch()
#47 D:/laragon-new/laragon/www/hospital-management/vendor/laravel/framework/src/Illuminate/Pipeline/Pipeline.php(144): Illuminate/Foundation/Http/Kernel->{closure:Illuminate/Foundation/Http/Kernel::dispatchToRouter():197}()
#48 D:/laragon-new/laragon/www/hospital-management/vendor/laravel/framework/src/Illuminate/Foundation/Http/Middleware/TransformsRequest.php(21): Illuminate/Pipeline/Pipeline->{closure:Illuminate/Pipeline/Pipeline::prepareDestination():142}()
#49 D:/laragon-new/laragon/www/hospital-management/vendor/laravel/framework/src/Illuminate/Foundation/Http/Middleware/ConvertEmptyStringsToNull.php(31): Illuminate/Foundation/Http/Middleware/TransformsRequest->handle()
#50 D:/laragon-new/laragon/www/hospital-management/vendor/laravel/framework/src/Illuminate/Pipeline/Pipeline.php(183): Illuminate/Foundation/Http/Middleware/ConvertEmptyStringsToNull->handle()
#51 D:/laragon-new/laragon/www/hospital-management/vendor/laravel/framework/src/Illuminate/Foundation/Http/Middleware/TransformsRequest.php(21): Illuminate/Pipeline/Pipeline->{closure:{closure:Illuminate/Pipeline/Pipeline::carry():158}:159}()
#52 D:/laragon-new/laragon/www/hospital-management/vendor/laravel/framework/src/Illuminate/Foundation/Http/Middleware/TrimStrings.php(40): Illuminate/Foundation/Http/Middleware/TransformsRequest->handle()
#53 D:/laragon-new/laragon/www/hospital-management/vendor/laravel/framework/src/Illuminate/Pipeline/Pipeline.php(183): Illuminate/Foundation/Http/Middleware/TrimStrings->handle()
#54 D:/laragon-new/laragon/www/hospital-management/vendor/laravel/framework/src/Illuminate/Foundation/Http/Middleware/ValidatePostSize.php(27): Illuminate/Pipeline/Pipeline->{closure:{closure:Illuminate/Pipeline/Pipeline::carry():158}:159}()
#55 D:/laragon-new/laragon/www/hospital-management/vendor/laravel/framework/src/Illuminate/Pipeline/Pipeline.php(183): Illuminate/Foundation/Http/Middleware/ValidatePostSize->handle()
#56 D:/laragon-new/laragon/www/hospital-management/vendor/laravel/framework/src/Illuminate/Foundation/Http/Middleware/PreventRequestsDuringMaintenance.php(99): Illuminate/Pipeline/Pipeline->{closure:{closure:Illuminate/Pipeline/Pipeline::carry():158}:159}()
#57 D:/laragon-new/laragon/www/hospital-management/vendor/laravel/framework/src/Illuminate/Pipeline/Pipeline.php(183): Illuminate/Foundation/Http/Middleware/PreventRequestsDuringMaintenance->handle()
#58 D:/laragon-new/laragon/www/hospital-management/vendor/laravel/framework/src/Illuminate/Http/Middleware/HandleCors.php(49): Illuminate/Pipeline/Pipeline->{closure:{closure:Illuminate/Pipeline/Pipeline::carry():158}:159}()
#59 D:/laragon-new/laragon/www/hospital-management/vendor/laravel/framework/src/Illuminate/Pipeline/Pipeline.php(183): Illuminate/Http/Middleware/HandleCors->handle()
#60 D:/laragon-new/laragon/www/hospital-management/vendor/laravel/framework/src/Illuminate/Http/Middleware/TrustProxies.php(39): Illuminate/Pipeline/Pipeline->{closure:{closure:Illuminate/Pipeline/Pipeline::carry():158}:159}()
#61 D:/laragon-new/laragon/www/hospital-management/vendor/laravel/framework/src/Illuminate/Pipeline/Pipeline.php(183): Illuminate/Http/Middleware/TrustProxies->handle()
#62 D:/laragon-new/laragon/www/hospital-management/vendor/laravel/framework/src/Illuminate/Pipeline/Pipeline.php(119): Illuminate/Pipeline/Pipeline->{closure:{closure:Illuminate/Pipeline/Pipeline::carry():158}:159}()
#63 D:/laragon-new/laragon/www/hospital-management/vendor/laravel/framework/src/Illuminate/Foundation/Http/Kernel.php(175): Illuminate/Pipeline/Pipeline->then()
#64 D:/laragon-new/laragon/www/hospital-management/vendor/laravel/framework/src/Illuminate/Foundation/Http/Kernel.php(144): Illuminate/Foundation/Http/Kernel->sendRequestThroughRouter()
#65 D:/laragon-new/laragon/www/hospital-management/public/index.php(55): Illuminate/Foundation/Http/Kernel->handle()
#66 D:/laragon-new/laragon/www/hospital-management/vendor/laravel/framework/src/Illuminate/Foundation/resources/server.php(16): require_once('...')
#67 {main}

[previous exception] [object] (ErrorException(code: 0): Attempt to read property \"id\" on array at D:/laragon-new/laragon/www/hospital-management/storage/framework/views/cdcea4de2a6a0efb0887f9a37d19adcb.php:163)
[stacktrace]
#0 D:/laragon-new/laragon/www/hospital-management/vendor/laravel/framework/src/Illuminate/Foundation/Bootstrap/HandleExceptions.php(255): Illuminate/Foundation/Bootstrap/HandleExceptions->handleError()
#1 D:/laragon-new/laragon/www/hospital-management/storage/framework/views/cdcea4de2a6a0efb0887f9a37d19adcb.php(163): Illuminate/Foundation/Bootstrap/HandleExceptions->{closure:Illuminate/Foundation/Bootstrap/HandleExceptions::forwardsTo():254}()
#2 D:/laragon-new/laragon/www/hospital-management/vendor/laravel/framework/src/Illuminate/Filesystem/Filesystem.php(123): require('...')
#3 D:/laragon-new/laragon/www/hospital-management/vendor/laravel/framework/src/Illuminate/Filesystem/Filesystem.php(124): Illuminate/Filesystem/Filesystem::{closure:Illuminate/Filesystem/Filesystem::getRequire():120}()
#4 D:/laragon-new/laragon/www/hospital-management/vendor/laravel/framework/src/Illuminate/View/Engines/PhpEngine.php(58): Illuminate/Filesystem/Filesystem->getRequire()
#5 D:/laragon-new/laragon/www/hospital-management/vendor/laravel/framework/src/Illuminate/View/Engines/CompilerEngine.php(72): Illuminate/View/Engines/PhpEngine->evaluatePath()
#6 D:/laragon-new/laragon/www/hospital-management/vendor/laravel/framework/src/Illuminate/View/View.php(207): Illuminate/View/Engines/CompilerEngine->get()
#7 D:/laragon-new/laragon/www/hospital-management/vendor/laravel/framework/src/Illuminate/View/View.php(190): Illuminate/View/View->getContents()
#8 D:/laragon-new/laragon/www/hospital-management/vendor/laravel/framework/src/Illuminate/View/View.php(159): Illuminate/View/View->renderContents()
#9 D:/laragon-new/laragon/www/hospital-management/vendor/laravel/framework/src/Illuminate/View/Concerns/ManagesComponents.php(103): Illuminate/View/View->render()
#10 D:/laragon-new/laragon/www/hospital-management/storage/framework/views/cd26cf55e8f5bf8923f22432e065a0b8.php(856): Illuminate/View/Factory->renderComponent()
#11 D:/laragon-new/laragon/www/hospital-management/vendor/laravel/framework/src/Illuminate/Filesystem/Filesystem.php(123): require('...')
#12 D:/laragon-new/laragon/www/hospital-management/vendor/laravel/framework/src/Illuminate/Filesystem/Filesystem.php(124): Illuminate/Filesystem/Filesystem::{closure:Illuminate/Filesystem/Filesystem::getRequire():120}()
#13 D:/laragon-new/laragon/www/hospital-management/vendor/laravel/framework/src/Illuminate/View/Engines/PhpEngine.php(58): Illuminate/Filesystem/Filesystem->getRequire()
#14 D:/laragon-new/laragon/www/hospital-management/vendor/laravel/framework/src/Illuminate/View/Engines/CompilerEngine.php(72): Illuminate/View/Engines/PhpEngine->evaluatePath()
#15 D:/laragon-new/laragon/www/hospital-management/vendor/laravel/framework/src/Illuminate/View/View.php(207): Illuminate/View/Engines/CompilerEngine->get()
#16 D:/laragon-new/laragon/www/hospital-management/vendor/laravel/framework/src/Illuminate/View/View.php(190): Illuminate/View/View->getContents()
#17 D:/laragon-new/laragon/www/hospital-management/vendor/laravel/framework/src/Illuminate/View/View.php(159): Illuminate/View/View->renderContents()
#18 D:/laragon-new/laragon/www/hospital-management/vendor/laravel/framework/src/Illuminate/Http/Response.php(69): Illuminate/View/View->render()
#19 D:/laragon-new/laragon/www/hospital-management/vendor/laravel/framework/src/Illuminate/Http/Response.php(35): Illuminate/Http/Response->setContent()
#20 D:/laragon-new/laragon/www/hospital-management/vendor/laravel/framework/src/Illuminate/Routing/Router.php(918): Illuminate/Http/Response->__construct()
#21 D:/laragon-new/laragon/www/hospital-management/vendor/laravel/framework/src/Illuminate/Routing/Router.php(885): Illuminate/Routing/Router::toResponse()
#22 D:/laragon-new/laragon/www/hospital-management/vendor/laravel/framework/src/Illuminate/Routing/Router.php(805): Illuminate/Routing/Router->prepareResponse()
#23 D:/laragon-new/laragon/www/hospital-management/vendor/laravel/framework/src/Illuminate/Pipeline/Pipeline.php(144): Illuminate/Routing/Router->{closure:Illuminate/Routing/Router::runRouteWithinStack():805}()
#24 D:/laragon-new/laragon/www/hospital-management/vendor/laravel/framework/src/Illuminate/Http/Middleware/AddLinkHeadersForPreloadedAssets.php(20): Illuminate/Pipeline/Pipeline->{closure:Illuminate/Pipeline/Pipeline::prepareDestination():142}()
#25 D:/laragon-new/laragon/www/hospital-management/vendor/laravel/framework/src/Illuminate/Pipeline/Pipeline.php(183): Illuminate/Http/Middleware/AddLinkHeadersForPreloadedAssets->handle()
#26 D:/laragon-new/laragon/www/hospital-management/vendor/inertiajs/inertia-laravel/src/Middleware.php(87): Illuminate/Pipeline/Pipeline->{closure:{closure:Illuminate/Pipeline/Pipeline::carry():158}:159}()
#27 D:/laragon-new/laragon/www/hospital-management/vendor/laravel/framework/src/Illuminate/Pipeline/Pipeline.php(183): Inertia/Middleware->handle()
#28 D:/laragon-new/laragon/www/hospital-management/app/Http/Middleware/SetLocale.php(35): Illuminate/Pipeline/Pipeline->{closure:{closure:Illuminate/Pipeline/Pipeline::carry():158}:159}()
#29 D:/laragon-new/laragon/www/hospital-management/vendor/laravel/framework/src/Illuminate/Pipeline/Pipeline.php(183): App/Http/Middleware/SetLocale->handle()
#30 D:/laragon-new/laragon/www/hospital-management/vendor/laravel/framework/src/Illuminate/Routing/Middleware/SubstituteBindings.php(50): Illuminate/Pipeline/Pipeline->{closure:{closure:Illuminate/Pipeline/Pipeline::carry():158}:159}()
#31 D:/laragon-new/laragon/www/hospital-management/vendor/laravel/framework/src/Illuminate/Pipeline/Pipeline.php(183): Illuminate/Routing/Middleware/SubstituteBindings->handle()
#32 D:/laragon-new/laragon/www/hospital-management/vendor/laravel/framework/src/Illuminate/Foundation/Http/Middleware/VerifyCsrfToken.php(78): Illuminate/Pipeline/Pipeline->{closure:{closure:Illuminate/Pipeline/Pipeline::carry():158}:159}()
#33 D:/laragon-new/laragon/www/hospital-management/vendor/laravel/framework/src/Illuminate/Pipeline/Pipeline.php(183): Illuminate/Foundation/Http/Middleware/VerifyCsrfToken->handle()
#34 D:/laragon-new/laragon/www/hospital-management/vendor/laravel/framework/src/Illuminate/View/Middleware/ShareErrorsFromSession.php(49): Illuminate/Pipeline/Pipeline->{closure:{closure:Illuminate/Pipeline/Pipeline::carry():158}:159}()
#35 D:/laragon-new/laragon/www/hospital-management/vendor/laravel/framework/src/Illuminate/Pipeline/Pipeline.php(183): Illuminate/View/Middleware/ShareErrorsFromSession->handle()
#36 D:/laragon-new/laragon/www/hospital-management/vendor/laravel/framework/src/Illuminate/Session/Middleware/StartSession.php(121): Illuminate/Pipeline/Pipeline->{closure:{closure:Illuminate/Pipeline/Pipeline::carry():158}:159}()
#37 D:/laragon-new/laragon/www/hospital-management/vendor/laravel/framework/src/Illuminate/Session/Middleware/StartSession.php(64): Illuminate/Session/Middleware/StartSession->handleStatefulRequest()
#38 D:/laragon-new/laragon/www/hospital-management/vendor/laravel/framework/src/Illuminate/Pipeline/Pipeline.php(183): Illuminate/Session/Middleware/StartSession->handle()
#39 D:/laragon-new/laragon/www/hospital-management/vendor/laravel/framework/src/Illuminate/Cookie/Middleware/AddQueuedCookiesToResponse.php(37): Illuminate/Pipeline/Pipeline->{closure:{closure:Illuminate/Pipeline/Pipeline::carry():158}:159}()
#40 D:/laragon-new/laragon/www/hospital-management/vendor/laravel/framework/src/Illuminate/Pipeline/Pipeline.php(183): Illuminate/Cookie/Middleware/AddQueuedCookiesToResponse->handle()
#41 D:/laragon-new/laragon/www/hospital-management/vendor/laravel/framework/src/Illuminate/Cookie/Middleware/EncryptCookies.php(67): Illuminate/Pipeline/Pipeline->{closure:{closure:Illuminate/Pipeline/Pipeline::carry():158}:159}()
#42 D:/laragon-new/laragon/www/hospital-management/vendor/laravel/framework/src/Illuminate/Pipeline/Pipeline.php(183): Illuminate/Cookie/Middleware/EncryptCookies->handle()
#43 D:/laragon-new/laragon/www/hospital-management/vendor/laravel/framework/src/Illuminate/Pipeline/Pipeline.php(119): Illuminate/Pipeline/Pipeline->{closure:{closure:Illuminate/Pipeline/Pipeline::carry():158}:159}()
#44 D:/laragon-new/laragon/www/hospital-management/vendor/laravel/framework/src/Illuminate/Routing/Router.php(805): Illuminate/Pipeline/Pipeline->then()
#45 D:/laragon-new/laragon/www/hospital-management/vendor/laravel/framework/src/Illuminate/Routing/Router.php(784): Illuminate/Routing/Router->runRouteWithinStack()
#46 D:/laragon-new/laragon/www/hospital-management/vendor/laravel/framework/src/Illuminate/Routing/Router.php(748): Illuminate/Routing/Router->runRoute()
#47 D:/laragon-new/laragon/www/hospital-management/vendor/laravel/framework/src/Illuminate/Routing/Router.php(737): Illuminate/Routing/Router->dispatchToRoute()
#48 D:/laragon-new/laragon/www/hospital-management/vendor/laravel/framework/src/Illuminate/Foundation/Http/Kernel.php(200): Illuminate/Routing/Router->dispatch()
#49 D:/laragon-new/laragon/www/hospital-management/vendor/laravel/framework/src/Illuminate/Pipeline/Pipeline.php(144): Illuminate/Foundation/Http/Kernel->{closure:Illuminate/Foundation/Http/Kernel::dispatchToRouter():197}()
#50 D:/laragon-new/laragon/www/hospital-management/vendor/laravel/framework/src/Illuminate/Foundation/Http/Middleware/TransformsRequest.php(21): Illuminate/Pipeline/Pipeline->{closure:Illuminate/Pipeline/Pipeline::prepareDestination():142}()
#51 D:/laragon-new/laragon/www/hospital-management/vendor/laravel/framework/src/Illuminate/Foundation/Http/Middleware/ConvertEmptyStringsToNull.php(31): Illuminate/Foundation/Http/Middleware/TransformsRequest->handle()
#52 D:/laragon-new/laragon/www/hospital-management/vendor/laravel/framework/src/Illuminate/Pipeline/Pipeline.php(183): Illuminate/Foundation/Http/Middleware/ConvertEmptyStringsToNull->handle()
#53 D:/laragon-new/laragon/www/hospital-management/vendor/laravel/framework/src/Illuminate/Foundation/Http/Middleware/TransformsRequest.php(21): Illuminate/Pipeline/Pipeline->{closure:{closure:Illuminate/Pipeline/Pipeline::carry():158}:159}()
#54 D:/laragon-new/laragon/www/hospital-management/vendor/laravel/framework/src/Illuminate/Foundation/Http/Middleware/TrimStrings.php(40): Illuminate/Foundation/Http/Middleware/TransformsRequest->handle()
#55 D:/laragon-new/laragon/www/hospital-management/vendor/laravel/framework/src/Illuminate/Pipeline/Pipeline.php(183): Illuminate/Foundation/Http/Middleware/TrimStrings->handle()
#56 D:/laragon-new/laragon/www/hospital-management/vendor/laravel/framework/src/Illuminate/Foundation/Http/Middleware/ValidatePostSize.php(27): Illuminate/Pipeline/Pipeline->{closure:{closure:Illuminate/Pipeline/Pipeline::carry():158}:159}()
#57 D:/laragon-new/laragon/www/hospital-management/vendor/laravel/framework/src/Illuminate/Pipeline/Pipeline.php(183): Illuminate/Foundation/Http/Middleware/ValidatePostSize->handle()
#58 D:/laragon-new/laragon/www/hospital-management/vendor/laravel/framework/src/Illuminate/Foundation/Http/Middleware/PreventRequestsDuringMaintenance.php(99): Illuminate/Pipeline/Pipeline->{closure:{closure:Illuminate/Pipeline/Pipeline::carry():158}:159}()
#59 D:/laragon-new/laragon/www/hospital-management/vendor/laravel/framework/src/Illuminate/Pipeline/Pipeline.php(183): Illuminate/Foundation/Http/Middleware/PreventRequestsDuringMaintenance->handle()
#60 D:/laragon-new/laragon/www/hospital-management/vendor/laravel/framework/src/Illuminate/Http/Middleware/HandleCors.php(49): Illuminate/Pipeline/Pipeline->{closure:{closure:Illuminate/Pipeline/Pipeline::carry():158}:159}()
#61 D:/laragon-new/laragon/www/hospital-management/vendor/laravel/framework/src/Illuminate/Pipeline/Pipeline.php(183): Illuminate/Http/Middleware/HandleCors->handle()
#62 D:/laragon-new/laragon/www/hospital-management/vendor/laravel/framework/src/Illuminate/Http/Middleware/TrustProxies.php(39): Illuminate/Pipeline/Pipeline->{closure:{closure:Illuminate/Pipeline/Pipeline::carry():158}:159}()
#63 D:/laragon-new/laragon/www/hospital-management/vendor/laravel/framework/src/Illuminate/Pipeline/Pipeline.php(183): Illuminate/Http/Middleware/TrustProxies->handle()
#64 D:/laragon-new/laragon/www/hospital-management/vendor/laravel/framework/src/Illuminate/Pipeline/Pipeline.php(119): Illuminate/Pipeline/Pipeline->{closure:{closure:Illuminate/Pipeline/Pipeline::carry():158}:159}()
#65 D:/laragon-new/laragon/www/hospital-management/vendor/laravel/framework/src/Illuminate/Foundation/Http/Kernel.php(175): Illuminate/Pipeline/Pipeline->then()
#66 D:/laragon-new/laragon/www/hospital-management/vendor/laravel/framework/src/Illuminate/Foundation/Http/Kernel.php(144): Illuminate/Foundation/Http/Kernel->sendRequestThroughRouter()
#67 D:/laragon-new/laragon/www/hospital-management/public/index.php(55): Illuminate/Foundation/Http/Kernel->handle()
#68 D:/laragon-new/laragon/www/hospital-management/vendor/laravel/framework/src/Illuminate/Foundation/resources/server.php(16): require_once('...')
#69 {main}
"} 
[2026-08-12 17:49:54] local.ERROR: Attempt to read property "id" on array {"view":{"view":"D:\\laragon-new\\laragon\\www\\hospital-management\\resources\\views\\components\\frontend\\book-appointment.blade.php","data":[]},"exception":"[object] (Spatie\\LaravelIgnition\\Exceptions\\ViewException(code: 0): Attempt to read property \"id\" on array at D:/laragon-new/laragon/www/hospital-management/resources/views/components/frontend/book-appointment.blade.php:141)
[stacktrace]
#0 D:/laragon-new/laragon/www/hospital-management/vendor/laravel/framework/src/Illuminate/Filesystem/Filesystem.php(123): require('...')
#1 D:/laragon-new/laragon/www/hospital-management/vendor/laravel/framework/src/Illuminate/Filesystem/Filesystem.php(124): Illuminate/Filesystem/Filesystem::{closure:Illuminate/Filesystem/Filesystem::getRequire():120}()
#2 D:/laragon-new/laragon/www/hospital-management/vendor/laravel/framework/src/Illuminate/View/Engines/PhpEngine.php(58): Illuminate/Filesystem/Filesystem->getRequire()
#3 D:/laragon-new/laragon/www/hospital-management/vendor/laravel/framework/src/Illuminate/View/Engines/CompilerEngine.php(72): Illuminate/View/Engines/PhpEngine->evaluatePath()
#4 D:/laragon-new/laragon/www/hospital-management/vendor/laravel/framework/src/Illuminate/View/View.php(207): Illuminate/View/Engines/CompilerEngine->get()
#5 D:/laragon-new/laragon/www/hospital-management/vendor/laravel/framework/src/Illuminate/View/View.php(190): Illuminate/View/View->getContents()
#6 D:/laragon-new/laragon/www/hospital-management/vendor/laravel/framework/src/Illuminate/View/View.php(159): Illuminate/View/View->renderContents()
#7 D:/laragon-new/laragon/www/hospital-management/vendor/laravel/framework/src/Illuminate/View/Concerns/ManagesComponents.php(103): Illuminate/View/View->render()
#8 D:/laragon-new/laragon/www/hospital-management/resources/views/frontend/home.blade.php(808): Illuminate/View/Factory->renderComponent()
#9 D:/laragon-new/laragon/www/hospital-management/vendor/laravel/framework/src/Illuminate/Filesystem/Filesystem.php(123): require('...')
#10 D:/laragon-new/laragon/www/hospital-management/vendor/laravel/framework/src/Illuminate/Filesystem/Filesystem.php(124): Illuminate/Filesystem/Filesystem::{closure:Illuminate/Filesystem/Filesystem::getRequire():120}()
#11 D:/laragon-new/laragon/www/hospital-management/vendor/laravel/framework/src/Illuminate/View/Engines/PhpEngine.php(58): Illuminate/Filesystem/Filesystem->getRequire()
#12 D:/laragon-new/laragon/www/hospital-management/vendor/laravel/framework/src/Illuminate/View/Engines/CompilerEngine.php(72): Illuminate/View/Engines/PhpEngine->evaluatePath()
#13 D:/laragon-new/laragon/www/hospital-management/vendor/laravel/framework/src/Illuminate/View/View.php(207): Illuminate/View/Engines/CompilerEngine->get()
#14 D:/laragon-new/laragon/www/hospital-management/vendor/laravel/framework/src/Illuminate/View/View.php(190): Illuminate/View/View->getContents()
#15 D:/laragon-new/laragon/www/hospital-management/vendor/laravel/framework/src/Illuminate/View/View.php(159): Illuminate/View/View->renderContents()
#16 D:/laragon-new/laragon/www/hospital-management/vendor/laravel/framework/src/Illuminate/Http/Response.php(69): Illuminate/View/View->render()
#17 D:/laragon-new/laragon/www/hospital-management/vendor/laravel/framework/src/Illuminate/Http/Response.php(35): Illuminate/Http/Response->setContent()
#18 D:/laragon-new/laragon/www/hospital-management/vendor/laravel/framework/src/Illuminate/Routing/Router.php(918): Illuminate/Http/Response->__construct()
#19 D:/laragon-new/laragon/www/hospital-management/vendor/laravel/framework/src/Illuminate/Routing/Router.php(885): Illuminate/Routing/Router::toResponse()
#20 D:/laragon-new/laragon/www/hospital-management/vendor/laravel/framework/src/Illuminate/Routing/Router.php(805): Illuminate/Routing/Router->prepareResponse()
#21 D:/laragon-new/laragon/www/hospital-management/vendor/laravel/framework/src/Illuminate/Pipeline/Pipeline.php(144): Illuminate/Routing/Router->{closure:Illuminate/Routing/Router::runRouteWithinStack():805}()
#22 D:/laragon-new/laragon/www/hospital-management/vendor/laravel/framework/src/Illuminate/Http/Middleware/AddLinkHeadersForPreloadedAssets.php(20): Illuminate/Pipeline/Pipeline->{closure:Illuminate/Pipeline/Pipeline::prepareDestination():142}()
#23 D:/laragon-new/laragon/www/hospital-management/vendor/laravel/framework/src/Illuminate/Pipeline/Pipeline.php(183): Illuminate/Http/Middleware/AddLinkHeadersForPreloadedAssets->handle()
#24 D:/laragon-new/laragon/www/hospital-management/vendor/inertiajs/inertia-laravel/src/Middleware.php(87): Illuminate/Pipeline/Pipeline->{closure:{closure:Illuminate/Pipeline/Pipeline::carry():158}:159}()
#25 D:/laragon-new/laragon/www/hospital-management/vendor/laravel/framework/src/Illuminate/Pipeline/Pipeline.php(183): Inertia/Middleware->handle()
#26 D:/laragon-new/laragon/www/hospital-management/app/Http/Middleware/SetLocale.php(35): Illuminate/Pipeline/Pipeline->{closure:{closure:Illuminate/Pipeline/Pipeline::carry():158}:159}()
#27 D:/laragon-new/laragon/www/hospital-management/vendor/laravel/framework/src/Illuminate/Pipeline/Pipeline.php(183): App/Http/Middleware/SetLocale->handle()
#28 D:/laragon-new/laragon/www/hospital-management/vendor/laravel/framework/src/Illuminate/Routing/Middleware/SubstituteBindings.php(50): Illuminate/Pipeline/Pipeline->{closure:{closure:Illuminate/Pipeline/Pipeline::carry():158}:159}()
#29 D:/laragon-new/laragon/www/hospital-management/vendor/laravel/framework/src/Illuminate/Pipeline/Pipeline.php(183): Illuminate/Routing/Middleware/SubstituteBindings->handle()
#30 D:/laragon-new/laragon/www/hospital-management/vendor/laravel/framework/src/Illuminate/Foundation/Http/Middleware/VerifyCsrfToken.php(78): Illuminate/Pipeline/Pipeline->{closure:{closure:Illuminate/Pipeline/Pipeline::carry():158}:159}()
#31 D:/laragon-new/laragon/www/hospital-management/vendor/laravel/framework/src/Illuminate/Pipeline/Pipeline.php(183): Illuminate/Foundation/Http/Middleware/VerifyCsrfToken->handle()
#32 D:/laragon-new/laragon/www/hospital-management/vendor/laravel/framework/src/Illuminate/View/Middleware/ShareErrorsFromSession.php(49): Illuminate/Pipeline/Pipeline->{closure:{closure:Illuminate/Pipeline/Pipeline::carry():158}:159}()
#33 D:/laragon-new/laragon/www/hospital-management/vendor/laravel/framework/src/Illuminate/Pipeline/Pipeline.php(183): Illuminate/View/Middleware/ShareErrorsFromSession->handle()
#34 D:/laragon-new/laragon/www/hospital-management/vendor/laravel/framework/src/Illuminate/Session/Middleware/StartSession.php(121): Illuminate/Pipeline/Pipeline->{closure:{closure:Illuminate/Pipeline/Pipeline::carry():158}:159}()
#35 D:/laragon-new/laragon/www/hospital-management/vendor/laravel/framework/src/Illuminate/Session/Middleware/StartSession.php(64): Illuminate/Session/Middleware/StartSession->handleStatefulRequest()
#36 D:/laragon-new/laragon/www/hospital-management/vendor/laravel/framework/src/Illuminate/Pipeline/Pipeline.php(183): Illuminate/Session/Middleware/StartSession->handle()
#37 D:/laragon-new/laragon/www/hospital-management/vendor/laravel/framework/src/Illuminate/Cookie/Middleware/AddQueuedCookiesToResponse.php(37): Illuminate/Pipeline/Pipeline->{closure:{closure:Illuminate/Pipeline/Pipeline::carry():158}:159}()
#38 D:/laragon-new/laragon/www/hospital-management/vendor/laravel/framework/src/Illuminate/Pipeline/Pipeline.php(183): Illuminate/Cookie/Middleware/AddQueuedCookiesToResponse->handle()
#39 D:/laragon-new/laragon/www/hospital-management/vendor/laravel/framework/src/Illuminate/Cookie/Middleware/EncryptCookies.php(67): Illuminate/Pipeline/Pipeline->{closure:{closure:Illuminate/Pipeline/Pipeline::carry():158}:159}()
#40 D:/laragon-new/laragon/www/hospital-management/vendor/laravel/framework/src/Illuminate/Pipeline/Pipeline.php(183): Illuminate/Cookie/Middleware/EncryptCookies->handle()
#41 D:/laragon-new/laragon/www/hospital-management/vendor/laravel/framework/src/Illuminate/Pipeline/Pipeline.php(119): Illuminate/Pipeline/Pipeline->{closure:{closure:Illuminate/Pipeline/Pipeline::carry():158}:159}()
#42 D:/laragon-new/laragon/www/hospital-management/vendor/laravel/framework/src/Illuminate/Routing/Router.php(805): Illuminate/Pipeline/Pipeline->then()
#43 D:/laragon-new/laragon/www/hospital-management/vendor/laravel/framework/src/Illuminate/Routing/Router.php(784): Illuminate/Routing/Router->runRouteWithinStack()
#44 D:/laragon-new/laragon/www/hospital-management/vendor/laravel/framework/src/Illuminate/Routing/Router.php(748): Illuminate/Routing/Router->runRoute()
#45 D:/laragon-new/laragon/www/hospital-management/vendor/laravel/framework/src/Illuminate/Routing/Router.php(737): Illuminate/Routing/Router->dispatchToRoute()
#46 D:/laragon-new/laragon/www/hospital-management/vendor/laravel/framework/src/Illuminate/Foundation/Http/Kernel.php(200): Illuminate/Routing/Router->dispatch()
#47 D:/laragon-new/laragon/www/hospital-management/vendor/laravel/framework/src/Illuminate/Pipeline/Pipeline.php(144): Illuminate/Foundation/Http/Kernel->{closure:Illuminate/Foundation/Http/Kernel::dispatchToRouter():197}()
#48 D:/laragon-new/laragon/www/hospital-management/vendor/laravel/framework/src/Illuminate/Foundation/Http/Middleware/TransformsRequest.php(21): Illuminate/Pipeline/Pipeline->{closure:Illuminate/Pipeline/Pipeline::prepareDestination():142}()
#49 D:/laragon-new/laragon/www/hospital-management/vendor/laravel/framework/src/Illuminate/Foundation/Http/Middleware/ConvertEmptyStringsToNull.php(31): Illuminate/Foundation/Http/Middleware/TransformsRequest->handle()
#50 D:/laragon-new/laragon/www/hospital-management/vendor/laravel/framework/src/Illuminate/Pipeline/Pipeline.php(183): Illuminate/Foundation/Http/Middleware/ConvertEmptyStringsToNull->handle()
#51 D:/laragon-new/laragon/www/hospital-management/vendor/laravel/framework/src/Illuminate/Foundation/Http/Middleware/TransformsRequest.php(21): Illuminate/Pipeline/Pipeline->{closure:{closure:Illuminate/Pipeline/Pipeline::carry():158}:159}()
#52 D:/laragon-new/laragon/www/hospital-management/vendor/laravel/framework/src/Illuminate/Foundation/Http/Middleware/TrimStrings.php(40): Illuminate/Foundation/Http/Middleware/TransformsRequest->handle()
#53 D:/laragon-new/laragon/www/hospital-management/vendor/laravel/framework/src/Illuminate/Pipeline/Pipeline.php(183): Illuminate/Foundation/Http/Middleware/TrimStrings->handle()
#54 D:/laragon-new/laragon/www/hospital-management/vendor/laravel/framework/src/Illuminate/Foundation/Http/Middleware/ValidatePostSize.php(27): Illuminate/Pipeline/Pipeline->{closure:{closure:Illuminate/Pipeline/Pipeline::carry():158}:159}()
#55 D:/laragon-new/laragon/www/hospital-management/vendor/laravel/framework/src/Illuminate/Pipeline/Pipeline.php(183): Illuminate/Foundation/Http/Middleware/ValidatePostSize->handle()
#56 D:/laragon-new/laragon/www/hospital-management/vendor/laravel/framework/src/Illuminate/Foundation/Http/Middleware/PreventRequestsDuringMaintenance.php(99): Illuminate/Pipeline/Pipeline->{closure:{closure:Illuminate/Pipeline/Pipeline::carry():158}:159}()
#57 D:/laragon-new/laragon/www/hospital-management/vendor/laravel/framework/src/Illuminate/Pipeline/Pipeline.php(183): Illuminate/Foundation/Http/Middleware/PreventRequestsDuringMaintenance->handle()
#58 D:/laragon-new/laragon/www/hospital-management/vendor/laravel/framework/src/Illuminate/Http/Middleware/HandleCors.php(49): Illuminate/Pipeline/Pipeline->{closure:{closure:Illuminate/Pipeline/Pipeline::carry():158}:159}()
#59 D:/laragon-new/laragon/www/hospital-management/vendor/laravel/framework/src/Illuminate/Pipeline/Pipeline.php(183): Illuminate/Http/Middleware/HandleCors->handle()
#60 D:/laragon-new/laragon/www/hospital-management/vendor/laravel/framework/src/Illuminate/Http/Middleware/TrustProxies.php(39): Illuminate/Pipeline/Pipeline->{closure:{closure:Illuminate/Pipeline/Pipeline::carry():158}:159}()
#61 D:/laragon-new/laragon/www/hospital-management/vendor/laravel/framework/src/Illuminate/Pipeline/Pipeline.php(183): Illuminate/Http/Middleware/TrustProxies->handle()
#62 D:/laragon-new/laragon/www/hospital-management/vendor/laravel/framework/src/Illuminate/Pipeline/Pipeline.php(119): Illuminate/Pipeline/Pipeline->{closure:{closure:Illuminate/Pipeline/Pipeline::carry():158}:159}()
#63 D:/laragon-new/laragon/www/hospital-management/vendor/laravel/framework/src/Illuminate/Foundation/Http/Kernel.php(175): Illuminate/Pipeline/Pipeline->then()
#64 D:/laragon-new/laragon/www/hospital-management/vendor/laravel/framework/src/Illuminate/Foundation/Http/Kernel.php(144): Illuminate/Foundation/Http/Kernel->sendRequestThroughRouter()
#65 D:/laragon-new/laragon/www/hospital-management/public/index.php(55): Illuminate/Foundation/Http/Kernel->handle()
#66 D:/laragon-new/laragon/www/hospital-management/vendor/laravel/framework/src/Illuminate/Foundation/resources/server.php(16): require_once('...')
#67 {main}

[previous exception] [object] (ErrorException(code: 0): Attempt to read property \"id\" on array at D:/laragon-new/laragon/www/hospital-management/storage/framework/views/cdcea4de2a6a0efb0887f9a37d19adcb.php:163)
[stacktrace]
#0 D:/laragon-new/laragon/www/hospital-management/vendor/laravel/framework/src/Illuminate/Foundation/Bootstrap/HandleExceptions.php(255): Illuminate/Foundation/Bootstrap/HandleExceptions->handleError()
#1 D:/laragon-new/laragon/www/hospital-management/storage/framework/views/cdcea4de2a6a0efb0887f9a37d19adcb.php(163): Illuminate/Foundation/Bootstrap/HandleExceptions->{closure:Illuminate/Foundation/Bootstrap/HandleExceptions::forwardsTo():254}()
#2 D:/laragon-new/laragon/www/hospital-management/vendor/laravel/framework/src/Illuminate/Filesystem/Filesystem.php(123): require('...')
#3 D:/laragon-new/laragon/www/hospital-management/vendor/laravel/framework/src/Illuminate/Filesystem/Filesystem.php(124): Illuminate/Filesystem/Filesystem::{closure:Illuminate/Filesystem/Filesystem::getRequire():120}()
#4 D:/laragon-new/laragon/www/hospital-management/vendor/laravel/framework/src/Illuminate/View/Engines/PhpEngine.php(58): Illuminate/Filesystem/Filesystem->getRequire()
#5 D:/laragon-new/laragon/www/hospital-management/vendor/laravel/framework/src/Illuminate/View/Engines/CompilerEngine.php(72): Illuminate/View/Engines/PhpEngine->evaluatePath()
#6 D:/laragon-new/laragon/www/hospital-management/vendor/laravel/framework/src/Illuminate/View/View.php(207): Illuminate/View/Engines/CompilerEngine->get()
#7 D:/laragon-new/laragon/www/hospital-management/vendor/laravel/framework/src/Illuminate/View/View.php(190): Illuminate/View/View->getContents()
#8 D:/laragon-new/laragon/www/hospital-management/vendor/laravel/framework/src/Illuminate/View/View.php(159): Illuminate/View/View->renderContents()
#9 D:/laragon-new/laragon/www/hospital-management/vendor/laravel/framework/src/Illuminate/View/Concerns/ManagesComponents.php(103): Illuminate/View/View->render()
#10 D:/laragon-new/laragon/www/hospital-management/storage/framework/views/cd26cf55e8f5bf8923f22432e065a0b8.php(856): Illuminate/View/Factory->renderComponent()
#11 D:/laragon-new/laragon/www/hospital-management/vendor/laravel/framework/src/Illuminate/Filesystem/Filesystem.php(123): require('...')
#12 D:/laragon-new/laragon/www/hospital-management/vendor/laravel/framework/src/Illuminate/Filesystem/Filesystem.php(124): Illuminate/Filesystem/Filesystem::{closure:Illuminate/Filesystem/Filesystem::getRequire():120}()
#13 D:/laragon-new/laragon/www/hospital-management/vendor/laravel/framework/src/Illuminate/View/Engines/PhpEngine.php(58): Illuminate/Filesystem/Filesystem->getRequire()
#14 D:/laragon-new/laragon/www/hospital-management/vendor/laravel/framework/src/Illuminate/View/Engines/CompilerEngine.php(72): Illuminate/View/Engines/PhpEngine->evaluatePath()
#15 D:/laragon-new/laragon/www/hospital-management/vendor/laravel/framework/src/Illuminate/View/View.php(207): Illuminate/View/Engines/CompilerEngine->get()
#16 D:/laragon-new/laragon/www/hospital-management/vendor/laravel/framework/src/Illuminate/View/View.php(190): Illuminate/View/View->getContents()
#17 D:/laragon-new/laragon/www/hospital-management/vendor/laravel/framework/src/Illuminate/View/View.php(159): Illuminate/View/View->renderContents()
#18 D:/laragon-new/laragon/www/hospital-management/vendor/laravel/framework/src/Illuminate/Http/Response.php(69): Illuminate/View/View->render()
#19 D:/laragon-new/laragon/www/hospital-management/vendor/laravel/framework/src/Illuminate/Http/Response.php(35): Illuminate/Http/Response->setContent()
#20 D:/laragon-new/laragon/www/hospital-management/vendor/laravel/framework/src/Illuminate/Routing/Router.php(918): Illuminate/Http/Response->__construct()
#21 D:/laragon-new/laragon/www/hospital-management/vendor/laravel/framework/src/Illuminate/Routing/Router.php(885): Illuminate/Routing/Router::toResponse()
#22 D:/laragon-new/laragon/www/hospital-management/vendor/laravel/framework/src/Illuminate/Routing/Router.php(805): Illuminate/Routing/Router->prepareResponse()
#23 D:/laragon-new/laragon/www/hospital-management/vendor/laravel/framework/src/Illuminate/Pipeline/Pipeline.php(144): Illuminate/Routing/Router->{closure:Illuminate/Routing/Router::runRouteWithinStack():805}()
#24 D:/laragon-new/laragon/www/hospital-management/vendor/laravel/framework/src/Illuminate/Http/Middleware/AddLinkHeadersForPreloadedAssets.php(20): Illuminate/Pipeline/Pipeline->{closure:Illuminate/Pipeline/Pipeline::prepareDestination():142}()
#25 D:/laragon-new/laragon/www/hospital-management/vendor/laravel/framework/src/Illuminate/Pipeline/Pipeline.php(183): Illuminate/Http/Middleware/AddLinkHeadersForPreloadedAssets->handle()
#26 D:/laragon-new/laragon/www/hospital-management/vendor/inertiajs/inertia-laravel/src/Middleware.php(87): Illuminate/Pipeline/Pipeline->{closure:{closure:Illuminate/Pipeline/Pipeline::carry():158}:159}()
#27 D:/laragon-new/laragon/www/hospital-management/vendor/laravel/framework/src/Illuminate/Pipeline/Pipeline.php(183): Inertia/Middleware->handle()
#28 D:/laragon-new/laragon/www/hospital-management/app/Http/Middleware/SetLocale.php(35): Illuminate/Pipeline/Pipeline->{closure:{closure:Illuminate/Pipeline/Pipeline::carry():158}:159}()
#29 D:/laragon-new/laragon/www/hospital-management/vendor/laravel/framework/src/Illuminate/Pipeline/Pipeline.php(183): App/Http/Middleware/SetLocale->handle()
#30 D:/laragon-new/laragon/www/hospital-management/vendor/laravel/framework/src/Illuminate/Routing/Middleware/SubstituteBindings.php(50): Illuminate/Pipeline/Pipeline->{closure:{closure:Illuminate/Pipeline/Pipeline::carry():158}:159}()
#31 D:/laragon-new/laragon/www/hospital-management/vendor/laravel/framework/src/Illuminate/Pipeline/Pipeline.php(183): Illuminate/Routing/Middleware/SubstituteBindings->handle()
#32 D:/laragon-new/laragon/www/hospital-management/vendor/laravel/framework/src/Illuminate/Foundation/Http/Middleware/VerifyCsrfToken.php(78): Illuminate/Pipeline/Pipeline->{closure:{closure:Illuminate/Pipeline/Pipeline::carry():158}:159}()
#33 D:/laragon-new/laragon/www/hospital-management/vendor/laravel/framework/src/Illuminate/Pipeline/Pipeline.php(183): Illuminate/Foundation/Http/Middleware/VerifyCsrfToken->handle()
#34 D:/laragon-new/laragon/www/hospital-management/vendor/laravel/framework/src/Illuminate/View/Middleware/ShareErrorsFromSession.php(49): Illuminate/Pipeline/Pipeline->{closure:{closure:Illuminate/Pipeline/Pipeline::carry():158}:159}()
#35 D:/laragon-new/laragon/www/hospital-management/vendor/laravel/framework/src/Illuminate/Pipeline/Pipeline.php(183): Illuminate/View/Middleware/ShareErrorsFromSession->handle()
#36 D:/laragon-new/laragon/www/hospital-management/vendor/laravel/framework/src/Illuminate/Session/Middleware/StartSession.php(121): Illuminate/Pipeline/Pipeline->{closure:{closure:Illuminate/Pipeline/Pipeline::carry():158}:159}()
#37 D:/laragon-new/laragon/www/hospital-management/vendor/laravel/framework/src/Illuminate/Session/Middleware/StartSession.php(64): Illuminate/Session/Middleware/StartSession->handleStatefulRequest()
#38 D:/laragon-new/laragon/www/hospital-management/vendor/laravel/framework/src/Illuminate/Pipeline/Pipeline.php(183): Illuminate/Session/Middleware/StartSession->handle()
#39 D:/laragon-new/laragon/www/hospital-management/vendor/laravel/framework/src/Illuminate/Cookie/Middleware/AddQueuedCookiesToResponse.php(37): Illuminate/Pipeline/Pipeline->{closure:{closure:Illuminate/Pipeline/Pipeline::carry():158}:159}()
#40 D:/laragon-new/laragon/www/hospital-management/vendor/laravel/framework/src/Illuminate/Pipeline/Pipeline.php(183): Illuminate/Cookie/Middleware/AddQueuedCookiesToResponse->handle()
#41 D:/laragon-new/laragon/www/hospital-management/vendor/laravel/framework/src/Illuminate/Cookie/Middleware/EncryptCookies.php(67): Illuminate/Pipeline/Pipeline->{closure:{closure:Illuminate/Pipeline/Pipeline::carry():158}:159}()
#42 D:/laragon-new/laragon/www/hospital-management/vendor/laravel/framework/src/Illuminate/Pipeline/Pipeline.php(183): Illuminate/Cookie/Middleware/EncryptCookies->handle()
#43 D:/laragon-new/laragon/www/hospital-management/vendor/laravel/framework/src/Illuminate/Pipeline/Pipeline.php(119): Illuminate/Pipeline/Pipeline->{closure:{closure:Illuminate/Pipeline/Pipeline::carry():158}:159}()
#44 D:/laragon-new/laragon/www/hospital-management/vendor/laravel/framework/src/Illuminate/Routing/Router.php(805): Illuminate/Pipeline/Pipeline->then()
#45 D:/laragon-new/laragon/www/hospital-management/vendor/laravel/framework/src/Illuminate/Routing/Router.php(784): Illuminate/Routing/Router->runRouteWithinStack()
#46 D:/laragon-new/laragon/www/hospital-management/vendor/laravel/framework/src/Illuminate/Routing/Router.php(748): Illuminate/Routing/Router->runRoute()
#47 D:/laragon-new/laragon/www/hospital-management/vendor/laravel/framework/src/Illuminate/Routing/Router.php(737): Illuminate/Routing/Router->dispatchToRoute()
#48 D:/laragon-new/laragon/www/hospital-management/vendor/laravel/framework/src/Illuminate/Foundation/Http/Kernel.php(200): Illuminate/Routing/Router->dispatch()
#49 D:/laragon-new/laragon/www/hospital-management/vendor/laravel/framework/src/Illuminate/Pipeline/Pipeline.php(144): Illuminate/Foundation/Http/Kernel->{closure:Illuminate/Foundation/Http/Kernel::dispatchToRouter():197}()
#50 D:/laragon-new/laragon/www/hospital-management/vendor/laravel/framework/src/Illuminate/Foundation/Http/Middleware/TransformsRequest.php(21): Illuminate/Pipeline/Pipeline->{closure:Illuminate/Pipeline/Pipeline::prepareDestination():142}()
#51 D:/laragon-new/laragon/www/hospital-management/vendor/laravel/framework/src/Illuminate/Foundation/Http/Middleware/ConvertEmptyStringsToNull.php(31): Illuminate/Foundation/Http/Middleware/TransformsRequest->handle()
#52 D:/laragon-new/laragon/www/hospital-management/vendor/laravel/framework/src/Illuminate/Pipeline/Pipeline.php(183): Illuminate/Foundation/Http/Middleware/ConvertEmptyStringsToNull->handle()
#53 D:/laragon-new/laragon/www/hospital-management/vendor/laravel/framework/src/Illuminate/Foundation/Http/Middleware/TransformsRequest.php(21): Illuminate/Pipeline/Pipeline->{closure:{closure:Illuminate/Pipeline/Pipeline::carry():158}:159}()
#54 D:/laragon-new/laragon/www/hospital-management/vendor/laravel/framework/src/Illuminate/Foundation/Http/Middleware/TrimStrings.php(40): Illuminate/Foundation/Http/Middleware/TransformsRequest->handle()
#55 D:/laragon-new/laragon/www/hospital-management/vendor/laravel/framework/src/Illuminate/Pipeline/Pipeline.php(183): Illuminate/Foundation/Http/Middleware/TrimStrings->handle()
#56 D:/laragon-new/laragon/www/hospital-management/vendor/laravel/framework/src/Illuminate/Foundation/Http/Middleware/ValidatePostSize.php(27): Illuminate/Pipeline/Pipeline->{closure:{closure:Illuminate/Pipeline/Pipeline::carry():158}:159}()
#57 D:/laragon-new/laragon/www/hospital-management/vendor/laravel/framework/src/Illuminate/Pipeline/Pipeline.php(183): Illuminate/Foundation/Http/Middleware/ValidatePostSize->handle()
#58 D:/laragon-new/laragon/www/hospital-management/vendor/laravel/framework/src/Illuminate/Foundation/Http/Middleware/PreventRequestsDuringMaintenance.php(99): Illuminate/Pipeline/Pipeline->{closure:{closure:Illuminate/Pipeline/Pipeline::carry():158}:159}()
#59 D:/laragon-new/laragon/www/hospital-management/vendor/laravel/framework/src/Illuminate/Pipeline/Pipeline.php(183): Illuminate/Foundation/Http/Middleware/PreventRequestsDuringMaintenance->handle()
#60 D:/laragon-new/laragon/www/hospital-management/vendor/laravel/framework/src/Illuminate/Http/Middleware/HandleCors.php(49): Illuminate/Pipeline/Pipeline->{closure:{closure:Illuminate/Pipeline/Pipeline::carry():158}:159}()
#61 D:/laragon-new/laragon/www/hospital-management/vendor/laravel/framework/src/Illuminate/Pipeline/Pipeline.php(183): Illuminate/Http/Middleware/HandleCors->handle()
#62 D:/laragon-new/laragon/www/hospital-management/vendor/laravel/framework/src/Illuminate/Http/Middleware/TrustProxies.php(39): Illuminate/Pipeline/Pipeline->{closure:{closure:Illuminate/Pipeline/Pipeline::carry():158}:159}()
#63 D:/laragon-new/laragon/www/hospital-management/vendor/laravel/framework/src/Illuminate/Pipeline/Pipeline.php(183): Illuminate/Http/Middleware/TrustProxies->handle()
#64 D:/laragon-new/laragon/www/hospital-management/vendor/laravel/framework/src/Illuminate/Pipeline/Pipeline.php(119): Illuminate/Pipeline/Pipeline->{closure:{closure:Illuminate/Pipeline/Pipeline::carry():158}:159}()
#65 D:/laragon-new/laragon/www/hospital-management/vendor/laravel/framework/src/Illuminate/Foundation/Http/Kernel.php(175): Illuminate/Pipeline/Pipeline->then()
#66 D:/laragon-new/laragon/www/hospital-management/vendor/laravel/framework/src/Illuminate/Foundation/Http/Kernel.php(144): Illuminate/Foundation/Http/Kernel->sendRequestThroughRouter()
#67 D:/laragon-new/laragon/www/hospital-management/public/index.php(55): Illuminate/Foundation/Http/Kernel->handle()
#68 D:/laragon-new/laragon/www/hospital-management/vendor/laravel/framework/src/Illuminate/Foundation/resources/server.php(16): require_once('...')
#69 {main}
"} 
[2026-08-12 18:56:51] local.ERROR: Attempt to read property "query" on array {"exception":"[object] (ErrorException(code: 0): Attempt to read property \"query\" on array at D:/laragon-new/laragon/www/hospital-management/generate_sql.php:17)
[stacktrace]
#0 D:/laragon-new/laragon/www/hospital-management/vendor/laravel/framework/src/Illuminate/Foundation/Bootstrap/HandleExceptions.php(255): Illuminate/Foundation/Bootstrap/HandleExceptions->handleError()
#1 D:/laragon-new/laragon/www/hospital-management/generate_sql.php(17): Illuminate/Foundation/Bootstrap/HandleExceptions->{closure:Illuminate/Foundation/Bootstrap/HandleExceptions::forwardsTo():254}()
#2 {main}
"} 
[2026-08-19 17:03:51] local.ERROR: Array to string conversion (Connection: mysql, SQL: insert into `global_settings` (`key`, `value`, `updated_at`, `created_at`) values (about_page_desc, ?, 2026-08-19 17:03:51, 2026-08-19 17:03:51)) {"userId":1,"exception":"[object] (Illuminate\\Database\\QueryException(code: 0): Array to string conversion (Connection: mysql, SQL: insert into `global_settings` (`key`, `value`, `updated_at`, `created_at`) values (about_page_desc, ?, 2026-08-19 17:03:51, 2026-08-19 17:03:51)) at D:/laragon-new/laragon/www/hospital-management/vendor/laravel/framework/src/Illuminate/Database/Connection.php:829)
[stacktrace]
#0 D:/laragon-new/laragon/www/hospital-management/vendor/laravel/framework/src/Illuminate/Database/Connection.php(783): Illuminate/Database/Connection->runQueryCallback()
#1 D:/laragon-new/laragon/www/hospital-management/vendor/laravel/framework/src/Illuminate/Database/MySqlConnection.php(34): Illuminate/Database/Connection->run()
#2 D:/laragon-new/laragon/www/hospital-management/vendor/laravel/framework/src/Illuminate/Database/Query/Processors/MySqlProcessor.php(35): Illuminate/Database/MySqlConnection->insert()
#3 D:/laragon-new/laragon/www/hospital-management/vendor/laravel/framework/src/Illuminate/Database/Query/Builder.php(3549): Illuminate/Database/Query/Processors/MySqlProcessor->processInsertGetId()
#4 D:/laragon-new/laragon/www/hospital-management/vendor/laravel/framework/src/Illuminate/Database/Eloquent/Builder.php(1982): Illuminate/Database/Query/Builder->insertGetId()
#5 D:/laragon-new/laragon/www/hospital-management/vendor/laravel/framework/src/Illuminate/Database/Eloquent/Model.php(1334): Illuminate/Database/Eloquent/Builder->__call()
#6 D:/laragon-new/laragon/www/hospital-management/vendor/laravel/framework/src/Illuminate/Database/Eloquent/Model.php(1299): Illuminate/Database/Eloquent/Model->insertAndSetId()
#7 D:/laragon-new/laragon/www/hospital-management/vendor/laravel/framework/src/Illuminate/Database/Eloquent/Model.php(1138): Illuminate/Database/Eloquent/Model->performInsert()
#8 D:/laragon-new/laragon/www/hospital-management/vendor/laravel/framework/src/Illuminate/Database/Eloquent/Builder.php(1025): Illuminate/Database/Eloquent/Model->save()
#9 D:/laragon-new/laragon/www/hospital-management/vendor/laravel/framework/src/Illuminate/Support/helpers.php(320): Illuminate/Database/Eloquent/Builder->{closure:Illuminate/Database/Eloquent/Builder::create():1024}()
#10 D:/laragon-new/laragon/www/hospital-management/vendor/laravel/framework/src/Illuminate/Database/Eloquent/Builder.php(1024): tap()
#11 D:/laragon-new/laragon/www/hospital-management/vendor/laravel/framework/src/Illuminate/Database/Eloquent/Builder.php(585): Illuminate/Database/Eloquent/Builder->create()
#12 D:/laragon-new/laragon/www/hospital-management/vendor/laravel/framework/src/Illuminate/Database/Eloquent/Builder.php(1728): Illuminate/Database/Eloquent/Builder->{closure:Illuminate/Database/Eloquent/Builder::createOrFirst():585}()
#13 D:/laragon-new/laragon/www/hospital-management/vendor/laravel/framework/src/Illuminate/Database/Eloquent/Builder.php(585): Illuminate/Database/Eloquent/Builder->withSavepointIfNeeded()
#14 D:/laragon-new/laragon/www/hospital-management/vendor/laravel/framework/src/Illuminate/Database/Eloquent/Builder.php(572): Illuminate/Database/Eloquent/Builder->createOrFirst()
#15 D:/laragon-new/laragon/www/hospital-management/vendor/laravel/framework/src/Illuminate/Database/Eloquent/Builder.php(600): Illuminate/Database/Eloquent/Builder->firstOrCreate()
#16 D:/laragon-new/laragon/www/hospital-management/vendor/laravel/framework/src/Illuminate/Support/Traits/ForwardsCalls.php(23): Illuminate/Database/Eloquent/Builder->updateOrCreate()
#17 D:/laragon-new/laragon/www/hospital-management/vendor/laravel/framework/src/Illuminate/Database/Eloquent/Model.php(2335): Illuminate/Database/Eloquent/Model->forwardCallTo()
#18 D:/laragon-new/laragon/www/hospital-management/vendor/laravel/framework/src/Illuminate/Database/Eloquent/Model.php(2347): Illuminate/Database/Eloquent/Model->__call()
#19 D:/laragon-new/laragon/www/hospital-management/app/Models/GlobalSetting.php(22): Illuminate/Database/Eloquent/Model::__callStatic()
#20 D:/laragon-new/laragon/www/hospital-management/app/Models/GlobalSetting.php(29): App/Models/GlobalSetting::set()
#21 D:/laragon-new/laragon/www/hospital-management/app/Http/Controllers/Admin/WebsiteSettings/GlobalAboutSettingController.php(118): App/Models/GlobalSetting::setMany()
#22 D:/laragon-new/laragon/www/hospital-management/vendor/laravel/framework/src/Illuminate/Routing/Controller.php(54): App/Http/Controllers/Admin/WebsiteSettings/GlobalAboutSettingController->update()
#23 D:/laragon-new/laragon/www/hospital-management/vendor/laravel/framework/src/Illuminate/Routing/ControllerDispatcher.php(43): Illuminate/Routing/Controller->callAction()
#24 D:/laragon-new/laragon/www/hospital-management/vendor/laravel/framework/src/Illuminate/Routing/Route.php(259): Illuminate/Routing/ControllerDispatcher->dispatch()
#25 D:/laragon-new/laragon/www/hospital-management/vendor/laravel/framework/src/Illuminate/Routing/Route.php(205): Illuminate/Routing/Route->runController()
#26 D:/laragon-new/laragon/www/hospital-management/vendor/laravel/framework/src/Illuminate/Routing/Router.php(806): Illuminate/Routing/Route->run()
#27 D:/laragon-new/laragon/www/hospital-management/vendor/laravel/framework/src/Illuminate/Pipeline/Pipeline.php(144): Illuminate/Routing/Router->{closure:Illuminate/Routing/Router::runRouteWithinStack():805}()
#28 D:/laragon-new/laragon/www/hospital-management/app/Http/Middleware/CheckModulePermission.php(49): Illuminate/Pipeline/Pipeline->{closure:Illuminate/Pipeline/Pipeline::prepareDestination():142}()
#29 D:/laragon-new/laragon/www/hospital-management/vendor/laravel/framework/src/Illuminate/Pipeline/Pipeline.php(183): App/Http/Middleware/CheckModulePermission->handle()
#30 D:/laragon-new/laragon/www/hospital-management/vendor/laravel/framework/src/Illuminate/Auth/Middleware/EnsureEmailIsVerified.php(41): Illuminate/Pipeline/Pipeline->{closure:{closure:Illuminate/Pipeline/Pipeline::carry():158}:159}()
#31 D:/laragon-new/laragon/www/hospital-management/vendor/laravel/framework/src/Illuminate/Pipeline/Pipeline.php(183): Illuminate/Auth/Middleware/EnsureEmailIsVerified->handle()
#32 D:/laragon-new/laragon/www/hospital-management/vendor/laravel/framework/src/Illuminate/Http/Middleware/AddLinkHeadersForPreloadedAssets.php(20): Illuminate/Pipeline/Pipeline->{closure:{closure:Illuminate/Pipeline/Pipeline::carry():158}:159}()
#33 D:/laragon-new/laragon/www/hospital-management/vendor/laravel/framework/src/Illuminate/Pipeline/Pipeline.php(183): Illuminate/Http/Middleware/AddLinkHeadersForPreloadedAssets->handle()
#34 D:/laragon-new/laragon/www/hospital-management/vendor/inertiajs/inertia-laravel/src/Middleware.php(87): Illuminate/Pipeline/Pipeline->{closure:{closure:Illuminate/Pipeline/Pipeline::carry():158}:159}()
#35 D:/laragon-new/laragon/www/hospital-management/vendor/laravel/framework/src/Illuminate/Pipeline/Pipeline.php(183): Inertia/Middleware->handle()
#36 D:/laragon-new/laragon/www/hospital-management/app/Http/Middleware/SetLocale.php(35): Illuminate/Pipeline/Pipeline->{closure:{closure:Illuminate/Pipeline/Pipeline::carry():158}:159}()
#37 D:/laragon-new/laragon/www/hospital-management/vendor/laravel/framework/src/Illuminate/Pipeline/Pipeline.php(183): App/Http/Middleware/SetLocale->handle()
#38 D:/laragon-new/laragon/www/hospital-management/vendor/laravel/framework/src/Illuminate/Routing/Middleware/SubstituteBindings.php(50): Illuminate/Pipeline/Pipeline->{closure:{closure:Illuminate/Pipeline/Pipeline::carry():158}:159}()
#39 D:/laragon-new/laragon/www/hospital-management/vendor/laravel/framework/src/Illuminate/Pipeline/Pipeline.php(183): Illuminate/Routing/Middleware/SubstituteBindings->handle()
#40 D:/laragon-new/laragon/www/hospital-management/vendor/laravel/framework/src/Illuminate/Auth/Middleware/Authenticate.php(57): Illuminate/Pipeline/Pipeline->{closure:{closure:Illuminate/Pipeline/Pipeline::carry():158}:159}()
#41 D:/laragon-new/laragon/www/hospital-management/vendor/laravel/framework/src/Illuminate/Pipeline/Pipeline.php(183): Illuminate/Auth/Middleware/Authenticate->handle()
#42 D:/laragon-new/laragon/www/hospital-management/vendor/laravel/framework/src/Illuminate/Foundation/Http/Middleware/VerifyCsrfToken.php(78): Illuminate/Pipeline/Pipeline->{closure:{closure:Illuminate/Pipeline/Pipeline::carry():158}:159}()
#43 D:/laragon-new/laragon/www/hospital-management/vendor/laravel/framework/src/Illuminate/Pipeline/Pipeline.php(183): Illuminate/Foundation/Http/Middleware/VerifyCsrfToken->handle()
#44 D:/laragon-new/laragon/www/hospital-management/vendor/laravel/framework/src/Illuminate/View/Middleware/ShareErrorsFromSession.php(49): Illuminate/Pipeline/Pipeline->{closure:{closure:Illuminate/Pipeline/Pipeline::carry():158}:159}()
#45 D:/laragon-new/laragon/www/hospital-management/vendor/laravel/framework/src/Illuminate/Pipeline/Pipeline.php(183): Illuminate/View/Middleware/ShareErrorsFromSession->handle()
#46 D:/laragon-new/laragon/www/hospital-management/vendor/laravel/framework/src/Illuminate/Session/Middleware/StartSession.php(121): Illuminate/Pipeline/Pipeline->{closure:{closure:Illuminate/Pipeline/Pipeline::carry():158}:159}()
#47 D:/laragon-new/laragon/www/hospital-management/vendor/laravel/framework/src/Illuminate/Session/Middleware/StartSession.php(64): Illuminate/Session/Middleware/StartSession->handleStatefulRequest()
#48 D:/laragon-new/laragon/www/hospital-management/vendor/laravel/framework/src/Illuminate/Pipeline/Pipeline.php(183): Illuminate/Session/Middleware/StartSession->handle()
#49 D:/laragon-new/laragon/www/hospital-management/vendor/laravel/framework/src/Illuminate/Cookie/Middleware/AddQueuedCookiesToResponse.php(37): Illuminate/Pipeline/Pipeline->{closure:{closure:Illuminate/Pipeline/Pipeline::carry():158}:159}()
#50 D:/laragon-new/laragon/www/hospital-management/vendor/laravel/framework/src/Illuminate/Pipeline/Pipeline.php(183): Illuminate/Cookie/Middleware/AddQueuedCookiesToResponse->handle()
#51 D:/laragon-new/laragon/www/hospital-management/vendor/laravel/framework/src/Illuminate/Cookie/Middleware/EncryptCookies.php(67): Illuminate/Pipeline/Pipeline->{closure:{closure:Illuminate/Pipeline/Pipeline::carry():158}:159}()
#52 D:/laragon-new/laragon/www/hospital-management/vendor/laravel/framework/src/Illuminate/Pipeline/Pipeline.php(183): Illuminate/Cookie/Middleware/EncryptCookies->handle()
#53 D:/laragon-new/laragon/www/hospital-management/vendor/laravel/framework/src/Illuminate/Pipeline/Pipeline.php(119): Illuminate/Pipeline/Pipeline->{closure:{closure:Illuminate/Pipeline/Pipeline::carry():158}:159}()
#54 D:/laragon-new/laragon/www/hospital-management/vendor/laravel/framework/src/Illuminate/Routing/Router.php(805): Illuminate/Pipeline/Pipeline->then()
#55 D:/laragon-new/laragon/www/hospital-management/vendor/laravel/framework/src/Illuminate/Routing/Router.php(784): Illuminate/Routing/Router->runRouteWithinStack()
#56 D:/laragon-new/laragon/www/hospital-management/vendor/laravel/framework/src/Illuminate/Routing/Router.php(748): Illuminate/Routing/Router->runRoute()
#57 D:/laragon-new/laragon/www/hospital-management/vendor/laravel/framework/src/Illuminate/Routing/Router.php(737): Illuminate/Routing/Router->dispatchToRoute()
#58 D:/laragon-new/laragon/www/hospital-management/vendor/laravel/framework/src/Illuminate/Foundation/Http/Kernel.php(200): Illuminate/Routing/Router->dispatch()
#59 D:/laragon-new/laragon/www/hospital-management/vendor/laravel/framework/src/Illuminate/Pipeline/Pipeline.php(144): Illuminate/Foundation/Http/Kernel->{closure:Illuminate/Foundation/Http/Kernel::dispatchToRouter():197}()
#60 D:/laragon-new/laragon/www/hospital-management/vendor/laravel/framework/src/Illuminate/Foundation/Http/Middleware/TransformsRequest.php(21): Illuminate/Pipeline/Pipeline->{closure:Illuminate/Pipeline/Pipeline::prepareDestination():142}()
#61 D:/laragon-new/laragon/www/hospital-management/vendor/laravel/framework/src/Illuminate/Foundation/Http/Middleware/ConvertEmptyStringsToNull.php(31): Illuminate/Foundation/Http/Middleware/TransformsRequest->handle()
#62 D:/laragon-new/laragon/www/hospital-management/vendor/laravel/framework/src/Illuminate/Pipeline/Pipeline.php(183): Illuminate/Foundation/Http/Middleware/ConvertEmptyStringsToNull->handle()
#63 D:/laragon-new/laragon/www/hospital-management/vendor/laravel/framework/src/Illuminate/Foundation/Http/Middleware/TransformsRequest.php(21): Illuminate/Pipeline/Pipeline->{closure:{closure:Illuminate/Pipeline/Pipeline::carry():158}:159}()
#64 D:/laragon-new/laragon/www/hospital-management/vendor/laravel/framework/src/Illuminate/Foundation/Http/Middleware/TrimStrings.php(40): Illuminate/Foundation/Http/Middleware/TransformsRequest->handle()
#65 D:/laragon-new/laragon/www/hospital-management/vendor/laravel/framework/src/Illuminate/Pipeline/Pipeline.php(183): Illuminate/Foundation/Http/Middleware/TrimStrings->handle()
#66 D:/laragon-new/laragon/www/hospital-management/vendor/laravel/framework/src/Illuminate/Foundation/Http/Middleware/ValidatePostSize.php(27): Illuminate/Pipeline/Pipeline->{closure:{closure:Illuminate/Pipeline/Pipeline::carry():158}:159}()
#67 D:/laragon-new/laragon/www/hospital-management/vendor/laravel/framework/src/Illuminate/Pipeline/Pipeline.php(183): Illuminate/Foundation/Http/Middleware/ValidatePostSize->handle()
#68 D:/laragon-new/laragon/www/hospital-management/vendor/laravel/framework/src/Illuminate/Foundation/Http/Middleware/PreventRequestsDuringMaintenance.php(99): Illuminate/Pipeline/Pipeline->{closure:{closure:Illuminate/Pipeline/Pipeline::carry():158}:159}()
#69 D:/laragon-new/laragon/www/hospital-management/vendor/laravel/framework/src/Illuminate/Pipeline/Pipeline.php(183): Illuminate/Foundation/Http/Middleware/PreventRequestsDuringMaintenance->handle()
#70 D:/laragon-new/laragon/www/hospital-management/vendor/laravel/framework/src/Illuminate/Http/Middleware/HandleCors.php(49): Illuminate/Pipeline/Pipeline->{closure:{closure:Illuminate/Pipeline/Pipeline::carry():158}:159}()
#71 D:/laragon-new/laragon/www/hospital-management/vendor/laravel/framework/src/Illuminate/Pipeline/Pipeline.php(183): Illuminate/Http/Middleware/HandleCors->handle()
#72 D:/laragon-new/laragon/www/hospital-management/vendor/laravel/framework/src/Illuminate/Http/Middleware/TrustProxies.php(39): Illuminate/Pipeline/Pipeline->{closure:{closure:Illuminate/Pipeline/Pipeline::carry():158}:159}()
#73 D:/laragon-new/laragon/www/hospital-management/vendor/laravel/framework/src/Illuminate/Pipeline/Pipeline.php(183): Illuminate/Http/Middleware/TrustProxies->handle()
#74 D:/laragon-new/laragon/www/hospital-management/vendor/laravel/framework/src/Illuminate/Pipeline/Pipeline.php(119): Illuminate/Pipeline/Pipeline->{closure:{closure:Illuminate/Pipeline/Pipeline::carry():158}:159}()
#75 D:/laragon-new/laragon/www/hospital-management/vendor/laravel/framework/src/Illuminate/Foundation/Http/Kernel.php(175): Illuminate/Pipeline/Pipeline->then()
#76 D:/laragon-new/laragon/www/hospital-management/vendor/laravel/framework/src/Illuminate/Foundation/Http/Kernel.php(144): Illuminate/Foundation/Http/Kernel->sendRequestThroughRouter()
#77 D:/laragon-new/laragon/www/hospital-management/public/index.php(55): Illuminate/Foundation/Http/Kernel->handle()
#78 D:/laragon-new/laragon/www/hospital-management/vendor/laravel/framework/src/Illuminate/Foundation/resources/server.php(16): require_once('...')
#79 {main}

[previous exception] [object] (ErrorException(code: 0): Array to string conversion at D:/laragon-new/laragon/www/hospital-management/vendor/laravel/framework/src/Illuminate/Database/Connection.php:723)
[stacktrace]
#0 D:/laragon-new/laragon/www/hospital-management/vendor/laravel/framework/src/Illuminate/Foundation/Bootstrap/HandleExceptions.php(255): Illuminate/Foundation/Bootstrap/HandleExceptions->handleError()
#1 [internal function]: Illuminate/Foundation/Bootstrap/HandleExceptions->{closure:Illuminate/Foundation/Bootstrap/HandleExceptions::forwardsTo():254}()
#2 D:/laragon-new/laragon/www/hospital-management/vendor/laravel/framework/src/Illuminate/Database/Connection.php(723): PDOStatement->bindValue()
#3 D:/laragon-new/laragon/www/hospital-management/vendor/laravel/framework/src/Illuminate/Database/MySqlConnection.php(41): Illuminate/Database/Connection->bindValues()
#4 D:/laragon-new/laragon/www/hospital-management/vendor/laravel/framework/src/Illuminate/Database/Connection.php(816): Illuminate/Database/MySqlConnection->{closure:Illuminate/Database/MySqlConnection::insert():34}()
#5 D:/laragon-new/laragon/www/hospital-management/vendor/laravel/framework/src/Illuminate/Database/Connection.php(783): Illuminate/Database/Connection->runQueryCallback()
#6 D:/laragon-new/laragon/www/hospital-management/vendor/laravel/framework/src/Illuminate/Database/MySqlConnection.php(34): Illuminate/Database/Connection->run()
#7 D:/laragon-new/laragon/www/hospital-management/vendor/laravel/framework/src/Illuminate/Database/Query/Processors/MySqlProcessor.php(35): Illuminate/Database/MySqlConnection->insert()
#8 D:/laragon-new/laragon/www/hospital-management/vendor/laravel/framework/src/Illuminate/Database/Query/Builder.php(3549): Illuminate/Database/Query/Processors/MySqlProcessor->processInsertGetId()
#9 D:/laragon-new/laragon/www/hospital-management/vendor/laravel/framework/src/Illuminate/Database/Eloquent/Builder.php(1982): Illuminate/Database/Query/Builder->insertGetId()
#10 D:/laragon-new/laragon/www/hospital-management/vendor/laravel/framework/src/Illuminate/Database/Eloquent/Model.php(1334): Illuminate/Database/Eloquent/Builder->__call()
#11 D:/laragon-new/laragon/www/hospital-management/vendor/laravel/framework/src/Illuminate/Database/Eloquent/Model.php(1299): Illuminate/Database/Eloquent/Model->insertAndSetId()
#12 D:/laragon-new/laragon/www/hospital-management/vendor/laravel/framework/src/Illuminate/Database/Eloquent/Model.php(1138): Illuminate/Database/Eloquent/Model->performInsert()
#13 D:/laragon-new/laragon/www/hospital-management/vendor/laravel/framework/src/Illuminate/Database/Eloquent/Builder.php(1025): Illuminate/Database/Eloquent/Model->save()
#14 D:/laragon-new/laragon/www/hospital-management/vendor/laravel/framework/src/Illuminate/Support/helpers.php(320): Illuminate/Database/Eloquent/Builder->{closure:Illuminate/Database/Eloquent/Builder::create():1024}()
#15 D:/laragon-new/laragon/www/hospital-management/vendor/laravel/framework/src/Illuminate/Database/Eloquent/Builder.php(1024): tap()
#16 D:/laragon-new/laragon/www/hospital-management/vendor/laravel/framework/src/Illuminate/Database/Eloquent/Builder.php(585): Illuminate/Database/Eloquent/Builder->create()
#17 D:/laragon-new/laragon/www/hospital-management/vendor/laravel/framework/src/Illuminate/Database/Eloquent/Builder.php(1728): Illuminate/Database/Eloquent/Builder->{closure:Illuminate/Database/Eloquent/Builder::createOrFirst():585}()
#18 D:/laragon-new/laragon/www/hospital-management/vendor/laravel/framework/src/Illuminate/Database/Eloquent/Builder.php(585): Illuminate/Database/Eloquent/Builder->withSavepointIfNeeded()
#19 D:/laragon-new/laragon/www/hospital-management/vendor/laravel/framework/src/Illuminate/Database/Eloquent/Builder.php(572): Illuminate/Database/Eloquent/Builder->createOrFirst()
#20 D:/laragon-new/laragon/www/hospital-management/vendor/laravel/framework/src/Illuminate/Database/Eloquent/Builder.php(600): Illuminate/Database/Eloquent/Builder->firstOrCreate()
#21 D:/laragon-new/laragon/www/hospital-management/vendor/laravel/framework/src/Illuminate/Support/Traits/ForwardsCalls.php(23): Illuminate/Database/Eloquent/Builder->updateOrCreate()
#22 D:/laragon-new/laragon/www/hospital-management/vendor/laravel/framework/src/Illuminate/Database/Eloquent/Model.php(2335): Illuminate/Database/Eloquent/Model->forwardCallTo()
#23 D:/laragon-new/laragon/www/hospital-management/vendor/laravel/framework/src/Illuminate/Database/Eloquent/Model.php(2347): Illuminate/Database/Eloquent/Model->__call()
#24 D:/laragon-new/laragon/www/hospital-management/app/Models/GlobalSetting.php(22): Illuminate/Database/Eloquent/Model::__callStatic()
#25 D:/laragon-new/laragon/www/hospital-management/app/Models/GlobalSetting.php(29): App/Models/GlobalSetting::set()
#26 D:/laragon-new/laragon/www/hospital-management/app/Http/Controllers/Admin/WebsiteSettings/GlobalAboutSettingController.php(118): App/Models/GlobalSetting::setMany()
#27 D:/laragon-new/laragon/www/hospital-management/vendor/laravel/framework/src/Illuminate/Routing/Controller.php(54): App/Http/Controllers/Admin/WebsiteSettings/GlobalAboutSettingController->update()
#28 D:/laragon-new/laragon/www/hospital-management/vendor/laravel/framework/src/Illuminate/Routing/ControllerDispatcher.php(43): Illuminate/Routing/Controller->callAction()
#29 D:/laragon-new/laragon/www/hospital-management/vendor/laravel/framework/src/Illuminate/Routing/Route.php(259): Illuminate/Routing/ControllerDispatcher->dispatch()
#30 D:/laragon-new/laragon/www/hospital-management/vendor/laravel/framework/src/Illuminate/Routing/Route.php(205): Illuminate/Routing/Route->runController()
#31 D:/laragon-new/laragon/www/hospital-management/vendor/laravel/framework/src/Illuminate/Routing/Router.php(806): Illuminate/Routing/Route->run()
#32 D:/laragon-new/laragon/www/hospital-management/vendor/laravel/framework/src/Illuminate/Pipeline/Pipeline.php(144): Illuminate/Routing/Router->{closure:Illuminate/Routing/Router::runRouteWithinStack():805}()
#33 D:/laragon-new/laragon/www/hospital-management/app/Http/Middleware/CheckModulePermission.php(49): Illuminate/Pipeline/Pipeline->{closure:Illuminate/Pipeline/Pipeline::prepareDestination():142}()
#34 D:/laragon-new/laragon/www/hospital-management/vendor/laravel/framework/src/Illuminate/Pipeline/Pipeline.php(183): App/Http/Middleware/CheckModulePermission->handle()
#35 D:/laragon-new/laragon/www/hospital-management/vendor/laravel/framework/src/Illuminate/Auth/Middleware/EnsureEmailIsVerified.php(41): Illuminate/Pipeline/Pipeline->{closure:{closure:Illuminate/Pipeline/Pipeline::carry():158}:159}()
#36 D:/laragon-new/laragon/www/hospital-management/vendor/laravel/framework/src/Illuminate/Pipeline/Pipeline.php(183): Illuminate/Auth/Middleware/EnsureEmailIsVerified->handle()
#37 D:/laragon-new/laragon/www/hospital-management/vendor/laravel/framework/src/Illuminate/Http/Middleware/AddLinkHeadersForPreloadedAssets.php(20): Illuminate/Pipeline/Pipeline->{closure:{closure:Illuminate/Pipeline/Pipeline::carry():158}:159}()
#38 D:/laragon-new/laragon/www/hospital-management/vendor/laravel/framework/src/Illuminate/Pipeline/Pipeline.php(183): Illuminate/Http/Middleware/AddLinkHeadersForPreloadedAssets->handle()
#39 D:/laragon-new/laragon/www/hospital-management/vendor/inertiajs/inertia-laravel/src/Middleware.php(87): Illuminate/Pipeline/Pipeline->{closure:{closure:Illuminate/Pipeline/Pipeline::carry():158}:159}()
#40 D:/laragon-new/laragon/www/hospital-management/vendor/laravel/framework/src/Illuminate/Pipeline/Pipeline.php(183): Inertia/Middleware->handle()
#41 D:/laragon-new/laragon/www/hospital-management/app/Http/Middleware/SetLocale.php(35): Illuminate/Pipeline/Pipeline->{closure:{closure:Illuminate/Pipeline/Pipeline::carry():158}:159}()
#42 D:/laragon-new/laragon/www/hospital-management/vendor/laravel/framework/src/Illuminate/Pipeline/Pipeline.php(183): App/Http/Middleware/SetLocale->handle()
#43 D:/laragon-new/laragon/www/hospital-management/vendor/laravel/framework/src/Illuminate/Routing/Middleware/SubstituteBindings.php(50): Illuminate/Pipeline/Pipeline->{closure:{closure:Illuminate/Pipeline/Pipeline::carry():158}:159}()
#44 D:/laragon-new/laragon/www/hospital-management/vendor/laravel/framework/src/Illuminate/Pipeline/Pipeline.php(183): Illuminate/Routing/Middleware/SubstituteBindings->handle()
#45 D:/laragon-new/laragon/www/hospital-management/vendor/laravel/framework/src/Illuminate/Auth/Middleware/Authenticate.php(57): Illuminate/Pipeline/Pipeline->{closure:{closure:Illuminate/Pipeline/Pipeline::carry():158}:159}()
#46 D:/laragon-new/laragon/www/hospital-management/vendor/laravel/framework/src/Illuminate/Pipeline/Pipeline.php(183): Illuminate/Auth/Middleware/Authenticate->handle()
#47 D:/laragon-new/laragon/www/hospital-management/vendor/laravel/framework/src/Illuminate/Foundation/Http/Middleware/VerifyCsrfToken.php(78): Illuminate/Pipeline/Pipeline->{closure:{closure:Illuminate/Pipeline/Pipeline::carry():158}:159}()
#48 D:/laragon-new/laragon/www/hospital-management/vendor/laravel/framework/src/Illuminate/Pipeline/Pipeline.php(183): Illuminate/Foundation/Http/Middleware/VerifyCsrfToken->handle()
#49 D:/laragon-new/laragon/www/hospital-management/vendor/laravel/framework/src/Illuminate/View/Middleware/ShareErrorsFromSession.php(49): Illuminate/Pipeline/Pipeline->{closure:{closure:Illuminate/Pipeline/Pipeline::carry():158}:159}()
#50 D:/laragon-new/laragon/www/hospital-management/vendor/laravel/framework/src/Illuminate/Pipeline/Pipeline.php(183): Illuminate/View/Middleware/ShareErrorsFromSession->handle()
#51 D:/laragon-new/laragon/www/hospital-management/vendor/laravel/framework/src/Illuminate/Session/Middleware/StartSession.php(121): Illuminate/Pipeline/Pipeline->{closure:{closure:Illuminate/Pipeline/Pipeline::carry():158}:159}()
#52 D:/laragon-new/laragon/www/hospital-management/vendor/laravel/framework/src/Illuminate/Session/Middleware/StartSession.php(64): Illuminate/Session/Middleware/StartSession->handleStatefulRequest()
#53 D:/laragon-new/laragon/www/hospital-management/vendor/laravel/framework/src/Illuminate/Pipeline/Pipeline.php(183): Illuminate/Session/Middleware/StartSession->handle()
#54 D:/laragon-new/laragon/www/hospital-management/vendor/laravel/framework/src/Illuminate/Cookie/Middleware/AddQueuedCookiesToResponse.php(37): Illuminate/Pipeline/Pipeline->{closure:{closure:Illuminate/Pipeline/Pipeline::carry():158}:159}()
#55 D:/laragon-new/laragon/www/hospital-management/vendor/laravel/framework/src/Illuminate/Pipeline/Pipeline.php(183): Illuminate/Cookie/Middleware/AddQueuedCookiesToResponse->handle()
#56 D:/laragon-new/laragon/www/hospital-management/vendor/laravel/framework/src/Illuminate/Cookie/Middleware/EncryptCookies.php(67): Illuminate/Pipeline/Pipeline->{closure:{closure:Illuminate/Pipeline/Pipeline::carry():158}:159}()
#57 D:/laragon-new/laragon/www/hospital-management/vendor/laravel/framework/src/Illuminate/Pipeline/Pipeline.php(183): Illuminate/Cookie/Middleware/EncryptCookies->handle()
#58 D:/laragon-new/laragon/www/hospital-management/vendor/laravel/framework/src/Illuminate/Pipeline/Pipeline.php(119): Illuminate/Pipeline/Pipeline->{closure:{closure:Illuminate/Pipeline/Pipeline::carry():158}:159}()
#59 D:/laragon-new/laragon/www/hospital-management/vendor/laravel/framework/src/Illuminate/Routing/Router.php(805): Illuminate/Pipeline/Pipeline->then()
#60 D:/laragon-new/laragon/www/hospital-management/vendor/laravel/framework/src/Illuminate/Routing/Router.php(784): Illuminate/Routing/Router->runRouteWithinStack()
#61 D:/laragon-new/laragon/www/hospital-management/vendor/laravel/framework/src/Illuminate/Routing/Router.php(748): Illuminate/Routing/Router->runRoute()
#62 D:/laragon-new/laragon/www/hospital-management/vendor/laravel/framework/src/Illuminate/Routing/Router.php(737): Illuminate/Routing/Router->dispatchToRoute()
#63 D:/laragon-new/laragon/www/hospital-management/vendor/laravel/framework/src/Illuminate/Foundation/Http/Kernel.php(200): Illuminate/Routing/Router->dispatch()
#64 D:/laragon-new/laragon/www/hospital-management/vendor/laravel/framework/src/Illuminate/Pipeline/Pipeline.php(144): Illuminate/Foundation/Http/Kernel->{closure:Illuminate/Foundation/Http/Kernel::dispatchToRouter():197}()
#65 D:/laragon-new/laragon/www/hospital-management/vendor/laravel/framework/src/Illuminate/Foundation/Http/Middleware/TransformsRequest.php(21): Illuminate/Pipeline/Pipeline->{closure:Illuminate/Pipeline/Pipeline::prepareDestination():142}()
#66 D:/laragon-new/laragon/www/hospital-management/vendor/laravel/framework/src/Illuminate/Foundation/Http/Middleware/ConvertEmptyStringsToNull.php(31): Illuminate/Foundation/Http/Middleware/TransformsRequest->handle()
#67 D:/laragon-new/laragon/www/hospital-management/vendor/laravel/framework/src/Illuminate/Pipeline/Pipeline.php(183): Illuminate/Foundation/Http/Middleware/ConvertEmptyStringsToNull->handle()
#68 D:/laragon-new/laragon/www/hospital-management/vendor/laravel/framework/src/Illuminate/Foundation/Http/Middleware/TransformsRequest.php(21): Illuminate/Pipeline/Pipeline->{closure:{closure:Illuminate/Pipeline/Pipeline::carry():158}:159}()
#69 D:/laragon-new/laragon/www/hospital-management/vendor/laravel/framework/src/Illuminate/Foundation/Http/Middleware/TrimStrings.php(40): Illuminate/Foundation/Http/Middleware/TransformsRequest->handle()
#70 D:/laragon-new/laragon/www/hospital-management/vendor/laravel/framework/src/Illuminate/Pipeline/Pipeline.php(183): Illuminate/Foundation/Http/Middleware/TrimStrings->handle()
#71 D:/laragon-new/laragon/www/hospital-management/vendor/laravel/framework/src/Illuminate/Foundation/Http/Middleware/ValidatePostSize.php(27): Illuminate/Pipeline/Pipeline->{closure:{closure:Illuminate/Pipeline/Pipeline::carry():158}:159}()
#72 D:/laragon-new/laragon/www/hospital-management/vendor/laravel/framework/src/Illuminate/Pipeline/Pipeline.php(183): Illuminate/Foundation/Http/Middleware/ValidatePostSize->handle()
#73 D:/laragon-new/laragon/www/hospital-management/vendor/laravel/framework/src/Illuminate/Foundation/Http/Middleware/PreventRequestsDuringMaintenance.php(99): Illuminate/Pipeline/Pipeline->{closure:{closure:Illuminate/Pipeline/Pipeline::carry():158}:159}()
#74 D:/laragon-new/laragon/www/hospital-management/vendor/laravel/framework/src/Illuminate/Pipeline/Pipeline.php(183): Illuminate/Foundation/Http/Middleware/PreventRequestsDuringMaintenance->handle()
#75 D:/laragon-new/laragon/www/hospital-management/vendor/laravel/framework/src/Illuminate/Http/Middleware/HandleCors.php(49): Illuminate/Pipeline/Pipeline->{closure:{closure:Illuminate/Pipeline/Pipeline::carry():158}:159}()
#76 D:/laragon-new/laragon/www/hospital-management/vendor/laravel/framework/src/Illuminate/Pipeline/Pipeline.php(183): Illuminate/Http/Middleware/HandleCors->handle()
#77 D:/laragon-new/laragon/www/hospital-management/vendor/laravel/framework/src/Illuminate/Http/Middleware/TrustProxies.php(39): Illuminate/Pipeline/Pipeline->{closure:{closure:Illuminate/Pipeline/Pipeline::carry():158}:159}()
#78 D:/laragon-new/laragon/www/hospital-management/vendor/laravel/framework/src/Illuminate/Pipeline/Pipeline.php(183): Illuminate/Http/Middleware/TrustProxies->handle()
#79 D:/laragon-new/laragon/www/hospital-management/vendor/laravel/framework/src/Illuminate/Pipeline/Pipeline.php(119): Illuminate/Pipeline/Pipeline->{closure:{closure:Illuminate/Pipeline/Pipeline::carry():158}:159}()
#80 D:/laragon-new/laragon/www/hospital-management/vendor/laravel/framework/src/Illuminate/Foundation/Http/Kernel.php(175): Illuminate/Pipeline/Pipeline->then()
#81 D:/laragon-new/laragon/www/hospital-management/vendor/laravel/framework/src/Illuminate/Foundation/Http/Kernel.php(144): Illuminate/Foundation/Http/Kernel->sendRequestThroughRouter()
#82 D:/laragon-new/laragon/www/hospital-management/public/index.php(55): Illuminate/Foundation/Http/Kernel->handle()
#83 D:/laragon-new/laragon/www/hospital-management/vendor/laravel/framework/src/Illuminate/Foundation/resources/server.php(16): require_once('...')
#84 {main}
"} 
[2026-08-19 17:39:07] local.ERROR: SQLSTATE[42S21]: Column already exists: 1060 Duplicate column name 'image' (Connection: mysql, SQL: alter table `doctor_specializations` add `image` varchar(255) null, add `heading` json null, add `content` json null, add `seo_title` json null, add `seo_description` json null) {"exception":"[object] (Illuminate\\Database\\QueryException(code: 42S21): SQLSTATE[42S21]: Column already exists: 1060 Duplicate column name 'image' (Connection: mysql, SQL: alter table `doctor_specializations` add `image` varchar(255) null, add `heading` json null, add `content` json null, add `seo_title` json null, add `seo_description` json null) at D:/laragon-new/laragon/www/hospital-management/vendor/laravel/framework/src/Illuminate/Database/Connection.php:829)
[stacktrace]
#0 D:/laragon-new/laragon/www/hospital-management/vendor/laravel/framework/src/Illuminate/Database/Connection.php(783): Illuminate/Database/Connection->runQueryCallback()
#1 D:/laragon-new/laragon/www/hospital-management/vendor/laravel/framework/src/Illuminate/Database/Connection.php(576): Illuminate/Database/Connection->run()
#2 D:/laragon-new/laragon/www/hospital-management/vendor/laravel/framework/src/Illuminate/Database/Schema/Blueprint.php(110): Illuminate/Database/Connection->statement()
#3 D:/laragon-new/laragon/www/hospital-management/vendor/laravel/framework/src/Illuminate/Database/Schema/Builder.php(602): Illuminate/Database/Schema/Blueprint->build()
#4 D:/laragon-new/laragon/www/hospital-management/vendor/laravel/framework/src/Illuminate/Database/Schema/Builder.php(444): Illuminate/Database/Schema/Builder->build()
#5 D:/laragon-new/laragon/www/hospital-management/vendor/laravel/framework/src/Illuminate/Support/Facades/Facade.php(355): Illuminate/Database/Schema/Builder->table()
#6 D:/laragon-new/laragon/www/hospital-management/database/migrations/2026_08_19_173845_add_details_to_doctor_specializations_table.php(14): Illuminate/Support/Facades/Facade::__callStatic()
#7 D:/laragon-new/laragon/www/hospital-management/vendor/laravel/framework/src/Illuminate/Database/Migrations/Migrator.php(501): Illuminate/Database/Migrations/Migration@anonymous->up()
#8 D:/laragon-new/laragon/www/hospital-management/vendor/laravel/framework/src/Illuminate/Database/Migrations/Migrator.php(418): Illuminate/Database/Migrations/Migrator->runMethod()
#9 D:/laragon-new/laragon/www/hospital-management/vendor/laravel/framework/src/Illuminate/Database/Migrations/Migrator.php(427): Illuminate/Database/Migrations/Migrator->{closure:Illuminate/Database/Migrations/Migrator::runMigration():414}()
#10 D:/laragon-new/laragon/www/hospital-management/vendor/laravel/framework/src/Illuminate/Database/Migrations/Migrator.php(224): Illuminate/Database/Migrations/Migrator->runMigration()
#11 D:/laragon-new/laragon/www/hospital-management/vendor/laravel/framework/src/Illuminate/Console/View/Components/Task.php(37): Illuminate/Database/Migrations/Migrator->{closure:Illuminate/Database/Migrations/Migrator::runUp():224}()
#12 D:/laragon-new/laragon/www/hospital-management/vendor/laravel/framework/src/Illuminate/Database/Migrations/Migrator.php(783): Illuminate/Console/View/Components/Task->render()
#13 D:/laragon-new/laragon/www/hospital-management/vendor/laravel/framework/src/Illuminate/Database/Migrations/Migrator.php(224): Illuminate/Database/Migrations/Migrator->write()
#14 D:/laragon-new/laragon/www/hospital-management/vendor/laravel/framework/src/Illuminate/Database/Migrations/Migrator.php(189): Illuminate/Database/Migrations/Migrator->runUp()
#15 D:/laragon-new/laragon/www/hospital-management/vendor/laravel/framework/src/Illuminate/Database/Migrations/Migrator.php(132): Illuminate/Database/Migrations/Migrator->runPending()
#16 D:/laragon-new/laragon/www/hospital-management/vendor/laravel/framework/src/Illuminate/Database/Console/Migrations/MigrateCommand.php(90): Illuminate/Database/Migrations/Migrator->run()
#17 D:/laragon-new/laragon/www/hospital-management/vendor/laravel/framework/src/Illuminate/Database/Migrations/Migrator.php(641): Illuminate/Database/Console/Migrations/MigrateCommand->{closure:Illuminate/Database/Console/Migrations/MigrateCommand::handle():83}()
#18 D:/laragon-new/laragon/www/hospital-management/vendor/laravel/framework/src/Illuminate/Database/Console/Migrations/MigrateCommand.php(83): Illuminate/Database/Migrations/Migrator->usingConnection()
#19 D:/laragon-new/laragon/www/hospital-management/vendor/laravel/framework/src/Illuminate/Container/BoundMethod.php(36): Illuminate/Database/Console/Migrations/MigrateCommand->handle()
#20 D:/laragon-new/laragon/www/hospital-management/vendor/laravel/framework/src/Illuminate/Container/Util.php(41): Illuminate/Container/BoundMethod::{closure:Illuminate/Container/BoundMethod::call():35}()
#21 D:/laragon-new/laragon/www/hospital-management/vendor/laravel/framework/src/Illuminate/Container/BoundMethod.php(93): Illuminate/Container/Util::unwrapIfClosure()
#22 D:/laragon-new/laragon/www/hospital-management/vendor/laravel/framework/src/Illuminate/Container/BoundMethod.php(35): Illuminate/Container/BoundMethod::callBoundMethod()
#23 D:/laragon-new/laragon/www/hospital-management/vendor/laravel/framework/src/Illuminate/Container/Container.php(662): Illuminate/Container/BoundMethod::call()
#24 D:/laragon-new/laragon/www/hospital-management/vendor/laravel/framework/src/Illuminate/Console/Command.php(211): Illuminate/Container/Container->call()
#25 D:/laragon-new/laragon/www/hospital-management/vendor/symfony/console/Command/Command.php(326): Illuminate/Console/Command->execute()
#26 D:/laragon-new/laragon/www/hospital-management/vendor/laravel/framework/src/Illuminate/Console/Command.php(180): Symfony/Component/Console/Command/Command->run()
#27 D:/laragon-new/laragon/www/hospital-management/vendor/symfony/console/Application.php(1121): Illuminate/Console/Command->run()
#28 D:/laragon-new/laragon/www/hospital-management/vendor/symfony/console/Application.php(324): Symfony/Component/Console/Application->doRunCommand()
#29 D:/laragon-new/laragon/www/hospital-management/vendor/symfony/console/Application.php(175): Symfony/Component/Console/Application->doRun()
#30 D:/laragon-new/laragon/www/hospital-management/vendor/laravel/framework/src/Illuminate/Foundation/Console/Kernel.php(201): Symfony/Component/Console/Application->run()
#31 D:/laragon-new/laragon/www/hospital-management/artisan(35): Illuminate/Foundation/Console/Kernel->handle()
#32 {main}

[previous exception] [object] (PDOException(code: 42S21): SQLSTATE[42S21]: Column already exists: 1060 Duplicate column name 'image' at D:/laragon-new/laragon/www/hospital-management/vendor/laravel/framework/src/Illuminate/Database/Connection.php:587)
[stacktrace]
#0 D:/laragon-new/laragon/www/hospital-management/vendor/laravel/framework/src/Illuminate/Database/Connection.php(587): PDOStatement->execute()
#1 D:/laragon-new/laragon/www/hospital-management/vendor/laravel/framework/src/Illuminate/Database/Connection.php(816): Illuminate/Database/Connection->{closure:Illuminate/Database/Connection::statement():576}()
#2 D:/laragon-new/laragon/www/hospital-management/vendor/laravel/framework/src/Illuminate/Database/Connection.php(783): Illuminate/Database/Connection->runQueryCallback()
#3 D:/laragon-new/laragon/www/hospital-management/vendor/laravel/framework/src/Illuminate/Database/Connection.php(576): Illuminate/Database/Connection->run()
#4 D:/laragon-new/laragon/www/hospital-management/vendor/laravel/framework/src/Illuminate/Database/Schema/Blueprint.php(110): Illuminate/Database/Connection->statement()
#5 D:/laragon-new/laragon/www/hospital-management/vendor/laravel/framework/src/Illuminate/Database/Schema/Builder.php(602): Illuminate/Database/Schema/Blueprint->build()
#6 D:/laragon-new/laragon/www/hospital-management/vendor/laravel/framework/src/Illuminate/Database/Schema/Builder.php(444): Illuminate/Database/Schema/Builder->build()
#7 D:/laragon-new/laragon/www/hospital-management/vendor/laravel/framework/src/Illuminate/Support/Facades/Facade.php(355): Illuminate/Database/Schema/Builder->table()
#8 D:/laragon-new/laragon/www/hospital-management/database/migrations/2026_08_19_173845_add_details_to_doctor_specializations_table.php(14): Illuminate/Support/Facades/Facade::__callStatic()
#9 D:/laragon-new/laragon/www/hospital-management/vendor/laravel/framework/src/Illuminate/Database/Migrations/Migrator.php(501): Illuminate/Database/Migrations/Migration@anonymous->up()
#10 D:/laragon-new/laragon/www/hospital-management/vendor/laravel/framework/src/Illuminate/Database/Migrations/Migrator.php(418): Illuminate/Database/Migrations/Migrator->runMethod()
#11 D:/laragon-new/laragon/www/hospital-management/vendor/laravel/framework/src/Illuminate/Database/Migrations/Migrator.php(427): Illuminate/Database/Migrations/Migrator->{closure:Illuminate/Database/Migrations/Migrator::runMigration():414}()
#12 D:/laragon-new/laragon/www/hospital-management/vendor/laravel/framework/src/Illuminate/Database/Migrations/Migrator.php(224): Illuminate/Database/Migrations/Migrator->runMigration()
#13 D:/laragon-new/laragon/www/hospital-management/vendor/laravel/framework/src/Illuminate/Console/View/Components/Task.php(37): Illuminate/Database/Migrations/Migrator->{closure:Illuminate/Database/Migrations/Migrator::runUp():224}()
#14 D:/laragon-new/laragon/www/hospital-management/vendor/laravel/framework/src/Illuminate/Database/Migrations/Migrator.php(783): Illuminate/Console/View/Components/Task->render()
#15 D:/laragon-new/laragon/www/hospital-management/vendor/laravel/framework/src/Illuminate/Database/Migrations/Migrator.php(224): Illuminate/Database/Migrations/Migrator->write()
#16 D:/laragon-new/laragon/www/hospital-management/vendor/laravel/framework/src/Illuminate/Database/Migrations/Migrator.php(189): Illuminate/Database/Migrations/Migrator->runUp()
#17 D:/laragon-new/laragon/www/hospital-management/vendor/laravel/framework/src/Illuminate/Database/Migrations/Migrator.php(132): Illuminate/Database/Migrations/Migrator->runPending()
#18 D:/laragon-new/laragon/www/hospital-management/vendor/laravel/framework/src/Illuminate/Database/Console/Migrations/MigrateCommand.php(90): Illuminate/Database/Migrations/Migrator->run()
#19 D:/laragon-new/laragon/www/hospital-management/vendor/laravel/framework/src/Illuminate/Database/Migrations/Migrator.php(641): Illuminate/Database/Console/Migrations/MigrateCommand->{closure:Illuminate/Database/Console/Migrations/MigrateCommand::handle():83}()
#20 D:/laragon-new/laragon/www/hospital-management/vendor/laravel/framework/src/Illuminate/Database/Console/Migrations/MigrateCommand.php(83): Illuminate/Database/Migrations/Migrator->usingConnection()
#21 D:/laragon-new/laragon/www/hospital-management/vendor/laravel/framework/src/Illuminate/Container/BoundMethod.php(36): Illuminate/Database/Console/Migrations/MigrateCommand->handle()
#22 D:/laragon-new/laragon/www/hospital-management/vendor/laravel/framework/src/Illuminate/Container/Util.php(41): Illuminate/Container/BoundMethod::{closure:Illuminate/Container/BoundMethod::call():35}()
#23 D:/laragon-new/laragon/www/hospital-management/vendor/laravel/framework/src/Illuminate/Container/BoundMethod.php(93): Illuminate/Container/Util::unwrapIfClosure()
#24 D:/laragon-new/laragon/www/hospital-management/vendor/laravel/framework/src/Illuminate/Container/BoundMethod.php(35): Illuminate/Container/BoundMethod::callBoundMethod()
#25 D:/laragon-new/laragon/www/hospital-management/vendor/laravel/framework/src/Illuminate/Container/Container.php(662): Illuminate/Container/BoundMethod::call()
#26 D:/laragon-new/laragon/www/hospital-management/vendor/laravel/framework/src/Illuminate/Console/Command.php(211): Illuminate/Container/Container->call()
#27 D:/laragon-new/laragon/www/hospital-management/vendor/symfony/console/Command/Command.php(326): Illuminate/Console/Command->execute()
#28 D:/laragon-new/laragon/www/hospital-management/vendor/laravel/framework/src/Illuminate/Console/Command.php(180): Symfony/Component/Console/Command/Command->run()
#29 D:/laragon-new/laragon/www/hospital-management/vendor/symfony/console/Application.php(1121): Illuminate/Console/Command->run()
#30 D:/laragon-new/laragon/www/hospital-management/vendor/symfony/console/Application.php(324): Symfony/Component/Console/Application->doRunCommand()
#31 D:/laragon-new/laragon/www/hospital-management/vendor/symfony/console/Application.php(175): Symfony/Component/Console/Application->doRun()
#32 D:/laragon-new/laragon/www/hospital-management/vendor/laravel/framework/src/Illuminate/Foundation/Console/Kernel.php(201): Symfony/Component/Console/Application->run()
#33 D:/laragon-new/laragon/www/hospital-management/artisan(35): Illuminate/Foundation/Console/Kernel->handle()
#34 {main}
"} 
